URL,STATUS_CODE,ROBOTS_TXT_ALLOWED,META_ROBOTS,CANONICAL_URL,CANONICAL_SELF,IN_SITEMAP,INDEXABILITY_STATUS,REASON,ACTION_REQUIRED
"https://freeaccuratecalculator.com/404.html/",200,true,"noindex,nofollow","https://freeaccuratecalculator.com/404/",false,true,"Excluded (Noindex)","Explicit meta noindex","None (Expected for error pages)"
"https://freeaccuratecalculator.com/about/",200,true,"index,follow","https://freeaccuratecalculator.com/about/",true,true,"Indexable","Clean canonical, allowed in robots, valid status","Maintain and monitor"
"https://freeaccuratecalculator.com/ar/",200,true,"index,follow","https://freeaccuratecalculator.com/ar/",true,true,"Indexable","Clean canonical, allowed in robots, valid status","Maintain and monitor"
"https://freeaccuratecalculator.com/automotive/car-depreciation-calculator/",200,true,"index,follow","https://freeaccuratecalculator.com/automotive/car-depreciation-calculator/",true,true,"Indexable","Clean canonical, allowed in robots, valid status","Maintain and monitor"
"https://freeaccuratecalculator.com/automotive/fuel-cost-calculator/",200,true,"index,follow","https://freeaccuratecalculator.com/automotive/fuel-cost-calculator/",true,true,"Indexable","Clean canonical, allowed in robots, valid status","Maintain and monitor"
"https://freeaccuratecalculator.com/automotive/",200,true,"index,follow","https://freeaccuratecalculator.com/automotive/",true,true,"Indexable","Clean canonical, allowed in robots, valid status","Maintain and monitor"
"https://freeaccuratecalculator.com/automotive/mpg-calculator/",200,true,"index,follow","https://freeaccuratecalculator.com/automotive/mpg-calculator/",true,true,"Indexable","Clean canonical, allowed in robots, valid status","Maintain and monitor"
"https://freeaccuratecalculator.com/biology/bacterial-growth-calculator/",200,true,"index,follow","https://freeaccuratecalculator.com/biology/bacterial-growth-calculator/",true,true,"Indexable","Clean canonical, allowed in robots, valid status","Maintain and monitor"
"https://freeaccuratecalculator.com/biology/hardy-weinberg-calculator/",200,true,"index,follow","https://freeaccuratecalculator.com/biology/hardy-weinberg-calculator/",true,true,"Indexable","Clean canonical, allowed in robots, valid status","Maintain and monitor"
"https://freeaccuratecalculator.com/biology/",200,true,"index,follow","https://freeaccuratecalculator.com/biology/",true,true,"Indexable","Clean canonical, allowed in robots, valid status","Maintain and monitor"
"https://freeaccuratecalculator.com/biology/molecular-weight-calculator/",200,true,"index,follow","https://freeaccuratecalculator.com/biology/molecular-weight-calculator/",true,true,"Indexable","Clean canonical, allowed in robots, valid status","Maintain and monitor"
"https://freeaccuratecalculator.com/biology/punnett-square-calculator/",200,true,"index,follow","https://freeaccuratecalculator.com/biology/punnett-square-calculator/",true,true,"Indexable","Clean canonical, allowed in robots, valid status","Maintain and monitor"
"https://freeaccuratecalculator.com/business/break-even-calculator/",200,true,"index,follow","https://freeaccuratecalculator.com/business/break-even-calculator/",true,true,"Indexable","Clean canonical, allowed in robots, valid status","Maintain and monitor"
"https://freeaccuratecalculator.com/business/business-valuation-calculator/",200,true,"index,follow","https://freeaccuratecalculator.com/business/business-valuation-calculator/",true,true,"Indexable","Clean canonical, allowed in robots, valid status","Maintain and monitor"
"https://freeaccuratecalculator.com/business/freelance/contractor-hourly-rate-uk-to-net-4000-per-month-outside-ir35/",200,true,"index,follow","https://freeaccuratecalculator.com/business/freelance/contractor-hourly-rate-uk-to-net-4000-per-month-outside-ir35/",true,true,"Indexable","Clean canonical, allowed in robots, valid status","Maintain and monitor"
"https://freeaccuratecalculator.com/business/freelance/fiverr-freelance-gig-pricing-for-3000-monthly-take-home/",200,true,"index,follow","https://freeaccuratecalculator.com/business/freelance/fiverr-freelance-gig-pricing-for-3000-monthly-take-home/",true,true,"Indexable","Clean canonical, allowed in robots, valid status","Maintain and monitor"
"https://freeaccuratecalculator.com/business/freelance/freelance-hourly-rate-to-make-100k-a-year/",200,true,"index,follow","https://freeaccuratecalculator.com/business/freelance/freelance-hourly-rate-to-make-100k-a-year/",true,true,"Indexable","Clean canonical, allowed in robots, valid status","Maintain and monitor"
"https://freeaccuratecalculator.com/business/freelance/freelance-web-developer-hourly-rate-india-to-net-1-lakh-per-month/",200,true,"index,follow","https://freeaccuratecalculator.com/business/freelance/freelance-web-developer-hourly-rate-india-to-net-1-lakh-per-month/",true,true,"Indexable","Clean canonical, allowed in robots, valid status","Maintain and monitor"
"https://freeaccuratecalculator.com/business/freelance/upwork-freelancer-hourly-rate-to-make-5000-a-month/",200,true,"index,follow","https://freeaccuratecalculator.com/business/freelance/upwork-freelancer-hourly-rate-to-make-5000-a-month/",true,true,"Indexable","Clean canonical, allowed in robots, valid status","Maintain and monitor"
"https://freeaccuratecalculator.com/business/",200,true,"index,follow","https://freeaccuratecalculator.com/business/",true,true,"Indexable","Clean canonical, allowed in robots, valid status","Maintain and monitor"
"https://freeaccuratecalculator.com/business/roi-calculator/",200,true,"index,follow","https://freeaccuratecalculator.com/business/roi-calculator/",true,true,"Indexable","Clean canonical, allowed in robots, valid status","Maintain and monitor"
"https://freeaccuratecalculator.com/chemistry/",200,true,"index,follow","https://freeaccuratecalculator.com/chemistry/",true,true,"Indexable","Clean canonical, allowed in robots, valid status","Maintain and monitor"
"https://freeaccuratecalculator.com/chemistry/molar-mass-calculator/",200,true,"index,follow","https://freeaccuratecalculator.com/chemistry/molar-mass-calculator/",true,true,"Indexable","Clean canonical, allowed in robots, valid status","Maintain and monitor"
"https://freeaccuratecalculator.com/chemistry/ph-calculator/",200,true,"index,follow","https://freeaccuratecalculator.com/chemistry/ph-calculator/",true,true,"Indexable","Clean canonical, allowed in robots, valid status","Maintain and monitor"
"https://freeaccuratecalculator.com/chemistry/solution-dilution-calculator/",200,true,"index,follow","https://freeaccuratecalculator.com/chemistry/solution-dilution-calculator/",true,true,"Indexable","Clean canonical, allowed in robots, valid status","Maintain and monitor"
"https://freeaccuratecalculator.com/chemistry/stoichiometry-calculator/",200,true,"index,follow","https://freeaccuratecalculator.com/chemistry/stoichiometry-calculator/",true,true,"Indexable","Clean canonical, allowed in robots, valid status","Maintain and monitor"
"https://freeaccuratecalculator.com/construction/brick-calculator/",200,true,"index,follow","https://freeaccuratecalculator.com/construction/brick-calculator/",true,true,"Indexable","Clean canonical, allowed in robots, valid status","Maintain and monitor"
"https://freeaccuratecalculator.com/construction/concrete-calculator/",200,true,"index,follow","https://freeaccuratecalculator.com/construction/concrete-calculator/",true,true,"Indexable","Clean canonical, allowed in robots, valid status","Maintain and monitor"
"https://freeaccuratecalculator.com/construction/",200,true,"index,follow","https://freeaccuratecalculator.com/construction/",true,true,"Indexable","Clean canonical, allowed in robots, valid status","Maintain and monitor"
"https://freeaccuratecalculator.com/construction/paint-calculator/",200,true,"index,follow","https://freeaccuratecalculator.com/construction/paint-calculator/",true,true,"Indexable","Clean canonical, allowed in robots, valid status","Maintain and monitor"
"https://freeaccuratecalculator.com/construction/square-footage-calculator/",200,true,"index,follow","https://freeaccuratecalculator.com/construction/square-footage-calculator/",true,true,"Indexable","Clean canonical, allowed in robots, valid status","Maintain and monitor"
"https://freeaccuratecalculator.com/contact/",200,true,"index,follow","https://freeaccuratecalculator.com/contact/",true,true,"Indexable","Clean canonical, allowed in robots, valid status","Maintain and monitor"
"https://freeaccuratecalculator.com/converter/conversion-calculator/",200,true,"index,follow","https://freeaccuratecalculator.com/converter/conversion-calculator/",true,true,"Indexable","Clean canonical, allowed in robots, valid status","Maintain and monitor"
"https://freeaccuratecalculator.com/converter/",200,true,"index,follow","https://freeaccuratecalculator.com/converter/",true,true,"Indexable","Clean canonical, allowed in robots, valid status","Maintain and monitor"
"https://freeaccuratecalculator.com/converter/length-converter/",200,true,"index,follow","https://freeaccuratecalculator.com/converter/length-converter/",true,true,"Indexable","Clean canonical, allowed in robots, valid status","Maintain and monitor"
"https://freeaccuratecalculator.com/converter/temperature-converter/",200,true,"index,follow","https://freeaccuratecalculator.com/converter/temperature-converter/",true,true,"Indexable","Clean canonical, allowed in robots, valid status","Maintain and monitor"
"https://freeaccuratecalculator.com/converter/weight-converter/",200,true,"index,follow","https://freeaccuratecalculator.com/converter/weight-converter/",true,true,"Indexable","Clean canonical, allowed in robots, valid status","Maintain and monitor"
"https://freeaccuratecalculator.com/countries/australia/automotive/",200,true,"index,follow","https://freeaccuratecalculator.com/countries/australia/automotive/",true,true,"Indexable","Clean canonical, allowed in robots, valid status","Maintain and monitor"
"https://freeaccuratecalculator.com/countries/australia/biology/",200,true,"index,follow","https://freeaccuratecalculator.com/countries/australia/biology/",true,true,"Indexable","Clean canonical, allowed in robots, valid status","Maintain and monitor"
"https://freeaccuratecalculator.com/countries/australia/business/",200,true,"index,follow","https://freeaccuratecalculator.com/countries/australia/business/",true,true,"Indexable","Clean canonical, allowed in robots, valid status","Maintain and monitor"
"https://freeaccuratecalculator.com/countries/australia/chemistry/",200,true,"index,follow","https://freeaccuratecalculator.com/countries/australia/chemistry/",true,true,"Indexable","Clean canonical, allowed in robots, valid status","Maintain and monitor"
"https://freeaccuratecalculator.com/countries/australia/compound-interest-calculator/",200,true,"index,follow","https://freeaccuratecalculator.com/countries/australia/compound-interest-calculator/",true,true,"Indexable","Clean canonical, allowed in robots, valid status","Maintain and monitor"
"https://freeaccuratecalculator.com/countries/australia/construction/",200,true,"index,follow","https://freeaccuratecalculator.com/countries/australia/construction/",true,true,"Indexable","Clean canonical, allowed in robots, valid status","Maintain and monitor"
"https://freeaccuratecalculator.com/countries/australia/converter/",200,true,"index,follow","https://freeaccuratecalculator.com/countries/australia/converter/",true,true,"Indexable","Clean canonical, allowed in robots, valid status","Maintain and monitor"
"https://freeaccuratecalculator.com/countries/australia/ecology/",200,true,"index,follow","https://freeaccuratecalculator.com/countries/australia/ecology/",true,true,"Indexable","Clean canonical, allowed in robots, valid status","Maintain and monitor"
"https://freeaccuratecalculator.com/countries/australia/emi-calculator/",200,true,"index,follow","https://freeaccuratecalculator.com/countries/australia/emi-calculator/",true,true,"Indexable","Clean canonical, allowed in robots, valid status","Maintain and monitor"
"https://freeaccuratecalculator.com/countries/australia/everyday/",200,true,"index,follow","https://freeaccuratecalculator.com/countries/australia/everyday/",true,true,"Indexable","Clean canonical, allowed in robots, valid status","Maintain and monitor"
"https://freeaccuratecalculator.com/countries/australia/finance/compound-interest-calculator/",200,true,"index,follow","https://freeaccuratecalculator.com/countries/australia/finance/compound-interest-calculator/",true,true,"Indexable","Clean canonical, allowed in robots, valid status","Maintain and monitor"
"https://freeaccuratecalculator.com/countries/australia/finance/emi-calculator/",200,true,"index,follow","https://freeaccuratecalculator.com/countries/australia/finance/emi-calculator/",true,true,"Indexable","Clean canonical, allowed in robots, valid status","Maintain and monitor"
"https://freeaccuratecalculator.com/countries/australia/finance/income-tax-calculator/",200,true,"index,follow","https://freeaccuratecalculator.com/countries/australia/finance/income-tax-calculator/",true,true,"Indexable","Clean canonical, allowed in robots, valid status","Maintain and monitor"
"https://freeaccuratecalculator.com/countries/australia/finance/",200,true,"index,follow","https://freeaccuratecalculator.com/countries/australia/finance/",true,true,"Indexable","Clean canonical, allowed in robots, valid status","Maintain and monitor"
"https://freeaccuratecalculator.com/countries/australia/finance/loan-calculator/",200,true,"index,follow","https://freeaccuratecalculator.com/countries/australia/finance/loan-calculator/",true,true,"Indexable","Clean canonical, allowed in robots, valid status","Maintain and monitor"
"https://freeaccuratecalculator.com/countries/australia/finance/mortgage-calculator/",200,true,"index,follow","https://freeaccuratecalculator.com/countries/australia/finance/mortgage-calculator/",true,true,"Indexable","Clean canonical, allowed in robots, valid status","Maintain and monitor"
"https://freeaccuratecalculator.com/countries/australia/finance/salary-calculator/",200,true,"index,follow","https://freeaccuratecalculator.com/countries/australia/finance/salary-calculator/",true,true,"Indexable","Clean canonical, allowed in robots, valid status","Maintain and monitor"
"https://freeaccuratecalculator.com/countries/australia/food/",200,true,"index,follow","https://freeaccuratecalculator.com/countries/australia/food/",true,true,"Indexable","Clean canonical, allowed in robots, valid status","Maintain and monitor"
"https://freeaccuratecalculator.com/countries/australia/health/",200,true,"index,follow","https://freeaccuratecalculator.com/countries/australia/health/",true,true,"Indexable","Clean canonical, allowed in robots, valid status","Maintain and monitor"
"https://freeaccuratecalculator.com/countries/australia/income-tax-calculator/",200,true,"index,follow","https://freeaccuratecalculator.com/countries/australia/income-tax-calculator/",true,true,"Indexable","Clean canonical, allowed in robots, valid status","Maintain and monitor"
"https://freeaccuratecalculator.com/countries/australia/",200,true,"index,follow","https://freeaccuratecalculator.com/countries/australia/",true,true,"Indexable","Clean canonical, allowed in robots, valid status","Maintain and monitor"
"https://freeaccuratecalculator.com/countries/australia/insurance/",200,true,"index,follow","https://freeaccuratecalculator.com/countries/australia/insurance/",true,true,"Indexable","Clean canonical, allowed in robots, valid status","Maintain and monitor"
"https://freeaccuratecalculator.com/countries/australia/legal/",200,true,"index,follow","https://freeaccuratecalculator.com/countries/australia/legal/",true,true,"Indexable","Clean canonical, allowed in robots, valid status","Maintain and monitor"
"https://freeaccuratecalculator.com/countries/australia/loan-calculator/",200,true,"index,follow","https://freeaccuratecalculator.com/countries/australia/loan-calculator/",true,true,"Indexable","Clean canonical, allowed in robots, valid status","Maintain and monitor"
"https://freeaccuratecalculator.com/countries/australia/love/",200,true,"index,follow","https://freeaccuratecalculator.com/countries/australia/love/",true,true,"Indexable","Clean canonical, allowed in robots, valid status","Maintain and monitor"
"https://freeaccuratecalculator.com/countries/australia/marketing/",200,true,"index,follow","https://freeaccuratecalculator.com/countries/australia/marketing/",true,true,"Indexable","Clean canonical, allowed in robots, valid status","Maintain and monitor"
"https://freeaccuratecalculator.com/countries/australia/math/",200,true,"index,follow","https://freeaccuratecalculator.com/countries/australia/math/",true,true,"Indexable","Clean canonical, allowed in robots, valid status","Maintain and monitor"
"https://freeaccuratecalculator.com/countries/australia/mortgage-calculator/",200,true,"index,follow","https://freeaccuratecalculator.com/countries/australia/mortgage-calculator/",true,true,"Indexable","Clean canonical, allowed in robots, valid status","Maintain and monitor"
"https://freeaccuratecalculator.com/countries/australia/physics/",200,true,"index,follow","https://freeaccuratecalculator.com/countries/australia/physics/",true,true,"Indexable","Clean canonical, allowed in robots, valid status","Maintain and monitor"
"https://freeaccuratecalculator.com/countries/australia/real-estate/",200,true,"index,follow","https://freeaccuratecalculator.com/countries/australia/real-estate/",true,true,"Indexable","Clean canonical, allowed in robots, valid status","Maintain and monitor"
"https://freeaccuratecalculator.com/countries/australia/salary-calculator/",200,true,"index,follow","https://freeaccuratecalculator.com/countries/australia/salary-calculator/",true,true,"Indexable","Clean canonical, allowed in robots, valid status","Maintain and monitor"
"https://freeaccuratecalculator.com/countries/australia/sports/",200,true,"index,follow","https://freeaccuratecalculator.com/countries/australia/sports/",true,true,"Indexable","Clean canonical, allowed in robots, valid status","Maintain and monitor"
"https://freeaccuratecalculator.com/countries/australia/statistics/",200,true,"index,follow","https://freeaccuratecalculator.com/countries/australia/statistics/",true,true,"Indexable","Clean canonical, allowed in robots, valid status","Maintain and monitor"
"https://freeaccuratecalculator.com/countries/australia/technology/",200,true,"index,follow","https://freeaccuratecalculator.com/countries/australia/technology/",true,true,"Indexable","Clean canonical, allowed in robots, valid status","Maintain and monitor"
"https://freeaccuratecalculator.com/countries/canada/401k-calculator/",200,true,"index,follow","https://freeaccuratecalculator.com/countries/canada/401k-calculator/",true,true,"Indexable","Clean canonical, allowed in robots, valid status","Maintain and monitor"
"https://freeaccuratecalculator.com/countries/canada/auto-loan-calculator/",200,true,"index,follow","https://freeaccuratecalculator.com/countries/canada/auto-loan-calculator/",true,true,"Indexable","Clean canonical, allowed in robots, valid status","Maintain and monitor"
"https://freeaccuratecalculator.com/countries/canada/automotive/",200,true,"index,follow","https://freeaccuratecalculator.com/countries/canada/automotive/",true,true,"Indexable","Clean canonical, allowed in robots, valid status","Maintain and monitor"
"https://freeaccuratecalculator.com/countries/canada/biology/",200,true,"index,follow","https://freeaccuratecalculator.com/countries/canada/biology/",true,true,"Indexable","Clean canonical, allowed in robots, valid status","Maintain and monitor"
"https://freeaccuratecalculator.com/countries/canada/business/",200,true,"index,follow","https://freeaccuratecalculator.com/countries/canada/business/",true,true,"Indexable","Clean canonical, allowed in robots, valid status","Maintain and monitor"
"https://freeaccuratecalculator.com/countries/canada/chemistry/",200,true,"index,follow","https://freeaccuratecalculator.com/countries/canada/chemistry/",true,true,"Indexable","Clean canonical, allowed in robots, valid status","Maintain and monitor"
"https://freeaccuratecalculator.com/countries/canada/compound-interest-calculator/",200,true,"index,follow","https://freeaccuratecalculator.com/countries/canada/compound-interest-calculator/",true,true,"Indexable","Clean canonical, allowed in robots, valid status","Maintain and monitor"
"https://freeaccuratecalculator.com/countries/canada/construction/",200,true,"index,follow","https://freeaccuratecalculator.com/countries/canada/construction/",true,true,"Indexable","Clean canonical, allowed in robots, valid status","Maintain and monitor"
"https://freeaccuratecalculator.com/countries/canada/converter/",200,true,"index,follow","https://freeaccuratecalculator.com/countries/canada/converter/",true,true,"Indexable","Clean canonical, allowed in robots, valid status","Maintain and monitor"
"https://freeaccuratecalculator.com/countries/canada/ecology/",200,true,"index,follow","https://freeaccuratecalculator.com/countries/canada/ecology/",true,true,"Indexable","Clean canonical, allowed in robots, valid status","Maintain and monitor"
"https://freeaccuratecalculator.com/countries/canada/everyday/",200,true,"index,follow","https://freeaccuratecalculator.com/countries/canada/everyday/",true,true,"Indexable","Clean canonical, allowed in robots, valid status","Maintain and monitor"
"https://freeaccuratecalculator.com/countries/canada/finance/401k-calculator/",200,true,"index,follow","https://freeaccuratecalculator.com/countries/canada/finance/401k-calculator/",true,true,"Indexable","Clean canonical, allowed in robots, valid status","Maintain and monitor"
"https://freeaccuratecalculator.com/countries/canada/finance/auto-loan-calculator/",200,true,"index,follow","https://freeaccuratecalculator.com/countries/canada/finance/auto-loan-calculator/",true,true,"Indexable","Clean canonical, allowed in robots, valid status","Maintain and monitor"
"https://freeaccuratecalculator.com/countries/canada/finance/compound-interest-calculator/",200,true,"index,follow","https://freeaccuratecalculator.com/countries/canada/finance/compound-interest-calculator/",true,true,"Indexable","Clean canonical, allowed in robots, valid status","Maintain and monitor"
"https://freeaccuratecalculator.com/countries/canada/finance/income-tax-calculator/",200,true,"index,follow","https://freeaccuratecalculator.com/countries/canada/finance/income-tax-calculator/",true,true,"Indexable","Clean canonical, allowed in robots, valid status","Maintain and monitor"
"https://freeaccuratecalculator.com/countries/canada/finance/",200,true,"index,follow","https://freeaccuratecalculator.com/countries/canada/finance/",true,true,"Indexable","Clean canonical, allowed in robots, valid status","Maintain and monitor"
"https://freeaccuratecalculator.com/countries/canada/finance/mortgage-calculator/",200,true,"index,follow","https://freeaccuratecalculator.com/countries/canada/finance/mortgage-calculator/",true,true,"Indexable","Clean canonical, allowed in robots, valid status","Maintain and monitor"
"https://freeaccuratecalculator.com/countries/canada/finance/roth-ira-calculator/",200,true,"index,follow","https://freeaccuratecalculator.com/countries/canada/finance/roth-ira-calculator/",true,true,"Indexable","Clean canonical, allowed in robots, valid status","Maintain and monitor"
"https://freeaccuratecalculator.com/countries/canada/finance/salary-calculator/",200,true,"index,follow","https://freeaccuratecalculator.com/countries/canada/finance/salary-calculator/",true,true,"Indexable","Clean canonical, allowed in robots, valid status","Maintain and monitor"
"https://freeaccuratecalculator.com/countries/canada/food/",200,true,"index,follow","https://freeaccuratecalculator.com/countries/canada/food/",true,true,"Indexable","Clean canonical, allowed in robots, valid status","Maintain and monitor"
"https://freeaccuratecalculator.com/countries/canada/health/",200,true,"index,follow","https://freeaccuratecalculator.com/countries/canada/health/",true,true,"Indexable","Clean canonical, allowed in robots, valid status","Maintain and monitor"
"https://freeaccuratecalculator.com/countries/canada/income-tax-calculator/",200,true,"index,follow","https://freeaccuratecalculator.com/countries/canada/income-tax-calculator/",true,true,"Indexable","Clean canonical, allowed in robots, valid status","Maintain and monitor"
"https://freeaccuratecalculator.com/countries/canada/",200,true,"index,follow","https://freeaccuratecalculator.com/countries/canada/",true,true,"Indexable","Clean canonical, allowed in robots, valid status","Maintain and monitor"
"https://freeaccuratecalculator.com/countries/canada/insurance/",200,true,"index,follow","https://freeaccuratecalculator.com/countries/canada/insurance/",true,true,"Indexable","Clean canonical, allowed in robots, valid status","Maintain and monitor"
"https://freeaccuratecalculator.com/countries/canada/legal/",200,true,"index,follow","https://freeaccuratecalculator.com/countries/canada/legal/",true,true,"Indexable","Clean canonical, allowed in robots, valid status","Maintain and monitor"
"https://freeaccuratecalculator.com/countries/canada/love/",200,true,"index,follow","https://freeaccuratecalculator.com/countries/canada/love/",true,true,"Indexable","Clean canonical, allowed in robots, valid status","Maintain and monitor"
"https://freeaccuratecalculator.com/countries/canada/marketing/",200,true,"index,follow","https://freeaccuratecalculator.com/countries/canada/marketing/",true,true,"Indexable","Clean canonical, allowed in robots, valid status","Maintain and monitor"
"https://freeaccuratecalculator.com/countries/canada/math/",200,true,"index,follow","https://freeaccuratecalculator.com/countries/canada/math/",true,true,"Indexable","Clean canonical, allowed in robots, valid status","Maintain and monitor"
"https://freeaccuratecalculator.com/countries/canada/mortgage-calculator/",200,true,"index,follow","https://freeaccuratecalculator.com/countries/canada/mortgage-calculator/",true,true,"Indexable","Clean canonical, allowed in robots, valid status","Maintain and monitor"
"https://freeaccuratecalculator.com/countries/canada/physics/",200,true,"index,follow","https://freeaccuratecalculator.com/countries/canada/physics/",true,true,"Indexable","Clean canonical, allowed in robots, valid status","Maintain and monitor"
"https://freeaccuratecalculator.com/countries/canada/real-estate/",200,true,"index,follow","https://freeaccuratecalculator.com/countries/canada/real-estate/",true,true,"Indexable","Clean canonical, allowed in robots, valid status","Maintain and monitor"
"https://freeaccuratecalculator.com/countries/canada/roth-ira-calculator/",200,true,"index,follow","https://freeaccuratecalculator.com/countries/canada/roth-ira-calculator/",true,true,"Indexable","Clean canonical, allowed in robots, valid status","Maintain and monitor"
"https://freeaccuratecalculator.com/countries/canada/salary-calculator/",200,true,"index,follow","https://freeaccuratecalculator.com/countries/canada/salary-calculator/",true,true,"Indexable","Clean canonical, allowed in robots, valid status","Maintain and monitor"
"https://freeaccuratecalculator.com/countries/canada/sports/",200,true,"index,follow","https://freeaccuratecalculator.com/countries/canada/sports/",true,true,"Indexable","Clean canonical, allowed in robots, valid status","Maintain and monitor"
"https://freeaccuratecalculator.com/countries/canada/statistics/",200,true,"index,follow","https://freeaccuratecalculator.com/countries/canada/statistics/",true,true,"Indexable","Clean canonical, allowed in robots, valid status","Maintain and monitor"
"https://freeaccuratecalculator.com/countries/canada/technology/",200,true,"index,follow","https://freeaccuratecalculator.com/countries/canada/technology/",true,true,"Indexable","Clean canonical, allowed in robots, valid status","Maintain and monitor"
"https://freeaccuratecalculator.com/countries/colombia/automotive/",200,true,"index,follow","https://freeaccuratecalculator.com/countries/colombia/automotive/",true,true,"Indexable","Clean canonical, allowed in robots, valid status","Maintain and monitor"
"https://freeaccuratecalculator.com/countries/colombia/biology/",200,true,"index,follow","https://freeaccuratecalculator.com/countries/colombia/biology/",true,true,"Indexable","Clean canonical, allowed in robots, valid status","Maintain and monitor"
"https://freeaccuratecalculator.com/countries/colombia/business/",200,true,"index,follow","https://freeaccuratecalculator.com/countries/colombia/business/",true,true,"Indexable","Clean canonical, allowed in robots, valid status","Maintain and monitor"
"https://freeaccuratecalculator.com/countries/colombia/chemistry/",200,true,"index,follow","https://freeaccuratecalculator.com/countries/colombia/chemistry/",true,true,"Indexable","Clean canonical, allowed in robots, valid status","Maintain and monitor"
"https://freeaccuratecalculator.com/countries/colombia/construction/",200,true,"index,follow","https://freeaccuratecalculator.com/countries/colombia/construction/",true,true,"Indexable","Clean canonical, allowed in robots, valid status","Maintain and monitor"
"https://freeaccuratecalculator.com/countries/colombia/converter/",200,true,"index,follow","https://freeaccuratecalculator.com/countries/colombia/converter/",true,true,"Indexable","Clean canonical, allowed in robots, valid status","Maintain and monitor"
"https://freeaccuratecalculator.com/countries/colombia/ecology/",200,true,"index,follow","https://freeaccuratecalculator.com/countries/colombia/ecology/",true,true,"Indexable","Clean canonical, allowed in robots, valid status","Maintain and monitor"
"https://freeaccuratecalculator.com/countries/colombia/emi-calculator/",200,true,"index,follow","https://freeaccuratecalculator.com/countries/colombia/emi-calculator/",true,true,"Indexable","Clean canonical, allowed in robots, valid status","Maintain and monitor"
"https://freeaccuratecalculator.com/countries/colombia/everyday/",200,true,"index,follow","https://freeaccuratecalculator.com/countries/colombia/everyday/",true,true,"Indexable","Clean canonical, allowed in robots, valid status","Maintain and monitor"
"https://freeaccuratecalculator.com/countries/colombia/finance/emi-calculator/",200,true,"index,follow","https://freeaccuratecalculator.com/countries/colombia/finance/emi-calculator/",true,true,"Indexable","Clean canonical, allowed in robots, valid status","Maintain and monitor"
"https://freeaccuratecalculator.com/countries/colombia/finance/income-tax-calculator/",200,true,"index,follow","https://freeaccuratecalculator.com/countries/colombia/finance/income-tax-calculator/",true,true,"Indexable","Clean canonical, allowed in robots, valid status","Maintain and monitor"
"https://freeaccuratecalculator.com/countries/colombia/finance/",200,true,"index,follow","https://freeaccuratecalculator.com/countries/colombia/finance/",true,true,"Indexable","Clean canonical, allowed in robots, valid status","Maintain and monitor"
"https://freeaccuratecalculator.com/countries/colombia/finance/loan-calculator/",200,true,"index,follow","https://freeaccuratecalculator.com/countries/colombia/finance/loan-calculator/",true,true,"Indexable","Clean canonical, allowed in robots, valid status","Maintain and monitor"
"https://freeaccuratecalculator.com/countries/colombia/finance/mortgage-calculator/",200,true,"index,follow","https://freeaccuratecalculator.com/countries/colombia/finance/mortgage-calculator/",true,true,"Indexable","Clean canonical, allowed in robots, valid status","Maintain and monitor"
"https://freeaccuratecalculator.com/countries/colombia/finance/salary-calculator/",200,true,"index,follow","https://freeaccuratecalculator.com/countries/colombia/finance/salary-calculator/",true,true,"Indexable","Clean canonical, allowed in robots, valid status","Maintain and monitor"
"https://freeaccuratecalculator.com/countries/colombia/food/",200,true,"index,follow","https://freeaccuratecalculator.com/countries/colombia/food/",true,true,"Indexable","Clean canonical, allowed in robots, valid status","Maintain and monitor"
"https://freeaccuratecalculator.com/countries/colombia/health/",200,true,"index,follow","https://freeaccuratecalculator.com/countries/colombia/health/",true,true,"Indexable","Clean canonical, allowed in robots, valid status","Maintain and monitor"
"https://freeaccuratecalculator.com/countries/colombia/income-tax-calculator/",200,true,"index,follow","https://freeaccuratecalculator.com/countries/colombia/income-tax-calculator/",true,true,"Indexable","Clean canonical, allowed in robots, valid status","Maintain and monitor"
"https://freeaccuratecalculator.com/countries/colombia/",200,true,"index,follow","https://freeaccuratecalculator.com/countries/colombia/",true,true,"Indexable","Clean canonical, allowed in robots, valid status","Maintain and monitor"
"https://freeaccuratecalculator.com/countries/colombia/insurance/",200,true,"index,follow","https://freeaccuratecalculator.com/countries/colombia/insurance/",true,true,"Indexable","Clean canonical, allowed in robots, valid status","Maintain and monitor"
"https://freeaccuratecalculator.com/countries/colombia/legal/",200,true,"index,follow","https://freeaccuratecalculator.com/countries/colombia/legal/",true,true,"Indexable","Clean canonical, allowed in robots, valid status","Maintain and monitor"
"https://freeaccuratecalculator.com/countries/colombia/loan-calculator/",200,true,"index,follow","https://freeaccuratecalculator.com/countries/colombia/loan-calculator/",true,true,"Indexable","Clean canonical, allowed in robots, valid status","Maintain and monitor"
"https://freeaccuratecalculator.com/countries/colombia/love/",200,true,"index,follow","https://freeaccuratecalculator.com/countries/colombia/love/",true,true,"Indexable","Clean canonical, allowed in robots, valid status","Maintain and monitor"
"https://freeaccuratecalculator.com/countries/colombia/marketing/",200,true,"index,follow","https://freeaccuratecalculator.com/countries/colombia/marketing/",true,true,"Indexable","Clean canonical, allowed in robots, valid status","Maintain and monitor"
"https://freeaccuratecalculator.com/countries/colombia/math/",200,true,"index,follow","https://freeaccuratecalculator.com/countries/colombia/math/",true,true,"Indexable","Clean canonical, allowed in robots, valid status","Maintain and monitor"
"https://freeaccuratecalculator.com/countries/colombia/mortgage-calculator/",200,true,"index,follow","https://freeaccuratecalculator.com/countries/colombia/mortgage-calculator/",true,true,"Indexable","Clean canonical, allowed in robots, valid status","Maintain and monitor"
"https://freeaccuratecalculator.com/countries/colombia/physics/",200,true,"index,follow","https://freeaccuratecalculator.com/countries/colombia/physics/",true,true,"Indexable","Clean canonical, allowed in robots, valid status","Maintain and monitor"
"https://freeaccuratecalculator.com/countries/colombia/real-estate/",200,true,"index,follow","https://freeaccuratecalculator.com/countries/colombia/real-estate/",true,true,"Indexable","Clean canonical, allowed in robots, valid status","Maintain and monitor"
"https://freeaccuratecalculator.com/countries/colombia/salary-calculator/",200,true,"index,follow","https://freeaccuratecalculator.com/countries/colombia/salary-calculator/",true,true,"Indexable","Clean canonical, allowed in robots, valid status","Maintain and monitor"
"https://freeaccuratecalculator.com/countries/colombia/sports/",200,true,"index,follow","https://freeaccuratecalculator.com/countries/colombia/sports/",true,true,"Indexable","Clean canonical, allowed in robots, valid status","Maintain and monitor"
"https://freeaccuratecalculator.com/countries/colombia/statistics/",200,true,"index,follow","https://freeaccuratecalculator.com/countries/colombia/statistics/",true,true,"Indexable","Clean canonical, allowed in robots, valid status","Maintain and monitor"
"https://freeaccuratecalculator.com/countries/colombia/technology/",200,true,"index,follow","https://freeaccuratecalculator.com/countries/colombia/technology/",true,true,"Indexable","Clean canonical, allowed in robots, valid status","Maintain and monitor"
"https://freeaccuratecalculator.com/countries/france/alimony-calculator/",200,true,"index,follow","https://freeaccuratecalculator.com/countries/france/alimony-calculator/",true,true,"Indexable","Clean canonical, allowed in robots, valid status","Maintain and monitor"
"https://freeaccuratecalculator.com/countries/france/amortization-calculator/",200,true,"index,follow","https://freeaccuratecalculator.com/countries/france/amortization-calculator/",true,true,"Indexable","Clean canonical, allowed in robots, valid status","Maintain and monitor"
"https://freeaccuratecalculator.com/countries/france/annuity-payout-calculator/",200,true,"index,follow","https://freeaccuratecalculator.com/countries/france/annuity-payout-calculator/",true,true,"Indexable","Clean canonical, allowed in robots, valid status","Maintain and monitor"
"https://freeaccuratecalculator.com/countries/france/auto-insurance-calculator/",200,true,"index,follow","https://freeaccuratecalculator.com/countries/france/auto-insurance-calculator/",true,true,"Indexable","Clean canonical, allowed in robots, valid status","Maintain and monitor"
"https://freeaccuratecalculator.com/countries/france/auto-loan-calculator/",200,true,"index,follow","https://freeaccuratecalculator.com/countries/france/auto-loan-calculator/",true,true,"Indexable","Clean canonical, allowed in robots, valid status","Maintain and monitor"
"https://freeaccuratecalculator.com/countries/france/automotive/car-depreciation-calculator/",200,true,"index,follow","https://freeaccuratecalculator.com/countries/france/automotive/car-depreciation-calculator/",true,true,"Indexable","Clean canonical, allowed in robots, valid status","Maintain and monitor"
"https://freeaccuratecalculator.com/countries/france/automotive/fuel-cost-calculator/",200,true,"index,follow","https://freeaccuratecalculator.com/countries/france/automotive/fuel-cost-calculator/",true,true,"Indexable","Clean canonical, allowed in robots, valid status","Maintain and monitor"
"https://freeaccuratecalculator.com/countries/france/automotive/",200,true,"index,follow","https://freeaccuratecalculator.com/countries/france/automotive/",true,true,"Indexable","Clean canonical, allowed in robots, valid status","Maintain and monitor"
"https://freeaccuratecalculator.com/countries/france/automotive/mpg-calculator/",200,true,"index,follow","https://freeaccuratecalculator.com/countries/france/automotive/mpg-calculator/",true,true,"Indexable","Clean canonical, allowed in robots, valid status","Maintain and monitor"
"https://freeaccuratecalculator.com/countries/france/bacterial-growth-calculator/",200,true,"index,follow","https://freeaccuratecalculator.com/countries/france/bacterial-growth-calculator/",true,true,"Indexable","Clean canonical, allowed in robots, valid status","Maintain and monitor"
"https://freeaccuratecalculator.com/countries/france/bakers-percentage-calculator/",200,true,"index,follow","https://freeaccuratecalculator.com/countries/france/bakers-percentage-calculator/",true,true,"Indexable","Clean canonical, allowed in robots, valid status","Maintain and monitor"
"https://freeaccuratecalculator.com/countries/france/bandwidth-calculator/",200,true,"index,follow","https://freeaccuratecalculator.com/countries/france/bandwidth-calculator/",true,true,"Indexable","Clean canonical, allowed in robots, valid status","Maintain and monitor"
"https://freeaccuratecalculator.com/countries/france/biology/bacterial-growth-calculator/",200,true,"index,follow","https://freeaccuratecalculator.com/countries/france/biology/bacterial-growth-calculator/",true,true,"Indexable","Clean canonical, allowed in robots, valid status","Maintain and monitor"
"https://freeaccuratecalculator.com/countries/france/biology/hardy-weinberg-calculator/",200,true,"index,follow","https://freeaccuratecalculator.com/countries/france/biology/hardy-weinberg-calculator/",true,true,"Indexable","Clean canonical, allowed in robots, valid status","Maintain and monitor"
"https://freeaccuratecalculator.com/countries/france/biology/",200,true,"index,follow","https://freeaccuratecalculator.com/countries/france/biology/",true,true,"Indexable","Clean canonical, allowed in robots, valid status","Maintain and monitor"
"https://freeaccuratecalculator.com/countries/france/biology/molecular-weight-calculator/",200,true,"index,follow","https://freeaccuratecalculator.com/countries/france/biology/molecular-weight-calculator/",true,true,"Indexable","Clean canonical, allowed in robots, valid status","Maintain and monitor"
"https://freeaccuratecalculator.com/countries/france/biology/punnett-square-calculator/",200,true,"index,follow","https://freeaccuratecalculator.com/countries/france/biology/punnett-square-calculator/",true,true,"Indexable","Clean canonical, allowed in robots, valid status","Maintain and monitor"
"https://freeaccuratecalculator.com/countries/france/bmr-calculator/",200,true,"index,follow","https://freeaccuratecalculator.com/countries/france/bmr-calculator/",true,true,"Indexable","Clean canonical, allowed in robots, valid status","Maintain and monitor"
"https://freeaccuratecalculator.com/countries/france/body-fat-calculator/",200,true,"index,follow","https://freeaccuratecalculator.com/countries/france/body-fat-calculator/",true,true,"Indexable","Clean canonical, allowed in robots, valid status","Maintain and monitor"
"https://freeaccuratecalculator.com/countries/france/break-even-calculator/",200,true,"index,follow","https://freeaccuratecalculator.com/countries/france/break-even-calculator/",true,true,"Indexable","Clean canonical, allowed in robots, valid status","Maintain and monitor"
"https://freeaccuratecalculator.com/countries/france/brick-calculator/",200,true,"index,follow","https://freeaccuratecalculator.com/countries/france/brick-calculator/",true,true,"Indexable","Clean canonical, allowed in robots, valid status","Maintain and monitor"
"https://freeaccuratecalculator.com/countries/france/business/break-even-calculator/",200,true,"index,follow","https://freeaccuratecalculator.com/countries/france/business/break-even-calculator/",true,true,"Indexable","Clean canonical, allowed in robots, valid status","Maintain and monitor"
"https://freeaccuratecalculator.com/countries/france/business/business-valuation-calculator/",200,true,"index,follow","https://freeaccuratecalculator.com/countries/france/business/business-valuation-calculator/",true,true,"Indexable","Clean canonical, allowed in robots, valid status","Maintain and monitor"
"https://freeaccuratecalculator.com/countries/france/business/",200,true,"index,follow","https://freeaccuratecalculator.com/countries/france/business/",true,true,"Indexable","Clean canonical, allowed in robots, valid status","Maintain and monitor"
"https://freeaccuratecalculator.com/countries/france/business/roi-calculator/",200,true,"index,follow","https://freeaccuratecalculator.com/countries/france/business/roi-calculator/",true,true,"Indexable","Clean canonical, allowed in robots, valid status","Maintain and monitor"
"https://freeaccuratecalculator.com/countries/france/business-valuation-calculator/",200,true,"index,follow","https://freeaccuratecalculator.com/countries/france/business-valuation-calculator/",true,true,"Indexable","Clean canonical, allowed in robots, valid status","Maintain and monitor"
"https://freeaccuratecalculator.com/countries/france/cac-calculator/",200,true,"index,follow","https://freeaccuratecalculator.com/countries/france/cac-calculator/",true,true,"Indexable","Clean canonical, allowed in robots, valid status","Maintain and monitor"
"https://freeaccuratecalculator.com/countries/france/calorie-per-serving-calculator/",200,true,"index,follow","https://freeaccuratecalculator.com/countries/france/calorie-per-serving-calculator/",true,true,"Indexable","Clean canonical, allowed in robots, valid status","Maintain and monitor"
"https://freeaccuratecalculator.com/countries/france/cap-rate-calculator/",200,true,"index,follow","https://freeaccuratecalculator.com/countries/france/cap-rate-calculator/",true,true,"Indexable","Clean canonical, allowed in robots, valid status","Maintain and monitor"
"https://freeaccuratecalculator.com/countries/france/capacite-emprunt-hcsf/",200,true,"index,follow","https://freeaccuratecalculator.com/countries/france/capacite-emprunt-hcsf/",true,true,"Indexable","Clean canonical, allowed in robots, valid status","Maintain and monitor"
"https://freeaccuratecalculator.com/countries/france/car-depreciation-calculator/",200,true,"index,follow","https://freeaccuratecalculator.com/countries/france/car-depreciation-calculator/",true,true,"Indexable","Clean canonical, allowed in robots, valid status","Maintain and monitor"
"https://freeaccuratecalculator.com/countries/france/carbon-footprint-calculator/",200,true,"index,follow","https://freeaccuratecalculator.com/countries/france/carbon-footprint-calculator/",true,true,"Indexable","Clean canonical, allowed in robots, valid status","Maintain and monitor"
"https://freeaccuratecalculator.com/countries/france/chemistry/",200,true,"index,follow","https://freeaccuratecalculator.com/countries/france/chemistry/",true,true,"Indexable","Clean canonical, allowed in robots, valid status","Maintain and monitor"
"https://freeaccuratecalculator.com/countries/france/chemistry/molar-mass-calculator/",200,true,"index,follow","https://freeaccuratecalculator.com/countries/france/chemistry/molar-mass-calculator/",true,true,"Indexable","Clean canonical, allowed in robots, valid status","Maintain and monitor"
"https://freeaccuratecalculator.com/countries/france/chemistry/ph-calculator/",200,true,"index,follow","https://freeaccuratecalculator.com/countries/france/chemistry/ph-calculator/",true,true,"Indexable","Clean canonical, allowed in robots, valid status","Maintain and monitor"
"https://freeaccuratecalculator.com/countries/france/chemistry/solution-dilution-calculator/",200,true,"index,follow","https://freeaccuratecalculator.com/countries/france/chemistry/solution-dilution-calculator/",true,true,"Indexable","Clean canonical, allowed in robots, valid status","Maintain and monitor"
"https://freeaccuratecalculator.com/countries/france/chemistry/stoichiometry-calculator/",200,true,"index,follow","https://freeaccuratecalculator.com/countries/france/chemistry/stoichiometry-calculator/",true,true,"Indexable","Clean canonical, allowed in robots, valid status","Maintain and monitor"
"https://freeaccuratecalculator.com/countries/france/child-support-calculator/",200,true,"index,follow","https://freeaccuratecalculator.com/countries/france/child-support-calculator/",true,true,"Indexable","Clean canonical, allowed in robots, valid status","Maintain and monitor"
"https://freeaccuratecalculator.com/countries/france/compost-ratio-calculator/",200,true,"index,follow","https://freeaccuratecalculator.com/countries/france/compost-ratio-calculator/",true,true,"Indexable","Clean canonical, allowed in robots, valid status","Maintain and monitor"
"https://freeaccuratecalculator.com/countries/france/compound-interest-calculator/",200,true,"index,follow","https://freeaccuratecalculator.com/countries/france/compound-interest-calculator/",true,true,"Indexable","Clean canonical, allowed in robots, valid status","Maintain and monitor"
"https://freeaccuratecalculator.com/countries/france/concrete-calculator/",200,true,"index,follow","https://freeaccuratecalculator.com/countries/france/concrete-calculator/",true,true,"Indexable","Clean canonical, allowed in robots, valid status","Maintain and monitor"
"https://freeaccuratecalculator.com/countries/france/confidence-interval-calculator/",200,true,"index,follow","https://freeaccuratecalculator.com/countries/france/confidence-interval-calculator/",true,true,"Indexable","Clean canonical, allowed in robots, valid status","Maintain and monitor"
"https://freeaccuratecalculator.com/countries/france/construction/brick-calculator/",200,true,"index,follow","https://freeaccuratecalculator.com/countries/france/construction/brick-calculator/",true,true,"Indexable","Clean canonical, allowed in robots, valid status","Maintain and monitor"
"https://freeaccuratecalculator.com/countries/france/construction/concrete-calculator/",200,true,"index,follow","https://freeaccuratecalculator.com/countries/france/construction/concrete-calculator/",true,true,"Indexable","Clean canonical, allowed in robots, valid status","Maintain and monitor"
"https://freeaccuratecalculator.com/countries/france/construction/",200,true,"index,follow","https://freeaccuratecalculator.com/countries/france/construction/",true,true,"Indexable","Clean canonical, allowed in robots, valid status","Maintain and monitor"
"https://freeaccuratecalculator.com/countries/france/construction/paint-calculator/",200,true,"index,follow","https://freeaccuratecalculator.com/countries/france/construction/paint-calculator/",true,true,"Indexable","Clean canonical, allowed in robots, valid status","Maintain and monitor"
"https://freeaccuratecalculator.com/countries/france/construction/square-footage-calculator/",200,true,"index,follow","https://freeaccuratecalculator.com/countries/france/construction/square-footage-calculator/",true,true,"Indexable","Clean canonical, allowed in robots, valid status","Maintain and monitor"
"https://freeaccuratecalculator.com/countries/france/conversion-calculator/",200,true,"index,follow","https://freeaccuratecalculator.com/countries/france/conversion-calculator/",true,true,"Indexable","Clean canonical, allowed in robots, valid status","Maintain and monitor"
"https://freeaccuratecalculator.com/countries/france/conversion-rate-calculator/",200,true,"index,follow","https://freeaccuratecalculator.com/countries/france/conversion-rate-calculator/",true,true,"Indexable","Clean canonical, allowed in robots, valid status","Maintain and monitor"
"https://freeaccuratecalculator.com/countries/france/converter/conversion-calculator/",200,true,"index,follow","https://freeaccuratecalculator.com/countries/france/converter/conversion-calculator/",true,true,"Indexable","Clean canonical, allowed in robots, valid status","Maintain and monitor"
"https://freeaccuratecalculator.com/countries/france/converter/",200,true,"index,follow","https://freeaccuratecalculator.com/countries/france/converter/",true,true,"Indexable","Clean canonical, allowed in robots, valid status","Maintain and monitor"
"https://freeaccuratecalculator.com/countries/france/converter/length-converter/",200,true,"index,follow","https://freeaccuratecalculator.com/countries/france/converter/length-converter/",true,true,"Indexable","Clean canonical, allowed in robots, valid status","Maintain and monitor"
"https://freeaccuratecalculator.com/countries/france/converter/temperature-converter/",200,true,"index,follow","https://freeaccuratecalculator.com/countries/france/converter/temperature-converter/",true,true,"Indexable","Clean canonical, allowed in robots, valid status","Maintain and monitor"
"https://freeaccuratecalculator.com/countries/france/converter/weight-converter/",200,true,"index,follow","https://freeaccuratecalculator.com/countries/france/converter/weight-converter/",true,true,"Indexable","Clean canonical, allowed in robots, valid status","Maintain and monitor"
"https://freeaccuratecalculator.com/countries/france/data-transfer-calculator/",200,true,"index,follow","https://freeaccuratecalculator.com/countries/france/data-transfer-calculator/",true,true,"Indexable","Clean canonical, allowed in robots, valid status","Maintain and monitor"
"https://freeaccuratecalculator.com/countries/france/disability-insurance-calculator/",200,true,"index,follow","https://freeaccuratecalculator.com/countries/france/disability-insurance-calculator/",true,true,"Indexable","Clean canonical, allowed in robots, valid status","Maintain and monitor"
"https://freeaccuratecalculator.com/countries/france/due-date-calculator/",200,true,"index,follow","https://freeaccuratecalculator.com/countries/france/due-date-calculator/",true,true,"Indexable","Clean canonical, allowed in robots, valid status","Maintain and monitor"
"https://freeaccuratecalculator.com/countries/france/ecology/carbon-footprint-calculator/",200,true,"index,follow","https://freeaccuratecalculator.com/countries/france/ecology/carbon-footprint-calculator/",true,true,"Indexable","Clean canonical, allowed in robots, valid status","Maintain and monitor"
"https://freeaccuratecalculator.com/countries/france/ecology/compost-ratio-calculator/",200,true,"index,follow","https://freeaccuratecalculator.com/countries/france/ecology/compost-ratio-calculator/",true,true,"Indexable","Clean canonical, allowed in robots, valid status","Maintain and monitor"
"https://freeaccuratecalculator.com/countries/france/ecology/",200,true,"index,follow","https://freeaccuratecalculator.com/countries/france/ecology/",true,true,"Indexable","Clean canonical, allowed in robots, valid status","Maintain and monitor"
"https://freeaccuratecalculator.com/countries/france/ecology/solar-energy-calculator/",200,true,"index,follow","https://freeaccuratecalculator.com/countries/france/ecology/solar-energy-calculator/",true,true,"Indexable","Clean canonical, allowed in robots, valid status","Maintain and monitor"
"https://freeaccuratecalculator.com/countries/france/ecology/water-conservation-calculator/",200,true,"index,follow","https://freeaccuratecalculator.com/countries/france/ecology/water-conservation-calculator/",true,true,"Indexable","Clean canonical, allowed in robots, valid status","Maintain and monitor"
"https://freeaccuratecalculator.com/countries/france/email-roi-calculator/",200,true,"index,follow","https://freeaccuratecalculator.com/countries/france/email-roi-calculator/",true,true,"Indexable","Clean canonical, allowed in robots, valid status","Maintain and monitor"
"https://freeaccuratecalculator.com/countries/france/emi-calculator/",200,true,"index,follow","https://freeaccuratecalculator.com/countries/france/emi-calculator/",true,true,"Indexable","Clean canonical, allowed in robots, valid status","Maintain and monitor"
"https://freeaccuratecalculator.com/countries/france/everyday/gpa-calculator/",200,true,"index,follow","https://freeaccuratecalculator.com/countries/france/everyday/gpa-calculator/",true,true,"Indexable","Clean canonical, allowed in robots, valid status","Maintain and monitor"
"https://freeaccuratecalculator.com/countries/france/everyday/grade-calculator/",200,true,"index,follow","https://freeaccuratecalculator.com/countries/france/everyday/grade-calculator/",true,true,"Indexable","Clean canonical, allowed in robots, valid status","Maintain and monitor"
"https://freeaccuratecalculator.com/countries/france/everyday/hours-calculator/",200,true,"index,follow","https://freeaccuratecalculator.com/countries/france/everyday/hours-calculator/",true,true,"Indexable","Clean canonical, allowed in robots, valid status","Maintain and monitor"
"https://freeaccuratecalculator.com/countries/france/everyday/",200,true,"index,follow","https://freeaccuratecalculator.com/countries/france/everyday/",true,true,"Indexable","Clean canonical, allowed in robots, valid status","Maintain and monitor"
"https://freeaccuratecalculator.com/countries/france/everyday/time-calculator/",200,true,"index,follow","https://freeaccuratecalculator.com/countries/france/everyday/time-calculator/",true,true,"Indexable","Clean canonical, allowed in robots, valid status","Maintain and monitor"
"https://freeaccuratecalculator.com/countries/france/finance/amortization-calculator/",200,true,"index,follow","https://freeaccuratecalculator.com/countries/france/finance/amortization-calculator/",true,true,"Indexable","Clean canonical, allowed in robots, valid status","Maintain and monitor"
"https://freeaccuratecalculator.com/countries/france/finance/auto-loan-calculator/",200,true,"index,follow","https://freeaccuratecalculator.com/countries/france/finance/auto-loan-calculator/",true,true,"Indexable","Clean canonical, allowed in robots, valid status","Maintain and monitor"
"https://freeaccuratecalculator.com/countries/france/finance/compound-interest-calculator/",200,true,"index,follow","https://freeaccuratecalculator.com/countries/france/finance/compound-interest-calculator/",true,true,"Indexable","Clean canonical, allowed in robots, valid status","Maintain and monitor"
"https://freeaccuratecalculator.com/countries/france/finance/emi-calculator/",200,true,"index,follow","https://freeaccuratecalculator.com/countries/france/finance/emi-calculator/",true,true,"Indexable","Clean canonical, allowed in robots, valid status","Maintain and monitor"
"https://freeaccuratecalculator.com/countries/france/finance/finance-calculator/",200,true,"index,follow","https://freeaccuratecalculator.com/countries/france/finance/finance-calculator/",true,true,"Indexable","Clean canonical, allowed in robots, valid status","Maintain and monitor"
"https://freeaccuratecalculator.com/countries/france/finance/income-tax-calculator/",200,true,"index,follow","https://freeaccuratecalculator.com/countries/france/finance/income-tax-calculator/",true,true,"Indexable","Clean canonical, allowed in robots, valid status","Maintain and monitor"
"https://freeaccuratecalculator.com/countries/france/finance/",200,true,"index,follow","https://freeaccuratecalculator.com/countries/france/finance/",true,true,"Indexable","Clean canonical, allowed in robots, valid status","Maintain and monitor"
"https://freeaccuratecalculator.com/countries/france/finance/inflation-calculator/",200,true,"index,follow","https://freeaccuratecalculator.com/countries/france/finance/inflation-calculator/",true,true,"Indexable","Clean canonical, allowed in robots, valid status","Maintain and monitor"
"https://freeaccuratecalculator.com/countries/france/finance/interest-calculator/",200,true,"index,follow","https://freeaccuratecalculator.com/countries/france/finance/interest-calculator/",true,true,"Indexable","Clean canonical, allowed in robots, valid status","Maintain and monitor"
"https://freeaccuratecalculator.com/countries/france/finance/interest-rate-calculator/",200,true,"index,follow","https://freeaccuratecalculator.com/countries/france/finance/interest-rate-calculator/",true,true,"Indexable","Clean canonical, allowed in robots, valid status","Maintain and monitor"
"https://freeaccuratecalculator.com/countries/france/finance/investment-calculator/",200,true,"index,follow","https://freeaccuratecalculator.com/countries/france/finance/investment-calculator/",true,true,"Indexable","Clean canonical, allowed in robots, valid status","Maintain and monitor"
"https://freeaccuratecalculator.com/countries/france/finance/loan-calculator/",200,true,"index,follow","https://freeaccuratecalculator.com/countries/france/finance/loan-calculator/",true,true,"Indexable","Clean canonical, allowed in robots, valid status","Maintain and monitor"
"https://freeaccuratecalculator.com/countries/france/finance/lumpsum-calculator/",200,true,"index,follow","https://freeaccuratecalculator.com/countries/france/finance/lumpsum-calculator/",true,true,"Indexable","Clean canonical, allowed in robots, valid status","Maintain and monitor"
"https://freeaccuratecalculator.com/countries/france/finance/mortgage-calculator/",200,true,"index,follow","https://freeaccuratecalculator.com/countries/france/finance/mortgage-calculator/",true,true,"Indexable","Clean canonical, allowed in robots, valid status","Maintain and monitor"
"https://freeaccuratecalculator.com/countries/france/finance/payment-calculator/",200,true,"index,follow","https://freeaccuratecalculator.com/countries/france/finance/payment-calculator/",true,true,"Indexable","Clean canonical, allowed in robots, valid status","Maintain and monitor"
"https://freeaccuratecalculator.com/countries/france/finance/profit-margin-calculator/",200,true,"index,follow","https://freeaccuratecalculator.com/countries/france/finance/profit-margin-calculator/",true,true,"Indexable","Clean canonical, allowed in robots, valid status","Maintain and monitor"
"https://freeaccuratecalculator.com/countries/france/finance/retirement-calculator/",200,true,"index,follow","https://freeaccuratecalculator.com/countries/france/finance/retirement-calculator/",true,true,"Indexable","Clean canonical, allowed in robots, valid status","Maintain and monitor"
"https://freeaccuratecalculator.com/countries/france/finance/salary-calculator/",200,true,"index,follow","https://freeaccuratecalculator.com/countries/france/finance/salary-calculator/",true,true,"Indexable","Clean canonical, allowed in robots, valid status","Maintain and monitor"
"https://freeaccuratecalculator.com/countries/france/finance/sales-tax-calculator/",200,true,"index,follow","https://freeaccuratecalculator.com/countries/france/finance/sales-tax-calculator/",true,true,"Indexable","Clean canonical, allowed in robots, valid status","Maintain and monitor"
"https://freeaccuratecalculator.com/countries/france/finance/simple-interest-calculator/",200,true,"index,follow","https://freeaccuratecalculator.com/countries/france/finance/simple-interest-calculator/",true,true,"Indexable","Clean canonical, allowed in robots, valid status","Maintain and monitor"
"https://freeaccuratecalculator.com/countries/france/finance/sip-calculator/",200,true,"index,follow","https://freeaccuratecalculator.com/countries/france/finance/sip-calculator/",true,true,"Indexable","Clean canonical, allowed in robots, valid status","Maintain and monitor"
"https://freeaccuratecalculator.com/countries/france/finance/step-up-sip-calculator/",200,true,"index,follow","https://freeaccuratecalculator.com/countries/france/finance/step-up-sip-calculator/",true,true,"Indexable","Clean canonical, allowed in robots, valid status","Maintain and monitor"
"https://freeaccuratecalculator.com/countries/france/finance/swp-calculator/",200,true,"index,follow","https://freeaccuratecalculator.com/countries/france/finance/swp-calculator/",true,true,"Indexable","Clean canonical, allowed in robots, valid status","Maintain and monitor"
"https://freeaccuratecalculator.com/countries/france/finance/vat-calculator/",200,true,"index,follow","https://freeaccuratecalculator.com/countries/france/finance/vat-calculator/",true,true,"Indexable","Clean canonical, allowed in robots, valid status","Maintain and monitor"
"https://freeaccuratecalculator.com/countries/france/finance-calculator/",200,true,"index,follow","https://freeaccuratecalculator.com/countries/france/finance-calculator/",true,true,"Indexable","Clean canonical, allowed in robots, valid status","Maintain and monitor"
"https://freeaccuratecalculator.com/countries/france/food/bakers-percentage-calculator/",200,true,"index,follow","https://freeaccuratecalculator.com/countries/france/food/bakers-percentage-calculator/",true,true,"Indexable","Clean canonical, allowed in robots, valid status","Maintain and monitor"
"https://freeaccuratecalculator.com/countries/france/food/calorie-per-serving-calculator/",200,true,"index,follow","https://freeaccuratecalculator.com/countries/france/food/calorie-per-serving-calculator/",true,true,"Indexable","Clean canonical, allowed in robots, valid status","Maintain and monitor"
"https://freeaccuratecalculator.com/countries/france/food/",200,true,"index,follow","https://freeaccuratecalculator.com/countries/france/food/",true,true,"Indexable","Clean canonical, allowed in robots, valid status","Maintain and monitor"
"https://freeaccuratecalculator.com/countries/france/food/macronutrient-calculator/",200,true,"index,follow","https://freeaccuratecalculator.com/countries/france/food/macronutrient-calculator/",true,true,"Indexable","Clean canonical, allowed in robots, valid status","Maintain and monitor"
"https://freeaccuratecalculator.com/countries/france/food/recipe-scaler-calculator/",200,true,"index,follow","https://freeaccuratecalculator.com/countries/france/food/recipe-scaler-calculator/",true,true,"Indexable","Clean canonical, allowed in robots, valid status","Maintain and monitor"
"https://freeaccuratecalculator.com/countries/france/fraction-calculator/",200,true,"index,follow","https://freeaccuratecalculator.com/countries/france/fraction-calculator/",true,true,"Indexable","Clean canonical, allowed in robots, valid status","Maintain and monitor"
"https://freeaccuratecalculator.com/countries/france/frais-de-notaire/",200,true,"index,follow","https://freeaccuratecalculator.com/countries/france/frais-de-notaire/",true,true,"Indexable","Clean canonical, allowed in robots, valid status","Maintain and monitor"
"https://freeaccuratecalculator.com/countries/france/frais-notaire/bordeaux/",200,true,"index,follow","https://freeaccuratecalculator.com/countries/france/frais-notaire/bordeaux/",true,true,"Indexable","Clean canonical, allowed in robots, valid status","Maintain and monitor"
"https://freeaccuratecalculator.com/countries/france/frais-notaire/lille/",200,true,"index,follow","https://freeaccuratecalculator.com/countries/france/frais-notaire/lille/",true,true,"Indexable","Clean canonical, allowed in robots, valid status","Maintain and monitor"
"https://freeaccuratecalculator.com/countries/france/frais-notaire/lyon/",200,true,"index,follow","https://freeaccuratecalculator.com/countries/france/frais-notaire/lyon/",true,true,"Indexable","Clean canonical, allowed in robots, valid status","Maintain and monitor"
"https://freeaccuratecalculator.com/countries/france/frais-notaire/marseille/",200,true,"index,follow","https://freeaccuratecalculator.com/countries/france/frais-notaire/marseille/",true,true,"Indexable","Clean canonical, allowed in robots, valid status","Maintain and monitor"
"https://freeaccuratecalculator.com/countries/france/frais-notaire/montpellier/",200,true,"index,follow","https://freeaccuratecalculator.com/countries/france/frais-notaire/montpellier/",true,true,"Indexable","Clean canonical, allowed in robots, valid status","Maintain and monitor"
"https://freeaccuratecalculator.com/countries/france/frais-notaire/nantes/",200,true,"index,follow","https://freeaccuratecalculator.com/countries/france/frais-notaire/nantes/",true,true,"Indexable","Clean canonical, allowed in robots, valid status","Maintain and monitor"
"https://freeaccuratecalculator.com/countries/france/frais-notaire/nice/",200,true,"index,follow","https://freeaccuratecalculator.com/countries/france/frais-notaire/nice/",true,true,"Indexable","Clean canonical, allowed in robots, valid status","Maintain and monitor"
"https://freeaccuratecalculator.com/countries/france/frais-notaire/paris/",200,true,"index,follow","https://freeaccuratecalculator.com/countries/france/frais-notaire/paris/",true,true,"Indexable","Clean canonical, allowed in robots, valid status","Maintain and monitor"
"https://freeaccuratecalculator.com/countries/france/frais-notaire/strasbourg/",200,true,"index,follow","https://freeaccuratecalculator.com/countries/france/frais-notaire/strasbourg/",true,true,"Indexable","Clean canonical, allowed in robots, valid status","Maintain and monitor"
"https://freeaccuratecalculator.com/countries/france/frais-notaire/toulouse/",200,true,"index,follow","https://freeaccuratecalculator.com/countries/france/frais-notaire/toulouse/",true,true,"Indexable","Clean canonical, allowed in robots, valid status","Maintain and monitor"
"https://freeaccuratecalculator.com/countries/france/frais-reels-abattement/",200,true,"index,follow","https://freeaccuratecalculator.com/countries/france/frais-reels-abattement/",true,true,"Indexable","Clean canonical, allowed in robots, valid status","Maintain and monitor"
"https://freeaccuratecalculator.com/countries/france/fuel-cost-calculator/",200,true,"index,follow","https://freeaccuratecalculator.com/countries/france/fuel-cost-calculator/",true,true,"Indexable","Clean canonical, allowed in robots, valid status","Maintain and monitor"
"https://freeaccuratecalculator.com/countries/france/golf-handicap-calculator/",200,true,"index,follow","https://freeaccuratecalculator.com/countries/france/golf-handicap-calculator/",true,true,"Indexable","Clean canonical, allowed in robots, valid status","Maintain and monitor"
"https://freeaccuratecalculator.com/countries/france/gpa-calculator/",200,true,"index,follow","https://freeaccuratecalculator.com/countries/france/gpa-calculator/",true,true,"Indexable","Clean canonical, allowed in robots, valid status","Maintain and monitor"
"https://freeaccuratecalculator.com/countries/france/grade-calculator/",200,true,"index,follow","https://freeaccuratecalculator.com/countries/france/grade-calculator/",true,true,"Indexable","Clean canonical, allowed in robots, valid status","Maintain and monitor"
"https://freeaccuratecalculator.com/countries/france/guides/assurance-emprunteur-loi-lemoine/",200,true,"index,follow","https://freeaccuratecalculator.com/countries/france/guides/assurance-emprunteur-loi-lemoine/",true,true,"Indexable","Clean canonical, allowed in robots, valid status","Maintain and monitor"
"https://freeaccuratecalculator.com/countries/france/guides/bareme-impot-revenu-2026/",200,true,"index,follow","https://freeaccuratecalculator.com/countries/france/guides/bareme-impot-revenu-2026/",true,true,"Indexable","Clean canonical, allowed in robots, valid status","Maintain and monitor"
"https://freeaccuratecalculator.com/countries/france/guides/bareme-kilometrique-dgfip-2026/",200,true,"index,follow","https://freeaccuratecalculator.com/countries/france/guides/bareme-kilometrique-dgfip-2026/",true,true,"Indexable","Clean canonical, allowed in robots, valid status","Maintain and monitor"
"https://freeaccuratecalculator.com/countries/france/guides/calcul-tva-france-taux-formules/",200,true,"index,follow","https://freeaccuratecalculator.com/countries/france/guides/calcul-tva-france-taux-formules/",true,true,"Indexable","Clean canonical, allowed in robots, valid status","Maintain and monitor"
"https://freeaccuratecalculator.com/countries/france/guides/conversion-salaire-brut-en-net-france/",200,true,"index,follow","https://freeaccuratecalculator.com/countries/france/guides/conversion-salaire-brut-en-net-france/",true,true,"Indexable","Clean canonical, allowed in robots, valid status","Maintain and monitor"
"https://freeaccuratecalculator.com/countries/france/guides/frais-reels-vs-abattement-10/",200,true,"index,follow","https://freeaccuratecalculator.com/countries/france/guides/frais-reels-vs-abattement-10/",true,true,"Indexable","Clean canonical, allowed in robots, valid status","Maintain and monitor"
"https://freeaccuratecalculator.com/countries/france/guides/indemnite-legale-licenciement-code-travail/",200,true,"index,follow","https://freeaccuratecalculator.com/countries/france/guides/indemnite-legale-licenciement-code-travail/",true,true,"Indexable","Clean canonical, allowed in robots, valid status","Maintain and monitor"
"https://freeaccuratecalculator.com/countries/france/guides/",200,true,"index,follow","https://freeaccuratecalculator.com/countries/france/guides/",true,true,"Indexable","Clean canonical, allowed in robots, valid status","Maintain and monitor"
"https://freeaccuratecalculator.com/countries/france/guides/interets-composes-epargne-france/",200,true,"index,follow","https://freeaccuratecalculator.com/countries/france/guides/interets-composes-epargne-france/",true,true,"Indexable","Clean canonical, allowed in robots, valid status","Maintain and monitor"
"https://freeaccuratecalculator.com/countries/france/guides/pret-immobilier-normes-hcsf-2026/",200,true,"index,follow","https://freeaccuratecalculator.com/countries/france/guides/pret-immobilier-normes-hcsf-2026/",true,true,"Indexable","Clean canonical, allowed in robots, valid status","Maintain and monitor"
"https://freeaccuratecalculator.com/countries/france/guides/reforme-retraite-france-64-ans/",200,true,"index,follow","https://freeaccuratecalculator.com/countries/france/guides/reforme-retraite-france-64-ans/",true,true,"Indexable","Clean canonical, allowed in robots, valid status","Maintain and monitor"
"https://freeaccuratecalculator.com/countries/france/guides/simulateur-apl-baremes-caf-2026/",200,true,"index,follow","https://freeaccuratecalculator.com/countries/france/guides/simulateur-apl-baremes-caf-2026/",true,true,"Indexable","Clean canonical, allowed in robots, valid status","Maintain and monitor"
"https://freeaccuratecalculator.com/countries/france/guides/taxe-amenagement-baremes-2026/",200,true,"index,follow","https://freeaccuratecalculator.com/countries/france/guides/taxe-amenagement-baremes-2026/",true,true,"Indexable","Clean canonical, allowed in robots, valid status","Maintain and monitor"
"https://freeaccuratecalculator.com/countries/france/hardy-weinberg-calculator/",200,true,"index,follow","https://freeaccuratecalculator.com/countries/france/hardy-weinberg-calculator/",true,true,"Indexable","Clean canonical, allowed in robots, valid status","Maintain and monitor"
"https://freeaccuratecalculator.com/countries/france/health/bmr-calculator/",200,true,"index,follow","https://freeaccuratecalculator.com/countries/france/health/bmr-calculator/",true,true,"Indexable","Clean canonical, allowed in robots, valid status","Maintain and monitor"
"https://freeaccuratecalculator.com/countries/france/health/body-fat-calculator/",200,true,"index,follow","https://freeaccuratecalculator.com/countries/france/health/body-fat-calculator/",true,true,"Indexable","Clean canonical, allowed in robots, valid status","Maintain and monitor"
"https://freeaccuratecalculator.com/countries/france/health/due-date-calculator/",200,true,"index,follow","https://freeaccuratecalculator.com/countries/france/health/due-date-calculator/",true,true,"Indexable","Clean canonical, allowed in robots, valid status","Maintain and monitor"
"https://freeaccuratecalculator.com/countries/france/health/ideal-weight-calculator/",200,true,"index,follow","https://freeaccuratecalculator.com/countries/france/health/ideal-weight-calculator/",true,true,"Indexable","Clean canonical, allowed in robots, valid status","Maintain and monitor"
"https://freeaccuratecalculator.com/countries/france/health/",200,true,"index,follow","https://freeaccuratecalculator.com/countries/france/health/",true,true,"Indexable","Clean canonical, allowed in robots, valid status","Maintain and monitor"
"https://freeaccuratecalculator.com/countries/france/health/pace-calculator/",200,true,"index,follow","https://freeaccuratecalculator.com/countries/france/health/pace-calculator/",true,true,"Indexable","Clean canonical, allowed in robots, valid status","Maintain and monitor"
"https://freeaccuratecalculator.com/countries/france/health/pregnancy-calculator/",200,true,"index,follow","https://freeaccuratecalculator.com/countries/france/health/pregnancy-calculator/",true,true,"Indexable","Clean canonical, allowed in robots, valid status","Maintain and monitor"
"https://freeaccuratecalculator.com/countries/france/health/pregnancy-conception-calculator/",200,true,"index,follow","https://freeaccuratecalculator.com/countries/france/health/pregnancy-conception-calculator/",true,true,"Indexable","Clean canonical, allowed in robots, valid status","Maintain and monitor"
"https://freeaccuratecalculator.com/countries/france/health-insurance-calculator/",200,true,"index,follow","https://freeaccuratecalculator.com/countries/france/health-insurance-calculator/",true,true,"Indexable","Clean canonical, allowed in robots, valid status","Maintain and monitor"
"https://freeaccuratecalculator.com/countries/france/heart-rate-zone-calculator/",200,true,"index,follow","https://freeaccuratecalculator.com/countries/france/heart-rate-zone-calculator/",true,true,"Indexable","Clean canonical, allowed in robots, valid status","Maintain and monitor"
"https://freeaccuratecalculator.com/countries/france/homeowners-insurance-calculator/",200,true,"index,follow","https://freeaccuratecalculator.com/countries/france/homeowners-insurance-calculator/",true,true,"Indexable","Clean canonical, allowed in robots, valid status","Maintain and monitor"
"https://freeaccuratecalculator.com/countries/france/hours-calculator/",200,true,"index,follow","https://freeaccuratecalculator.com/countries/france/hours-calculator/",true,true,"Indexable","Clean canonical, allowed in robots, valid status","Maintain and monitor"
"https://freeaccuratecalculator.com/countries/france/ideal-weight-calculator/",200,true,"index,follow","https://freeaccuratecalculator.com/countries/france/ideal-weight-calculator/",true,true,"Indexable","Clean canonical, allowed in robots, valid status","Maintain and monitor"
"https://freeaccuratecalculator.com/countries/france/income-tax-calculator/",200,true,"index,follow","https://freeaccuratecalculator.com/countries/france/income-tax-calculator/",true,true,"Indexable","Clean canonical, allowed in robots, valid status","Maintain and monitor"
"https://freeaccuratecalculator.com/countries/france/indemnite-licenciement/",200,true,"index,follow","https://freeaccuratecalculator.com/countries/france/indemnite-licenciement/",true,true,"Indexable","Clean canonical, allowed in robots, valid status","Maintain and monitor"
"https://freeaccuratecalculator.com/countries/france/indemnites-kilometriques/",200,true,"index,follow","https://freeaccuratecalculator.com/countries/france/indemnites-kilometriques/",true,true,"Indexable","Clean canonical, allowed in robots, valid status","Maintain and monitor"
"https://freeaccuratecalculator.com/countries/france/",200,true,"index,follow","https://freeaccuratecalculator.com/countries/france/",true,true,"Indexable","Clean canonical, allowed in robots, valid status","Maintain and monitor"
"https://freeaccuratecalculator.com/countries/france/inflation-calculator/",200,true,"index,follow","https://freeaccuratecalculator.com/countries/france/inflation-calculator/",true,true,"Indexable","Clean canonical, allowed in robots, valid status","Maintain and monitor"
"https://freeaccuratecalculator.com/countries/france/insurance/annuity-payout-calculator/",200,true,"index,follow","https://freeaccuratecalculator.com/countries/france/insurance/annuity-payout-calculator/",true,true,"Indexable","Clean canonical, allowed in robots, valid status","Maintain and monitor"
"https://freeaccuratecalculator.com/countries/france/insurance/auto-insurance-calculator/",200,true,"index,follow","https://freeaccuratecalculator.com/countries/france/insurance/auto-insurance-calculator/",true,true,"Indexable","Clean canonical, allowed in robots, valid status","Maintain and monitor"
"https://freeaccuratecalculator.com/countries/france/insurance/disability-insurance-calculator/",200,true,"index,follow","https://freeaccuratecalculator.com/countries/france/insurance/disability-insurance-calculator/",true,true,"Indexable","Clean canonical, allowed in robots, valid status","Maintain and monitor"
"https://freeaccuratecalculator.com/countries/france/insurance/health-insurance-calculator/",200,true,"index,follow","https://freeaccuratecalculator.com/countries/france/insurance/health-insurance-calculator/",true,true,"Indexable","Clean canonical, allowed in robots, valid status","Maintain and monitor"
"https://freeaccuratecalculator.com/countries/france/insurance/homeowners-insurance-calculator/",200,true,"index,follow","https://freeaccuratecalculator.com/countries/france/insurance/homeowners-insurance-calculator/",true,true,"Indexable","Clean canonical, allowed in robots, valid status","Maintain and monitor"
"https://freeaccuratecalculator.com/countries/france/insurance/",200,true,"index,follow","https://freeaccuratecalculator.com/countries/france/insurance/",true,true,"Indexable","Clean canonical, allowed in robots, valid status","Maintain and monitor"
"https://freeaccuratecalculator.com/countries/france/insurance/renters-insurance-calculator/",200,true,"index,follow","https://freeaccuratecalculator.com/countries/france/insurance/renters-insurance-calculator/",true,true,"Indexable","Clean canonical, allowed in robots, valid status","Maintain and monitor"
"https://freeaccuratecalculator.com/countries/france/insurance/term-life-insurance-calculator/",200,true,"index,follow","https://freeaccuratecalculator.com/countries/france/insurance/term-life-insurance-calculator/",true,true,"Indexable","Clean canonical, allowed in robots, valid status","Maintain and monitor"
"https://freeaccuratecalculator.com/countries/france/insurance/umbrella-insurance-calculator/",200,true,"index,follow","https://freeaccuratecalculator.com/countries/france/insurance/umbrella-insurance-calculator/",true,true,"Indexable","Clean canonical, allowed in robots, valid status","Maintain and monitor"
"https://freeaccuratecalculator.com/countries/france/insurance/whole-life-insurance-calculator/",200,true,"index,follow","https://freeaccuratecalculator.com/countries/france/insurance/whole-life-insurance-calculator/",true,true,"Indexable","Clean canonical, allowed in robots, valid status","Maintain and monitor"
"https://freeaccuratecalculator.com/countries/france/interest-calculator/",200,true,"index,follow","https://freeaccuratecalculator.com/countries/france/interest-calculator/",true,true,"Indexable","Clean canonical, allowed in robots, valid status","Maintain and monitor"
"https://freeaccuratecalculator.com/countries/france/interest-rate-calculator/",200,true,"index,follow","https://freeaccuratecalculator.com/countries/france/interest-rate-calculator/",true,true,"Indexable","Clean canonical, allowed in robots, valid status","Maintain and monitor"
"https://freeaccuratecalculator.com/countries/france/investment-calculator/",200,true,"index,follow","https://freeaccuratecalculator.com/countries/france/investment-calculator/",true,true,"Indexable","Clean canonical, allowed in robots, valid status","Maintain and monitor"
"https://freeaccuratecalculator.com/countries/france/kinetic-energy-calculator/",200,true,"index,follow","https://freeaccuratecalculator.com/countries/france/kinetic-energy-calculator/",true,true,"Indexable","Clean canonical, allowed in robots, valid status","Maintain and monitor"
"https://freeaccuratecalculator.com/countries/france/legal/alimony-calculator/",200,true,"index,follow","https://freeaccuratecalculator.com/countries/france/legal/alimony-calculator/",true,true,"Indexable","Clean canonical, allowed in robots, valid status","Maintain and monitor"
"https://freeaccuratecalculator.com/countries/france/legal/child-support-calculator/",200,true,"index,follow","https://freeaccuratecalculator.com/countries/france/legal/child-support-calculator/",true,true,"Indexable","Clean canonical, allowed in robots, valid status","Maintain and monitor"
"https://freeaccuratecalculator.com/countries/france/legal/",200,true,"index,follow","https://freeaccuratecalculator.com/countries/france/legal/",true,true,"Indexable","Clean canonical, allowed in robots, valid status","Maintain and monitor"
"https://freeaccuratecalculator.com/countries/france/legal/legal-fee-calculator/",200,true,"index,follow","https://freeaccuratecalculator.com/countries/france/legal/legal-fee-calculator/",true,true,"Indexable","Clean canonical, allowed in robots, valid status","Maintain and monitor"
"https://freeaccuratecalculator.com/countries/france/legal/settlement-value-calculator/",200,true,"index,follow","https://freeaccuratecalculator.com/countries/france/legal/settlement-value-calculator/",true,true,"Indexable","Clean canonical, allowed in robots, valid status","Maintain and monitor"
"https://freeaccuratecalculator.com/countries/france/legal-fee-calculator/",200,true,"index,follow","https://freeaccuratecalculator.com/countries/france/legal-fee-calculator/",true,true,"Indexable","Clean canonical, allowed in robots, valid status","Maintain and monitor"
"https://freeaccuratecalculator.com/countries/france/length-converter/",200,true,"index,follow","https://freeaccuratecalculator.com/countries/france/length-converter/",true,true,"Indexable","Clean canonical, allowed in robots, valid status","Maintain and monitor"
"https://freeaccuratecalculator.com/countries/france/loan-calculator/",200,true,"index,follow","https://freeaccuratecalculator.com/countries/france/loan-calculator/",true,true,"Indexable","Clean canonical, allowed in robots, valid status","Maintain and monitor"
"https://freeaccuratecalculator.com/countries/france/love/",200,true,"index,follow","https://freeaccuratecalculator.com/countries/france/love/",true,true,"Indexable","Clean canonical, allowed in robots, valid status","Maintain and monitor"
"https://freeaccuratecalculator.com/countries/france/love/love-calculator/",200,true,"index,follow","https://freeaccuratecalculator.com/countries/france/love/love-calculator/",true,true,"Indexable","Clean canonical, allowed in robots, valid status","Maintain and monitor"
"https://freeaccuratecalculator.com/countries/france/love/love-compatibility-calculator/",200,true,"index,follow","https://freeaccuratecalculator.com/countries/france/love/love-compatibility-calculator/",true,true,"Indexable","Clean canonical, allowed in robots, valid status","Maintain and monitor"
"https://freeaccuratecalculator.com/countries/france/love/relationship-counter/",200,true,"index,follow","https://freeaccuratecalculator.com/countries/france/love/relationship-counter/",true,true,"Indexable","Clean canonical, allowed in robots, valid status","Maintain and monitor"
"https://freeaccuratecalculator.com/countries/france/love-calculator/",200,true,"index,follow","https://freeaccuratecalculator.com/countries/france/love-calculator/",true,true,"Indexable","Clean canonical, allowed in robots, valid status","Maintain and monitor"
"https://freeaccuratecalculator.com/countries/france/love-compatibility-calculator/",200,true,"index,follow","https://freeaccuratecalculator.com/countries/france/love-compatibility-calculator/",true,true,"Indexable","Clean canonical, allowed in robots, valid status","Maintain and monitor"
"https://freeaccuratecalculator.com/countries/france/lumpsum-calculator/",200,true,"index,follow","https://freeaccuratecalculator.com/countries/france/lumpsum-calculator/",true,true,"Indexable","Clean canonical, allowed in robots, valid status","Maintain and monitor"
"https://freeaccuratecalculator.com/countries/france/macronutrient-calculator/",200,true,"index,follow","https://freeaccuratecalculator.com/countries/france/macronutrient-calculator/",true,true,"Indexable","Clean canonical, allowed in robots, valid status","Maintain and monitor"
"https://freeaccuratecalculator.com/countries/france/marketing/cac-calculator/",200,true,"index,follow","https://freeaccuratecalculator.com/countries/france/marketing/cac-calculator/",true,true,"Indexable","Clean canonical, allowed in robots, valid status","Maintain and monitor"
"https://freeaccuratecalculator.com/countries/france/marketing/conversion-rate-calculator/",200,true,"index,follow","https://freeaccuratecalculator.com/countries/france/marketing/conversion-rate-calculator/",true,true,"Indexable","Clean canonical, allowed in robots, valid status","Maintain and monitor"
"https://freeaccuratecalculator.com/countries/france/marketing/email-roi-calculator/",200,true,"index,follow","https://freeaccuratecalculator.com/countries/france/marketing/email-roi-calculator/",true,true,"Indexable","Clean canonical, allowed in robots, valid status","Maintain and monitor"
"https://freeaccuratecalculator.com/countries/france/marketing/",200,true,"index,follow","https://freeaccuratecalculator.com/countries/france/marketing/",true,true,"Indexable","Clean canonical, allowed in robots, valid status","Maintain and monitor"
"https://freeaccuratecalculator.com/countries/france/marketing/roas-calculator/",200,true,"index,follow","https://freeaccuratecalculator.com/countries/france/marketing/roas-calculator/",true,true,"Indexable","Clean canonical, allowed in robots, valid status","Maintain and monitor"
"https://freeaccuratecalculator.com/countries/france/math/fraction-calculator/",200,true,"index,follow","https://freeaccuratecalculator.com/countries/france/math/fraction-calculator/",true,true,"Indexable","Clean canonical, allowed in robots, valid status","Maintain and monitor"
"https://freeaccuratecalculator.com/countries/france/math/",200,true,"index,follow","https://freeaccuratecalculator.com/countries/france/math/",true,true,"Indexable","Clean canonical, allowed in robots, valid status","Maintain and monitor"
"https://freeaccuratecalculator.com/countries/france/math/random-number-generator/",200,true,"index,follow","https://freeaccuratecalculator.com/countries/france/math/random-number-generator/",true,true,"Indexable","Clean canonical, allowed in robots, valid status","Maintain and monitor"
"https://freeaccuratecalculator.com/countries/france/math/scientific-calculator/",200,true,"index,follow","https://freeaccuratecalculator.com/countries/france/math/scientific-calculator/",true,true,"Indexable","Clean canonical, allowed in robots, valid status","Maintain and monitor"
"https://freeaccuratecalculator.com/countries/france/math/triangle-calculator/",200,true,"index,follow","https://freeaccuratecalculator.com/countries/france/math/triangle-calculator/",true,true,"Indexable","Clean canonical, allowed in robots, valid status","Maintain and monitor"
"https://freeaccuratecalculator.com/countries/france/molar-mass-calculator/",200,true,"index,follow","https://freeaccuratecalculator.com/countries/france/molar-mass-calculator/",true,true,"Indexable","Clean canonical, allowed in robots, valid status","Maintain and monitor"
"https://freeaccuratecalculator.com/countries/france/molecular-weight-calculator/",200,true,"index,follow","https://freeaccuratecalculator.com/countries/france/molecular-weight-calculator/",true,true,"Indexable","Clean canonical, allowed in robots, valid status","Maintain and monitor"
"https://freeaccuratecalculator.com/countries/france/mortgage-calculator/",200,true,"index,follow","https://freeaccuratecalculator.com/countries/france/mortgage-calculator/",true,true,"Indexable","Clean canonical, allowed in robots, valid status","Maintain and monitor"
"https://freeaccuratecalculator.com/countries/france/mpg-calculator/",200,true,"index,follow","https://freeaccuratecalculator.com/countries/france/mpg-calculator/",true,true,"Indexable","Clean canonical, allowed in robots, valid status","Maintain and monitor"
"https://freeaccuratecalculator.com/countries/france/ohms-law-calculator/",200,true,"index,follow","https://freeaccuratecalculator.com/countries/france/ohms-law-calculator/",true,true,"Indexable","Clean canonical, allowed in robots, valid status","Maintain and monitor"
"https://freeaccuratecalculator.com/countries/france/one-rep-max-calculator/",200,true,"index,follow","https://freeaccuratecalculator.com/countries/france/one-rep-max-calculator/",true,true,"Indexable","Clean canonical, allowed in robots, valid status","Maintain and monitor"
"https://freeaccuratecalculator.com/countries/france/pace-calculator/",200,true,"index,follow","https://freeaccuratecalculator.com/countries/france/pace-calculator/",true,true,"Indexable","Clean canonical, allowed in robots, valid status","Maintain and monitor"
"https://freeaccuratecalculator.com/countries/france/paint-calculator/",200,true,"index,follow","https://freeaccuratecalculator.com/countries/france/paint-calculator/",true,true,"Indexable","Clean canonical, allowed in robots, valid status","Maintain and monitor"
"https://freeaccuratecalculator.com/countries/france/password-generator/",200,true,"index,follow","https://freeaccuratecalculator.com/countries/france/password-generator/",true,true,"Indexable","Clean canonical, allowed in robots, valid status","Maintain and monitor"
"https://freeaccuratecalculator.com/countries/france/payment-calculator/",200,true,"index,follow","https://freeaccuratecalculator.com/countries/france/payment-calculator/",true,true,"Indexable","Clean canonical, allowed in robots, valid status","Maintain and monitor"
"https://freeaccuratecalculator.com/countries/france/ph-calculator/",200,true,"index,follow","https://freeaccuratecalculator.com/countries/france/ph-calculator/",true,true,"Indexable","Clean canonical, allowed in robots, valid status","Maintain and monitor"
"https://freeaccuratecalculator.com/countries/france/physics/",200,true,"index,follow","https://freeaccuratecalculator.com/countries/france/physics/",true,true,"Indexable","Clean canonical, allowed in robots, valid status","Maintain and monitor"
"https://freeaccuratecalculator.com/countries/france/physics/kinetic-energy-calculator/",200,true,"index,follow","https://freeaccuratecalculator.com/countries/france/physics/kinetic-energy-calculator/",true,true,"Indexable","Clean canonical, allowed in robots, valid status","Maintain and monitor"
"https://freeaccuratecalculator.com/countries/france/physics/ohms-law-calculator/",200,true,"index,follow","https://freeaccuratecalculator.com/countries/france/physics/ohms-law-calculator/",true,true,"Indexable","Clean canonical, allowed in robots, valid status","Maintain and monitor"
"https://freeaccuratecalculator.com/countries/france/physics/projectile-motion-calculator/",200,true,"index,follow","https://freeaccuratecalculator.com/countries/france/physics/projectile-motion-calculator/",true,true,"Indexable","Clean canonical, allowed in robots, valid status","Maintain and monitor"
"https://freeaccuratecalculator.com/countries/france/physics/velocity-acceleration-calculator/",200,true,"index,follow","https://freeaccuratecalculator.com/countries/france/physics/velocity-acceleration-calculator/",true,true,"Indexable","Clean canonical, allowed in robots, valid status","Maintain and monitor"
"https://freeaccuratecalculator.com/countries/france/pregnancy-calculator/",200,true,"index,follow","https://freeaccuratecalculator.com/countries/france/pregnancy-calculator/",true,true,"Indexable","Clean canonical, allowed in robots, valid status","Maintain and monitor"
"https://freeaccuratecalculator.com/countries/france/pregnancy-conception-calculator/",200,true,"index,follow","https://freeaccuratecalculator.com/countries/france/pregnancy-conception-calculator/",true,true,"Indexable","Clean canonical, allowed in robots, valid status","Maintain and monitor"
"https://freeaccuratecalculator.com/countries/france/probability-calculator/",200,true,"index,follow","https://freeaccuratecalculator.com/countries/france/probability-calculator/",true,true,"Indexable","Clean canonical, allowed in robots, valid status","Maintain and monitor"
"https://freeaccuratecalculator.com/countries/france/profit-margin-calculator/",200,true,"index,follow","https://freeaccuratecalculator.com/countries/france/profit-margin-calculator/",true,true,"Indexable","Clean canonical, allowed in robots, valid status","Maintain and monitor"
"https://freeaccuratecalculator.com/countries/france/projectile-motion-calculator/",200,true,"index,follow","https://freeaccuratecalculator.com/countries/france/projectile-motion-calculator/",true,true,"Indexable","Clean canonical, allowed in robots, valid status","Maintain and monitor"
"https://freeaccuratecalculator.com/countries/france/property-tax-calculator/",200,true,"index,follow","https://freeaccuratecalculator.com/countries/france/property-tax-calculator/",true,true,"Indexable","Clean canonical, allowed in robots, valid status","Maintain and monitor"
"https://freeaccuratecalculator.com/countries/france/punnett-square-calculator/",200,true,"index,follow","https://freeaccuratecalculator.com/countries/france/punnett-square-calculator/",true,true,"Indexable","Clean canonical, allowed in robots, valid status","Maintain and monitor"
"https://freeaccuratecalculator.com/countries/france/random-number-generator/",200,true,"index,follow","https://freeaccuratecalculator.com/countries/france/random-number-generator/",true,true,"Indexable","Clean canonical, allowed in robots, valid status","Maintain and monitor"
"https://freeaccuratecalculator.com/countries/france/real-estate/cap-rate-calculator/",200,true,"index,follow","https://freeaccuratecalculator.com/countries/france/real-estate/cap-rate-calculator/",true,true,"Indexable","Clean canonical, allowed in robots, valid status","Maintain and monitor"
"https://freeaccuratecalculator.com/countries/france/real-estate/",200,true,"index,follow","https://freeaccuratecalculator.com/countries/france/real-estate/",true,true,"Indexable","Clean canonical, allowed in robots, valid status","Maintain and monitor"
"https://freeaccuratecalculator.com/countries/france/real-estate/property-tax-calculator/",200,true,"index,follow","https://freeaccuratecalculator.com/countries/france/real-estate/property-tax-calculator/",true,true,"Indexable","Clean canonical, allowed in robots, valid status","Maintain and monitor"
"https://freeaccuratecalculator.com/countries/france/real-estate/rental-yield-calculator/",200,true,"index,follow","https://freeaccuratecalculator.com/countries/france/real-estate/rental-yield-calculator/",true,true,"Indexable","Clean canonical, allowed in robots, valid status","Maintain and monitor"
"https://freeaccuratecalculator.com/countries/france/recipe-scaler-calculator/",200,true,"index,follow","https://freeaccuratecalculator.com/countries/france/recipe-scaler-calculator/",true,true,"Indexable","Clean canonical, allowed in robots, valid status","Maintain and monitor"
"https://freeaccuratecalculator.com/countries/france/relationship-counter/",200,true,"index,follow","https://freeaccuratecalculator.com/countries/france/relationship-counter/",true,true,"Indexable","Clean canonical, allowed in robots, valid status","Maintain and monitor"
"https://freeaccuratecalculator.com/countries/france/rental-yield-calculator/",200,true,"index,follow","https://freeaccuratecalculator.com/countries/france/rental-yield-calculator/",true,true,"Indexable","Clean canonical, allowed in robots, valid status","Maintain and monitor"
"https://freeaccuratecalculator.com/countries/france/renters-insurance-calculator/",200,true,"index,follow","https://freeaccuratecalculator.com/countries/france/renters-insurance-calculator/",true,true,"Indexable","Clean canonical, allowed in robots, valid status","Maintain and monitor"
"https://freeaccuratecalculator.com/countries/france/retirement-calculator/",200,true,"index,follow","https://freeaccuratecalculator.com/countries/france/retirement-calculator/",true,true,"Indexable","Clean canonical, allowed in robots, valid status","Maintain and monitor"
"https://freeaccuratecalculator.com/countries/france/roas-calculator/",200,true,"index,follow","https://freeaccuratecalculator.com/countries/france/roas-calculator/",true,true,"Indexable","Clean canonical, allowed in robots, valid status","Maintain and monitor"
"https://freeaccuratecalculator.com/countries/france/roi-calculator/",200,true,"index,follow","https://freeaccuratecalculator.com/countries/france/roi-calculator/",true,true,"Indexable","Clean canonical, allowed in robots, valid status","Maintain and monitor"
"https://freeaccuratecalculator.com/countries/france/salary-calculator/",200,true,"index,follow","https://freeaccuratecalculator.com/countries/france/salary-calculator/",true,true,"Indexable","Clean canonical, allowed in robots, valid status","Maintain and monitor"
"https://freeaccuratecalculator.com/countries/france/sales-tax-calculator/",200,true,"index,follow","https://freeaccuratecalculator.com/countries/france/sales-tax-calculator/",true,true,"Indexable","Clean canonical, allowed in robots, valid status","Maintain and monitor"
"https://freeaccuratecalculator.com/countries/france/sample-size-calculator/",200,true,"index,follow","https://freeaccuratecalculator.com/countries/france/sample-size-calculator/",true,true,"Indexable","Clean canonical, allowed in robots, valid status","Maintain and monitor"
"https://freeaccuratecalculator.com/countries/france/scientific-calculator/",200,true,"index,follow","https://freeaccuratecalculator.com/countries/france/scientific-calculator/",true,true,"Indexable","Clean canonical, allowed in robots, valid status","Maintain and monitor"
"https://freeaccuratecalculator.com/countries/france/settlement-value-calculator/",200,true,"index,follow","https://freeaccuratecalculator.com/countries/france/settlement-value-calculator/",true,true,"Indexable","Clean canonical, allowed in robots, valid status","Maintain and monitor"
"https://freeaccuratecalculator.com/countries/france/simple-interest-calculator/",200,true,"index,follow","https://freeaccuratecalculator.com/countries/france/simple-interest-calculator/",true,true,"Indexable","Clean canonical, allowed in robots, valid status","Maintain and monitor"
"https://freeaccuratecalculator.com/countries/france/simulateur-apl/",200,true,"index,follow","https://freeaccuratecalculator.com/countries/france/simulateur-apl/",true,true,"Indexable","Clean canonical, allowed in robots, valid status","Maintain and monitor"
"https://freeaccuratecalculator.com/countries/france/simulateur-lmnp-reel-micro-bic/",200,true,"index,follow","https://freeaccuratecalculator.com/countries/france/simulateur-lmnp-reel-micro-bic/",true,true,"Indexable","Clean canonical, allowed in robots, valid status","Maintain and monitor"
"https://freeaccuratecalculator.com/countries/france/simulateur-ptz/",200,true,"index,follow","https://freeaccuratecalculator.com/countries/france/simulateur-ptz/",true,true,"Indexable","Clean canonical, allowed in robots, valid status","Maintain and monitor"
"https://freeaccuratecalculator.com/countries/france/simulateur-salaire-brut-net/",200,true,"index,follow","https://freeaccuratecalculator.com/countries/france/simulateur-salaire-brut-net/",true,true,"Indexable","Clean canonical, allowed in robots, valid status","Maintain and monitor"
"https://freeaccuratecalculator.com/countries/france/sip-calculator/",200,true,"index,follow","https://freeaccuratecalculator.com/countries/france/sip-calculator/",true,true,"Indexable","Clean canonical, allowed in robots, valid status","Maintain and monitor"
"https://freeaccuratecalculator.com/countries/france/solar-energy-calculator/",200,true,"index,follow","https://freeaccuratecalculator.com/countries/france/solar-energy-calculator/",true,true,"Indexable","Clean canonical, allowed in robots, valid status","Maintain and monitor"
"https://freeaccuratecalculator.com/countries/france/solution-dilution-calculator/",200,true,"index,follow","https://freeaccuratecalculator.com/countries/france/solution-dilution-calculator/",true,true,"Indexable","Clean canonical, allowed in robots, valid status","Maintain and monitor"
"https://freeaccuratecalculator.com/countries/france/sports/golf-handicap-calculator/",200,true,"index,follow","https://freeaccuratecalculator.com/countries/france/sports/golf-handicap-calculator/",true,true,"Indexable","Clean canonical, allowed in robots, valid status","Maintain and monitor"
"https://freeaccuratecalculator.com/countries/france/sports/heart-rate-zone-calculator/",200,true,"index,follow","https://freeaccuratecalculator.com/countries/france/sports/heart-rate-zone-calculator/",true,true,"Indexable","Clean canonical, allowed in robots, valid status","Maintain and monitor"
"https://freeaccuratecalculator.com/countries/france/sports/",200,true,"index,follow","https://freeaccuratecalculator.com/countries/france/sports/",true,true,"Indexable","Clean canonical, allowed in robots, valid status","Maintain and monitor"
"https://freeaccuratecalculator.com/countries/france/sports/one-rep-max-calculator/",200,true,"index,follow","https://freeaccuratecalculator.com/countries/france/sports/one-rep-max-calculator/",true,true,"Indexable","Clean canonical, allowed in robots, valid status","Maintain and monitor"
"https://freeaccuratecalculator.com/countries/france/square-footage-calculator/",200,true,"index,follow","https://freeaccuratecalculator.com/countries/france/square-footage-calculator/",true,true,"Indexable","Clean canonical, allowed in robots, valid status","Maintain and monitor"
"https://freeaccuratecalculator.com/countries/france/standard-deviation-calculator/",200,true,"index,follow","https://freeaccuratecalculator.com/countries/france/standard-deviation-calculator/",true,true,"Indexable","Clean canonical, allowed in robots, valid status","Maintain and monitor"
"https://freeaccuratecalculator.com/countries/france/statistics/confidence-interval-calculator/",200,true,"index,follow","https://freeaccuratecalculator.com/countries/france/statistics/confidence-interval-calculator/",true,true,"Indexable","Clean canonical, allowed in robots, valid status","Maintain and monitor"
"https://freeaccuratecalculator.com/countries/france/statistics/",200,true,"index,follow","https://freeaccuratecalculator.com/countries/france/statistics/",true,true,"Indexable","Clean canonical, allowed in robots, valid status","Maintain and monitor"
"https://freeaccuratecalculator.com/countries/france/statistics/probability-calculator/",200,true,"index,follow","https://freeaccuratecalculator.com/countries/france/statistics/probability-calculator/",true,true,"Indexable","Clean canonical, allowed in robots, valid status","Maintain and monitor"
"https://freeaccuratecalculator.com/countries/france/statistics/sample-size-calculator/",200,true,"index,follow","https://freeaccuratecalculator.com/countries/france/statistics/sample-size-calculator/",true,true,"Indexable","Clean canonical, allowed in robots, valid status","Maintain and monitor"
"https://freeaccuratecalculator.com/countries/france/statistics/standard-deviation-calculator/",200,true,"index,follow","https://freeaccuratecalculator.com/countries/france/statistics/standard-deviation-calculator/",true,true,"Indexable","Clean canonical, allowed in robots, valid status","Maintain and monitor"
"https://freeaccuratecalculator.com/countries/france/step-up-sip-calculator/",200,true,"index,follow","https://freeaccuratecalculator.com/countries/france/step-up-sip-calculator/",true,true,"Indexable","Clean canonical, allowed in robots, valid status","Maintain and monitor"
"https://freeaccuratecalculator.com/countries/france/stoichiometry-calculator/",200,true,"index,follow","https://freeaccuratecalculator.com/countries/france/stoichiometry-calculator/",true,true,"Indexable","Clean canonical, allowed in robots, valid status","Maintain and monitor"
"https://freeaccuratecalculator.com/countries/france/subnet-calculator/",200,true,"index,follow","https://freeaccuratecalculator.com/countries/france/subnet-calculator/",true,true,"Indexable","Clean canonical, allowed in robots, valid status","Maintain and monitor"
"https://freeaccuratecalculator.com/countries/france/swp-calculator/",200,true,"index,follow","https://freeaccuratecalculator.com/countries/france/swp-calculator/",true,true,"Indexable","Clean canonical, allowed in robots, valid status","Maintain and monitor"
"https://freeaccuratecalculator.com/countries/france/taxe-amenagement/",200,true,"index,follow","https://freeaccuratecalculator.com/countries/france/taxe-amenagement/",true,true,"Indexable","Clean canonical, allowed in robots, valid status","Maintain and monitor"
"https://freeaccuratecalculator.com/countries/france/technology/bandwidth-calculator/",200,true,"index,follow","https://freeaccuratecalculator.com/countries/france/technology/bandwidth-calculator/",true,true,"Indexable","Clean canonical, allowed in robots, valid status","Maintain and monitor"
"https://freeaccuratecalculator.com/countries/france/technology/data-transfer-calculator/",200,true,"index,follow","https://freeaccuratecalculator.com/countries/france/technology/data-transfer-calculator/",true,true,"Indexable","Clean canonical, allowed in robots, valid status","Maintain and monitor"
"https://freeaccuratecalculator.com/countries/france/technology/",200,true,"index,follow","https://freeaccuratecalculator.com/countries/france/technology/",true,true,"Indexable","Clean canonical, allowed in robots, valid status","Maintain and monitor"
"https://freeaccuratecalculator.com/countries/france/technology/password-generator/",200,true,"index,follow","https://freeaccuratecalculator.com/countries/france/technology/password-generator/",true,true,"Indexable","Clean canonical, allowed in robots, valid status","Maintain and monitor"
"https://freeaccuratecalculator.com/countries/france/technology/subnet-calculator/",200,true,"index,follow","https://freeaccuratecalculator.com/countries/france/technology/subnet-calculator/",true,true,"Indexable","Clean canonical, allowed in robots, valid status","Maintain and monitor"
"https://freeaccuratecalculator.com/countries/france/temperature-converter/",200,true,"index,follow","https://freeaccuratecalculator.com/countries/france/temperature-converter/",true,true,"Indexable","Clean canonical, allowed in robots, valid status","Maintain and monitor"
"https://freeaccuratecalculator.com/countries/france/term-life-insurance-calculator/",200,true,"index,follow","https://freeaccuratecalculator.com/countries/france/term-life-insurance-calculator/",true,true,"Indexable","Clean canonical, allowed in robots, valid status","Maintain and monitor"
"https://freeaccuratecalculator.com/countries/france/time-calculator/",200,true,"index,follow","https://freeaccuratecalculator.com/countries/france/time-calculator/",true,true,"Indexable","Clean canonical, allowed in robots, valid status","Maintain and monitor"
"https://freeaccuratecalculator.com/countries/france/triangle-calculator/",200,true,"index,follow","https://freeaccuratecalculator.com/countries/france/triangle-calculator/",true,true,"Indexable","Clean canonical, allowed in robots, valid status","Maintain and monitor"
"https://freeaccuratecalculator.com/countries/france/umbrella-insurance-calculator/",200,true,"index,follow","https://freeaccuratecalculator.com/countries/france/umbrella-insurance-calculator/",true,true,"Indexable","Clean canonical, allowed in robots, valid status","Maintain and monitor"
"https://freeaccuratecalculator.com/countries/france/vat-calculator/",200,true,"index,follow","https://freeaccuratecalculator.com/countries/france/vat-calculator/",true,true,"Indexable","Clean canonical, allowed in robots, valid status","Maintain and monitor"
"https://freeaccuratecalculator.com/countries/france/velocity-acceleration-calculator/",200,true,"index,follow","https://freeaccuratecalculator.com/countries/france/velocity-acceleration-calculator/",true,true,"Indexable","Clean canonical, allowed in robots, valid status","Maintain and monitor"
"https://freeaccuratecalculator.com/countries/france/water-conservation-calculator/",200,true,"index,follow","https://freeaccuratecalculator.com/countries/france/water-conservation-calculator/",true,true,"Indexable","Clean canonical, allowed in robots, valid status","Maintain and monitor"
"https://freeaccuratecalculator.com/countries/france/weight-converter/",200,true,"index,follow","https://freeaccuratecalculator.com/countries/france/weight-converter/",true,true,"Indexable","Clean canonical, allowed in robots, valid status","Maintain and monitor"
"https://freeaccuratecalculator.com/countries/france/whole-life-insurance-calculator/",200,true,"index,follow","https://freeaccuratecalculator.com/countries/france/whole-life-insurance-calculator/",true,true,"Indexable","Clean canonical, allowed in robots, valid status","Maintain and monitor"
"https://freeaccuratecalculator.com/countries/germany/automotive/",200,true,"index,follow","https://freeaccuratecalculator.com/countries/germany/automotive/",true,true,"Indexable","Clean canonical, allowed in robots, valid status","Maintain and monitor"
"https://freeaccuratecalculator.com/countries/germany/biology/",200,true,"index,follow","https://freeaccuratecalculator.com/countries/germany/biology/",true,true,"Indexable","Clean canonical, allowed in robots, valid status","Maintain and monitor"
"https://freeaccuratecalculator.com/countries/germany/business/",200,true,"index,follow","https://freeaccuratecalculator.com/countries/germany/business/",true,true,"Indexable","Clean canonical, allowed in robots, valid status","Maintain and monitor"
"https://freeaccuratecalculator.com/countries/germany/chemistry/",200,true,"index,follow","https://freeaccuratecalculator.com/countries/germany/chemistry/",true,true,"Indexable","Clean canonical, allowed in robots, valid status","Maintain and monitor"
"https://freeaccuratecalculator.com/countries/germany/compound-interest-calculator/",200,true,"index,follow","https://freeaccuratecalculator.com/countries/germany/compound-interest-calculator/",true,true,"Indexable","Clean canonical, allowed in robots, valid status","Maintain and monitor"
"https://freeaccuratecalculator.com/countries/germany/construction/",200,true,"index,follow","https://freeaccuratecalculator.com/countries/germany/construction/",true,true,"Indexable","Clean canonical, allowed in robots, valid status","Maintain and monitor"
"https://freeaccuratecalculator.com/countries/germany/converter/",200,true,"index,follow","https://freeaccuratecalculator.com/countries/germany/converter/",true,true,"Indexable","Clean canonical, allowed in robots, valid status","Maintain and monitor"
"https://freeaccuratecalculator.com/countries/germany/ecology/",200,true,"index,follow","https://freeaccuratecalculator.com/countries/germany/ecology/",true,true,"Indexable","Clean canonical, allowed in robots, valid status","Maintain and monitor"
"https://freeaccuratecalculator.com/countries/germany/everyday/",200,true,"index,follow","https://freeaccuratecalculator.com/countries/germany/everyday/",true,true,"Indexable","Clean canonical, allowed in robots, valid status","Maintain and monitor"
"https://freeaccuratecalculator.com/countries/germany/finance/compound-interest-calculator/",200,true,"index,follow","https://freeaccuratecalculator.com/countries/germany/finance/compound-interest-calculator/",true,true,"Indexable","Clean canonical, allowed in robots, valid status","Maintain and monitor"
"https://freeaccuratecalculator.com/countries/germany/finance/income-tax-calculator/",200,true,"index,follow","https://freeaccuratecalculator.com/countries/germany/finance/income-tax-calculator/",true,true,"Indexable","Clean canonical, allowed in robots, valid status","Maintain and monitor"
"https://freeaccuratecalculator.com/countries/germany/finance/",200,true,"index,follow","https://freeaccuratecalculator.com/countries/germany/finance/",true,true,"Indexable","Clean canonical, allowed in robots, valid status","Maintain and monitor"
"https://freeaccuratecalculator.com/countries/germany/finance/mortgage-calculator/",200,true,"index,follow","https://freeaccuratecalculator.com/countries/germany/finance/mortgage-calculator/",true,true,"Indexable","Clean canonical, allowed in robots, valid status","Maintain and monitor"
"https://freeaccuratecalculator.com/countries/germany/finance/salary-calculator/",200,true,"index,follow","https://freeaccuratecalculator.com/countries/germany/finance/salary-calculator/",true,true,"Indexable","Clean canonical, allowed in robots, valid status","Maintain and monitor"
"https://freeaccuratecalculator.com/countries/germany/food/",200,true,"index,follow","https://freeaccuratecalculator.com/countries/germany/food/",true,true,"Indexable","Clean canonical, allowed in robots, valid status","Maintain and monitor"
"https://freeaccuratecalculator.com/countries/germany/health/",200,true,"index,follow","https://freeaccuratecalculator.com/countries/germany/health/",true,true,"Indexable","Clean canonical, allowed in robots, valid status","Maintain and monitor"
"https://freeaccuratecalculator.com/countries/germany/income-tax-calculator/",200,true,"index,follow","https://freeaccuratecalculator.com/countries/germany/income-tax-calculator/",true,true,"Indexable","Clean canonical, allowed in robots, valid status","Maintain and monitor"
"https://freeaccuratecalculator.com/countries/germany/",200,true,"index,follow","https://freeaccuratecalculator.com/countries/germany/",true,true,"Indexable","Clean canonical, allowed in robots, valid status","Maintain and monitor"
"https://freeaccuratecalculator.com/countries/germany/insurance/",200,true,"index,follow","https://freeaccuratecalculator.com/countries/germany/insurance/",true,true,"Indexable","Clean canonical, allowed in robots, valid status","Maintain and monitor"
"https://freeaccuratecalculator.com/countries/germany/legal/",200,true,"index,follow","https://freeaccuratecalculator.com/countries/germany/legal/",true,true,"Indexable","Clean canonical, allowed in robots, valid status","Maintain and monitor"
"https://freeaccuratecalculator.com/countries/germany/love/",200,true,"index,follow","https://freeaccuratecalculator.com/countries/germany/love/",true,true,"Indexable","Clean canonical, allowed in robots, valid status","Maintain and monitor"
"https://freeaccuratecalculator.com/countries/germany/marketing/",200,true,"index,follow","https://freeaccuratecalculator.com/countries/germany/marketing/",true,true,"Indexable","Clean canonical, allowed in robots, valid status","Maintain and monitor"
"https://freeaccuratecalculator.com/countries/germany/math/",200,true,"index,follow","https://freeaccuratecalculator.com/countries/germany/math/",true,true,"Indexable","Clean canonical, allowed in robots, valid status","Maintain and monitor"
"https://freeaccuratecalculator.com/countries/germany/mortgage-calculator/",200,true,"index,follow","https://freeaccuratecalculator.com/countries/germany/mortgage-calculator/",true,true,"Indexable","Clean canonical, allowed in robots, valid status","Maintain and monitor"
"https://freeaccuratecalculator.com/countries/germany/physics/",200,true,"index,follow","https://freeaccuratecalculator.com/countries/germany/physics/",true,true,"Indexable","Clean canonical, allowed in robots, valid status","Maintain and monitor"
"https://freeaccuratecalculator.com/countries/germany/real-estate/",200,true,"index,follow","https://freeaccuratecalculator.com/countries/germany/real-estate/",true,true,"Indexable","Clean canonical, allowed in robots, valid status","Maintain and monitor"
"https://freeaccuratecalculator.com/countries/germany/salary-calculator/",200,true,"index,follow","https://freeaccuratecalculator.com/countries/germany/salary-calculator/",true,true,"Indexable","Clean canonical, allowed in robots, valid status","Maintain and monitor"
"https://freeaccuratecalculator.com/countries/germany/sports/",200,true,"index,follow","https://freeaccuratecalculator.com/countries/germany/sports/",true,true,"Indexable","Clean canonical, allowed in robots, valid status","Maintain and monitor"
"https://freeaccuratecalculator.com/countries/germany/statistics/",200,true,"index,follow","https://freeaccuratecalculator.com/countries/germany/statistics/",true,true,"Indexable","Clean canonical, allowed in robots, valid status","Maintain and monitor"
"https://freeaccuratecalculator.com/countries/germany/technology/",200,true,"index,follow","https://freeaccuratecalculator.com/countries/germany/technology/",true,true,"Indexable","Clean canonical, allowed in robots, valid status","Maintain and monitor"
"https://freeaccuratecalculator.com/countries/",200,true,"index,follow","https://freeaccuratecalculator.com/countries/",true,true,"Indexable","Clean canonical, allowed in robots, valid status","Maintain and monitor"
"https://freeaccuratecalculator.com/countries/india/automotive/",200,true,"index,follow","https://freeaccuratecalculator.com/countries/india/automotive/",true,true,"Indexable","Clean canonical, allowed in robots, valid status","Maintain and monitor"
"https://freeaccuratecalculator.com/countries/india/biology/",200,true,"index,follow","https://freeaccuratecalculator.com/countries/india/biology/",true,true,"Indexable","Clean canonical, allowed in robots, valid status","Maintain and monitor"
"https://freeaccuratecalculator.com/countries/india/business/",200,true,"index,follow","https://freeaccuratecalculator.com/countries/india/business/",true,true,"Indexable","Clean canonical, allowed in robots, valid status","Maintain and monitor"
"https://freeaccuratecalculator.com/countries/india/chemistry/",200,true,"index,follow","https://freeaccuratecalculator.com/countries/india/chemistry/",true,true,"Indexable","Clean canonical, allowed in robots, valid status","Maintain and monitor"
"https://freeaccuratecalculator.com/countries/india/construction/",200,true,"index,follow","https://freeaccuratecalculator.com/countries/india/construction/",true,true,"Indexable","Clean canonical, allowed in robots, valid status","Maintain and monitor"
"https://freeaccuratecalculator.com/countries/india/converter/",200,true,"index,follow","https://freeaccuratecalculator.com/countries/india/converter/",true,true,"Indexable","Clean canonical, allowed in robots, valid status","Maintain and monitor"
"https://freeaccuratecalculator.com/countries/india/ecology/",200,true,"index,follow","https://freeaccuratecalculator.com/countries/india/ecology/",true,true,"Indexable","Clean canonical, allowed in robots, valid status","Maintain and monitor"
"https://freeaccuratecalculator.com/countries/india/emi-calculator/",200,true,"index,follow","https://freeaccuratecalculator.com/countries/india/emi-calculator/",true,true,"Indexable","Clean canonical, allowed in robots, valid status","Maintain and monitor"
"https://freeaccuratecalculator.com/countries/india/epf-calculator/",200,true,"index,follow","https://freeaccuratecalculator.com/countries/india/epf-calculator/",true,true,"Indexable","Clean canonical, allowed in robots, valid status","Maintain and monitor"
"https://freeaccuratecalculator.com/countries/india/everyday/",200,true,"index,follow","https://freeaccuratecalculator.com/countries/india/everyday/",true,true,"Indexable","Clean canonical, allowed in robots, valid status","Maintain and monitor"
"https://freeaccuratecalculator.com/countries/india/finance/emi-calculator/",200,true,"index,follow","https://freeaccuratecalculator.com/countries/india/finance/emi-calculator/",true,true,"Indexable","Clean canonical, allowed in robots, valid status","Maintain and monitor"
"https://freeaccuratecalculator.com/countries/india/finance/epf-calculator/",200,true,"index,follow","https://freeaccuratecalculator.com/countries/india/finance/epf-calculator/",true,true,"Indexable","Clean canonical, allowed in robots, valid status","Maintain and monitor"
"https://freeaccuratecalculator.com/countries/india/finance/gratuity-calculator/",200,true,"index,follow","https://freeaccuratecalculator.com/countries/india/finance/gratuity-calculator/",true,true,"Indexable","Clean canonical, allowed in robots, valid status","Maintain and monitor"
"https://freeaccuratecalculator.com/countries/india/finance/income-tax-calculator/",200,true,"index,follow","https://freeaccuratecalculator.com/countries/india/finance/income-tax-calculator/",true,true,"Indexable","Clean canonical, allowed in robots, valid status","Maintain and monitor"
"https://freeaccuratecalculator.com/countries/india/finance/",200,true,"index,follow","https://freeaccuratecalculator.com/countries/india/finance/",true,true,"Indexable","Clean canonical, allowed in robots, valid status","Maintain and monitor"
"https://freeaccuratecalculator.com/countries/india/finance/loan-calculator/",200,true,"index,follow","https://freeaccuratecalculator.com/countries/india/finance/loan-calculator/",true,true,"Indexable","Clean canonical, allowed in robots, valid status","Maintain and monitor"
"https://freeaccuratecalculator.com/countries/india/finance/lumpsum-calculator/",200,true,"index,follow","https://freeaccuratecalculator.com/countries/india/finance/lumpsum-calculator/",true,true,"Indexable","Clean canonical, allowed in robots, valid status","Maintain and monitor"
"https://freeaccuratecalculator.com/countries/india/finance/mortgage-calculator/",200,true,"index,follow","https://freeaccuratecalculator.com/countries/india/finance/mortgage-calculator/",true,true,"Indexable","Clean canonical, allowed in robots, valid status","Maintain and monitor"
"https://freeaccuratecalculator.com/countries/india/finance/ppf-calculator/",200,true,"index,follow","https://freeaccuratecalculator.com/countries/india/finance/ppf-calculator/",true,true,"Indexable","Clean canonical, allowed in robots, valid status","Maintain and monitor"
"https://freeaccuratecalculator.com/countries/india/finance/salary-calculator/",200,true,"index,follow","https://freeaccuratecalculator.com/countries/india/finance/salary-calculator/",true,true,"Indexable","Clean canonical, allowed in robots, valid status","Maintain and monitor"
"https://freeaccuratecalculator.com/countries/india/finance/sip-calculator/",200,true,"index,follow","https://freeaccuratecalculator.com/countries/india/finance/sip-calculator/",true,true,"Indexable","Clean canonical, allowed in robots, valid status","Maintain and monitor"
"https://freeaccuratecalculator.com/countries/india/finance/step-up-sip-calculator/",200,true,"index,follow","https://freeaccuratecalculator.com/countries/india/finance/step-up-sip-calculator/",true,true,"Indexable","Clean canonical, allowed in robots, valid status","Maintain and monitor"
"https://freeaccuratecalculator.com/countries/india/finance/swp-calculator/",200,true,"index,follow","https://freeaccuratecalculator.com/countries/india/finance/swp-calculator/",true,true,"Indexable","Clean canonical, allowed in robots, valid status","Maintain and monitor"
"https://freeaccuratecalculator.com/countries/india/food/",200,true,"index,follow","https://freeaccuratecalculator.com/countries/india/food/",true,true,"Indexable","Clean canonical, allowed in robots, valid status","Maintain and monitor"
"https://freeaccuratecalculator.com/countries/india/gratuity-calculator/",200,true,"index,follow","https://freeaccuratecalculator.com/countries/india/gratuity-calculator/",true,true,"Indexable","Clean canonical, allowed in robots, valid status","Maintain and monitor"
"https://freeaccuratecalculator.com/countries/india/health/",200,true,"index,follow","https://freeaccuratecalculator.com/countries/india/health/",true,true,"Indexable","Clean canonical, allowed in robots, valid status","Maintain and monitor"
"https://freeaccuratecalculator.com/countries/india/income-tax-calculator/",200,true,"index,follow","https://freeaccuratecalculator.com/countries/india/income-tax-calculator/",true,true,"Indexable","Clean canonical, allowed in robots, valid status","Maintain and monitor"
"https://freeaccuratecalculator.com/countries/india/",200,true,"index,follow","https://freeaccuratecalculator.com/countries/india/",true,true,"Indexable","Clean canonical, allowed in robots, valid status","Maintain and monitor"
"https://freeaccuratecalculator.com/countries/india/insurance/",200,true,"index,follow","https://freeaccuratecalculator.com/countries/india/insurance/",true,true,"Indexable","Clean canonical, allowed in robots, valid status","Maintain and monitor"
"https://freeaccuratecalculator.com/countries/india/legal/",200,true,"index,follow","https://freeaccuratecalculator.com/countries/india/legal/",true,true,"Indexable","Clean canonical, allowed in robots, valid status","Maintain and monitor"
"https://freeaccuratecalculator.com/countries/india/loan-calculator/",200,true,"index,follow","https://freeaccuratecalculator.com/countries/india/loan-calculator/",true,true,"Indexable","Clean canonical, allowed in robots, valid status","Maintain and monitor"
"https://freeaccuratecalculator.com/countries/india/love/",200,true,"index,follow","https://freeaccuratecalculator.com/countries/india/love/",true,true,"Indexable","Clean canonical, allowed in robots, valid status","Maintain and monitor"
"https://freeaccuratecalculator.com/countries/india/lumpsum-calculator/",200,true,"index,follow","https://freeaccuratecalculator.com/countries/india/lumpsum-calculator/",true,true,"Indexable","Clean canonical, allowed in robots, valid status","Maintain and monitor"
"https://freeaccuratecalculator.com/countries/india/marketing/",200,true,"index,follow","https://freeaccuratecalculator.com/countries/india/marketing/",true,true,"Indexable","Clean canonical, allowed in robots, valid status","Maintain and monitor"
"https://freeaccuratecalculator.com/countries/india/math/",200,true,"index,follow","https://freeaccuratecalculator.com/countries/india/math/",true,true,"Indexable","Clean canonical, allowed in robots, valid status","Maintain and monitor"
"https://freeaccuratecalculator.com/countries/india/mortgage-calculator/",200,true,"index,follow","https://freeaccuratecalculator.com/countries/india/mortgage-calculator/",true,true,"Indexable","Clean canonical, allowed in robots, valid status","Maintain and monitor"
"https://freeaccuratecalculator.com/countries/india/physics/",200,true,"index,follow","https://freeaccuratecalculator.com/countries/india/physics/",true,true,"Indexable","Clean canonical, allowed in robots, valid status","Maintain and monitor"
"https://freeaccuratecalculator.com/countries/india/ppf-calculator/",200,true,"index,follow","https://freeaccuratecalculator.com/countries/india/ppf-calculator/",true,true,"Indexable","Clean canonical, allowed in robots, valid status","Maintain and monitor"
"https://freeaccuratecalculator.com/countries/india/real-estate/",200,true,"index,follow","https://freeaccuratecalculator.com/countries/india/real-estate/",true,true,"Indexable","Clean canonical, allowed in robots, valid status","Maintain and monitor"
"https://freeaccuratecalculator.com/countries/india/salary-calculator/",200,true,"index,follow","https://freeaccuratecalculator.com/countries/india/salary-calculator/",true,true,"Indexable","Clean canonical, allowed in robots, valid status","Maintain and monitor"
"https://freeaccuratecalculator.com/countries/india/sip-calculator/",200,true,"index,follow","https://freeaccuratecalculator.com/countries/india/sip-calculator/",true,true,"Indexable","Clean canonical, allowed in robots, valid status","Maintain and monitor"
"https://freeaccuratecalculator.com/countries/india/sports/",200,true,"index,follow","https://freeaccuratecalculator.com/countries/india/sports/",true,true,"Indexable","Clean canonical, allowed in robots, valid status","Maintain and monitor"
"https://freeaccuratecalculator.com/countries/india/statistics/",200,true,"index,follow","https://freeaccuratecalculator.com/countries/india/statistics/",true,true,"Indexable","Clean canonical, allowed in robots, valid status","Maintain and monitor"
"https://freeaccuratecalculator.com/countries/india/step-up-sip-calculator/",200,true,"index,follow","https://freeaccuratecalculator.com/countries/india/step-up-sip-calculator/",true,true,"Indexable","Clean canonical, allowed in robots, valid status","Maintain and monitor"
"https://freeaccuratecalculator.com/countries/india/swp-calculator/",200,true,"index,follow","https://freeaccuratecalculator.com/countries/india/swp-calculator/",true,true,"Indexable","Clean canonical, allowed in robots, valid status","Maintain and monitor"
"https://freeaccuratecalculator.com/countries/india/technology/",200,true,"index,follow","https://freeaccuratecalculator.com/countries/india/technology/",true,true,"Indexable","Clean canonical, allowed in robots, valid status","Maintain and monitor"
"https://freeaccuratecalculator.com/countries/ireland/automotive/",200,true,"index,follow","https://freeaccuratecalculator.com/countries/ireland/automotive/",true,true,"Indexable","Clean canonical, allowed in robots, valid status","Maintain and monitor"
"https://freeaccuratecalculator.com/countries/ireland/biology/",200,true,"index,follow","https://freeaccuratecalculator.com/countries/ireland/biology/",true,true,"Indexable","Clean canonical, allowed in robots, valid status","Maintain and monitor"
"https://freeaccuratecalculator.com/countries/ireland/business/",200,true,"index,follow","https://freeaccuratecalculator.com/countries/ireland/business/",true,true,"Indexable","Clean canonical, allowed in robots, valid status","Maintain and monitor"
"https://freeaccuratecalculator.com/countries/ireland/chemistry/",200,true,"index,follow","https://freeaccuratecalculator.com/countries/ireland/chemistry/",true,true,"Indexable","Clean canonical, allowed in robots, valid status","Maintain and monitor"
"https://freeaccuratecalculator.com/countries/ireland/compound-interest-calculator/",200,true,"index,follow","https://freeaccuratecalculator.com/countries/ireland/compound-interest-calculator/",true,true,"Indexable","Clean canonical, allowed in robots, valid status","Maintain and monitor"
"https://freeaccuratecalculator.com/countries/ireland/construction/",200,true,"index,follow","https://freeaccuratecalculator.com/countries/ireland/construction/",true,true,"Indexable","Clean canonical, allowed in robots, valid status","Maintain and monitor"
"https://freeaccuratecalculator.com/countries/ireland/converter/",200,true,"index,follow","https://freeaccuratecalculator.com/countries/ireland/converter/",true,true,"Indexable","Clean canonical, allowed in robots, valid status","Maintain and monitor"
"https://freeaccuratecalculator.com/countries/ireland/ecology/",200,true,"index,follow","https://freeaccuratecalculator.com/countries/ireland/ecology/",true,true,"Indexable","Clean canonical, allowed in robots, valid status","Maintain and monitor"
"https://freeaccuratecalculator.com/countries/ireland/everyday/",200,true,"index,follow","https://freeaccuratecalculator.com/countries/ireland/everyday/",true,true,"Indexable","Clean canonical, allowed in robots, valid status","Maintain and monitor"
"https://freeaccuratecalculator.com/countries/ireland/finance/compound-interest-calculator/",200,true,"index,follow","https://freeaccuratecalculator.com/countries/ireland/finance/compound-interest-calculator/",true,true,"Indexable","Clean canonical, allowed in robots, valid status","Maintain and monitor"
"https://freeaccuratecalculator.com/countries/ireland/finance/income-tax-calculator/",200,true,"index,follow","https://freeaccuratecalculator.com/countries/ireland/finance/income-tax-calculator/",true,true,"Indexable","Clean canonical, allowed in robots, valid status","Maintain and monitor"
"https://freeaccuratecalculator.com/countries/ireland/finance/",200,true,"index,follow","https://freeaccuratecalculator.com/countries/ireland/finance/",true,true,"Indexable","Clean canonical, allowed in robots, valid status","Maintain and monitor"
"https://freeaccuratecalculator.com/countries/ireland/finance/mortgage-calculator/",200,true,"index,follow","https://freeaccuratecalculator.com/countries/ireland/finance/mortgage-calculator/",true,true,"Indexable","Clean canonical, allowed in robots, valid status","Maintain and monitor"
"https://freeaccuratecalculator.com/countries/ireland/finance/salary-calculator/",200,true,"index,follow","https://freeaccuratecalculator.com/countries/ireland/finance/salary-calculator/",true,true,"Indexable","Clean canonical, allowed in robots, valid status","Maintain and monitor"
"https://freeaccuratecalculator.com/countries/ireland/food/",200,true,"index,follow","https://freeaccuratecalculator.com/countries/ireland/food/",true,true,"Indexable","Clean canonical, allowed in robots, valid status","Maintain and monitor"
"https://freeaccuratecalculator.com/countries/ireland/health/",200,true,"index,follow","https://freeaccuratecalculator.com/countries/ireland/health/",true,true,"Indexable","Clean canonical, allowed in robots, valid status","Maintain and monitor"
"https://freeaccuratecalculator.com/countries/ireland/income-tax-calculator/",200,true,"index,follow","https://freeaccuratecalculator.com/countries/ireland/income-tax-calculator/",true,true,"Indexable","Clean canonical, allowed in robots, valid status","Maintain and monitor"
"https://freeaccuratecalculator.com/countries/ireland/",200,true,"index,follow","https://freeaccuratecalculator.com/countries/ireland/",true,true,"Indexable","Clean canonical, allowed in robots, valid status","Maintain and monitor"
"https://freeaccuratecalculator.com/countries/ireland/insurance/",200,true,"index,follow","https://freeaccuratecalculator.com/countries/ireland/insurance/",true,true,"Indexable","Clean canonical, allowed in robots, valid status","Maintain and monitor"
"https://freeaccuratecalculator.com/countries/ireland/legal/",200,true,"index,follow","https://freeaccuratecalculator.com/countries/ireland/legal/",true,true,"Indexable","Clean canonical, allowed in robots, valid status","Maintain and monitor"
"https://freeaccuratecalculator.com/countries/ireland/love/",200,true,"index,follow","https://freeaccuratecalculator.com/countries/ireland/love/",true,true,"Indexable","Clean canonical, allowed in robots, valid status","Maintain and monitor"
"https://freeaccuratecalculator.com/countries/ireland/marketing/",200,true,"index,follow","https://freeaccuratecalculator.com/countries/ireland/marketing/",true,true,"Indexable","Clean canonical, allowed in robots, valid status","Maintain and monitor"
"https://freeaccuratecalculator.com/countries/ireland/math/",200,true,"index,follow","https://freeaccuratecalculator.com/countries/ireland/math/",true,true,"Indexable","Clean canonical, allowed in robots, valid status","Maintain and monitor"
"https://freeaccuratecalculator.com/countries/ireland/mortgage-calculator/",200,true,"index,follow","https://freeaccuratecalculator.com/countries/ireland/mortgage-calculator/",true,true,"Indexable","Clean canonical, allowed in robots, valid status","Maintain and monitor"
"https://freeaccuratecalculator.com/countries/ireland/physics/",200,true,"index,follow","https://freeaccuratecalculator.com/countries/ireland/physics/",true,true,"Indexable","Clean canonical, allowed in robots, valid status","Maintain and monitor"
"https://freeaccuratecalculator.com/countries/ireland/real-estate/",200,true,"index,follow","https://freeaccuratecalculator.com/countries/ireland/real-estate/",true,true,"Indexable","Clean canonical, allowed in robots, valid status","Maintain and monitor"
"https://freeaccuratecalculator.com/countries/ireland/salary-calculator/",200,true,"index,follow","https://freeaccuratecalculator.com/countries/ireland/salary-calculator/",true,true,"Indexable","Clean canonical, allowed in robots, valid status","Maintain and monitor"
"https://freeaccuratecalculator.com/countries/ireland/sports/",200,true,"index,follow","https://freeaccuratecalculator.com/countries/ireland/sports/",true,true,"Indexable","Clean canonical, allowed in robots, valid status","Maintain and monitor"
"https://freeaccuratecalculator.com/countries/ireland/statistics/",200,true,"index,follow","https://freeaccuratecalculator.com/countries/ireland/statistics/",true,true,"Indexable","Clean canonical, allowed in robots, valid status","Maintain and monitor"
"https://freeaccuratecalculator.com/countries/ireland/technology/",200,true,"index,follow","https://freeaccuratecalculator.com/countries/ireland/technology/",true,true,"Indexable","Clean canonical, allowed in robots, valid status","Maintain and monitor"
"https://freeaccuratecalculator.com/countries/mexico/automotive/",200,true,"index,follow","https://freeaccuratecalculator.com/countries/mexico/automotive/",true,true,"Indexable","Clean canonical, allowed in robots, valid status","Maintain and monitor"
"https://freeaccuratecalculator.com/countries/mexico/biology/",200,true,"index,follow","https://freeaccuratecalculator.com/countries/mexico/biology/",true,true,"Indexable","Clean canonical, allowed in robots, valid status","Maintain and monitor"
"https://freeaccuratecalculator.com/countries/mexico/business/",200,true,"index,follow","https://freeaccuratecalculator.com/countries/mexico/business/",true,true,"Indexable","Clean canonical, allowed in robots, valid status","Maintain and monitor"
"https://freeaccuratecalculator.com/countries/mexico/chemistry/",200,true,"index,follow","https://freeaccuratecalculator.com/countries/mexico/chemistry/",true,true,"Indexable","Clean canonical, allowed in robots, valid status","Maintain and monitor"
"https://freeaccuratecalculator.com/countries/mexico/construction/",200,true,"index,follow","https://freeaccuratecalculator.com/countries/mexico/construction/",true,true,"Indexable","Clean canonical, allowed in robots, valid status","Maintain and monitor"
"https://freeaccuratecalculator.com/countries/mexico/converter/",200,true,"index,follow","https://freeaccuratecalculator.com/countries/mexico/converter/",true,true,"Indexable","Clean canonical, allowed in robots, valid status","Maintain and monitor"
"https://freeaccuratecalculator.com/countries/mexico/ecology/",200,true,"index,follow","https://freeaccuratecalculator.com/countries/mexico/ecology/",true,true,"Indexable","Clean canonical, allowed in robots, valid status","Maintain and monitor"
"https://freeaccuratecalculator.com/countries/mexico/emi-calculator/",200,true,"index,follow","https://freeaccuratecalculator.com/countries/mexico/emi-calculator/",true,true,"Indexable","Clean canonical, allowed in robots, valid status","Maintain and monitor"
"https://freeaccuratecalculator.com/countries/mexico/everyday/",200,true,"index,follow","https://freeaccuratecalculator.com/countries/mexico/everyday/",true,true,"Indexable","Clean canonical, allowed in robots, valid status","Maintain and monitor"
"https://freeaccuratecalculator.com/countries/mexico/finance/emi-calculator/",200,true,"index,follow","https://freeaccuratecalculator.com/countries/mexico/finance/emi-calculator/",true,true,"Indexable","Clean canonical, allowed in robots, valid status","Maintain and monitor"
"https://freeaccuratecalculator.com/countries/mexico/finance/income-tax-calculator/",200,true,"index,follow","https://freeaccuratecalculator.com/countries/mexico/finance/income-tax-calculator/",true,true,"Indexable","Clean canonical, allowed in robots, valid status","Maintain and monitor"
"https://freeaccuratecalculator.com/countries/mexico/finance/",200,true,"index,follow","https://freeaccuratecalculator.com/countries/mexico/finance/",true,true,"Indexable","Clean canonical, allowed in robots, valid status","Maintain and monitor"
"https://freeaccuratecalculator.com/countries/mexico/finance/loan-calculator/",200,true,"index,follow","https://freeaccuratecalculator.com/countries/mexico/finance/loan-calculator/",true,true,"Indexable","Clean canonical, allowed in robots, valid status","Maintain and monitor"
"https://freeaccuratecalculator.com/countries/mexico/finance/mortgage-calculator/",200,true,"index,follow","https://freeaccuratecalculator.com/countries/mexico/finance/mortgage-calculator/",true,true,"Indexable","Clean canonical, allowed in robots, valid status","Maintain and monitor"
"https://freeaccuratecalculator.com/countries/mexico/finance/salary-calculator/",200,true,"index,follow","https://freeaccuratecalculator.com/countries/mexico/finance/salary-calculator/",true,true,"Indexable","Clean canonical, allowed in robots, valid status","Maintain and monitor"
"https://freeaccuratecalculator.com/countries/mexico/food/",200,true,"index,follow","https://freeaccuratecalculator.com/countries/mexico/food/",true,true,"Indexable","Clean canonical, allowed in robots, valid status","Maintain and monitor"
"https://freeaccuratecalculator.com/countries/mexico/health/",200,true,"index,follow","https://freeaccuratecalculator.com/countries/mexico/health/",true,true,"Indexable","Clean canonical, allowed in robots, valid status","Maintain and monitor"
"https://freeaccuratecalculator.com/countries/mexico/income-tax-calculator/",200,true,"index,follow","https://freeaccuratecalculator.com/countries/mexico/income-tax-calculator/",true,true,"Indexable","Clean canonical, allowed in robots, valid status","Maintain and monitor"
"https://freeaccuratecalculator.com/countries/mexico/",200,true,"index,follow","https://freeaccuratecalculator.com/countries/mexico/",true,true,"Indexable","Clean canonical, allowed in robots, valid status","Maintain and monitor"
"https://freeaccuratecalculator.com/countries/mexico/insurance/",200,true,"index,follow","https://freeaccuratecalculator.com/countries/mexico/insurance/",true,true,"Indexable","Clean canonical, allowed in robots, valid status","Maintain and monitor"
"https://freeaccuratecalculator.com/countries/mexico/legal/",200,true,"index,follow","https://freeaccuratecalculator.com/countries/mexico/legal/",true,true,"Indexable","Clean canonical, allowed in robots, valid status","Maintain and monitor"
"https://freeaccuratecalculator.com/countries/mexico/loan-calculator/",200,true,"index,follow","https://freeaccuratecalculator.com/countries/mexico/loan-calculator/",true,true,"Indexable","Clean canonical, allowed in robots, valid status","Maintain and monitor"
"https://freeaccuratecalculator.com/countries/mexico/love/",200,true,"index,follow","https://freeaccuratecalculator.com/countries/mexico/love/",true,true,"Indexable","Clean canonical, allowed in robots, valid status","Maintain and monitor"
"https://freeaccuratecalculator.com/countries/mexico/marketing/",200,true,"index,follow","https://freeaccuratecalculator.com/countries/mexico/marketing/",true,true,"Indexable","Clean canonical, allowed in robots, valid status","Maintain and monitor"
"https://freeaccuratecalculator.com/countries/mexico/math/",200,true,"index,follow","https://freeaccuratecalculator.com/countries/mexico/math/",true,true,"Indexable","Clean canonical, allowed in robots, valid status","Maintain and monitor"
"https://freeaccuratecalculator.com/countries/mexico/mortgage-calculator/",200,true,"index,follow","https://freeaccuratecalculator.com/countries/mexico/mortgage-calculator/",true,true,"Indexable","Clean canonical, allowed in robots, valid status","Maintain and monitor"
"https://freeaccuratecalculator.com/countries/mexico/physics/",200,true,"index,follow","https://freeaccuratecalculator.com/countries/mexico/physics/",true,true,"Indexable","Clean canonical, allowed in robots, valid status","Maintain and monitor"
"https://freeaccuratecalculator.com/countries/mexico/real-estate/",200,true,"index,follow","https://freeaccuratecalculator.com/countries/mexico/real-estate/",true,true,"Indexable","Clean canonical, allowed in robots, valid status","Maintain and monitor"
"https://freeaccuratecalculator.com/countries/mexico/salary-calculator/",200,true,"index,follow","https://freeaccuratecalculator.com/countries/mexico/salary-calculator/",true,true,"Indexable","Clean canonical, allowed in robots, valid status","Maintain and monitor"
"https://freeaccuratecalculator.com/countries/mexico/sports/",200,true,"index,follow","https://freeaccuratecalculator.com/countries/mexico/sports/",true,true,"Indexable","Clean canonical, allowed in robots, valid status","Maintain and monitor"
"https://freeaccuratecalculator.com/countries/mexico/statistics/",200,true,"index,follow","https://freeaccuratecalculator.com/countries/mexico/statistics/",true,true,"Indexable","Clean canonical, allowed in robots, valid status","Maintain and monitor"
"https://freeaccuratecalculator.com/countries/mexico/technology/",200,true,"index,follow","https://freeaccuratecalculator.com/countries/mexico/technology/",true,true,"Indexable","Clean canonical, allowed in robots, valid status","Maintain and monitor"
"https://freeaccuratecalculator.com/countries/netherlands/automotive/",200,true,"index,follow","https://freeaccuratecalculator.com/countries/netherlands/automotive/",true,true,"Indexable","Clean canonical, allowed in robots, valid status","Maintain and monitor"
"https://freeaccuratecalculator.com/countries/netherlands/biology/",200,true,"index,follow","https://freeaccuratecalculator.com/countries/netherlands/biology/",true,true,"Indexable","Clean canonical, allowed in robots, valid status","Maintain and monitor"
"https://freeaccuratecalculator.com/countries/netherlands/business/",200,true,"index,follow","https://freeaccuratecalculator.com/countries/netherlands/business/",true,true,"Indexable","Clean canonical, allowed in robots, valid status","Maintain and monitor"
"https://freeaccuratecalculator.com/countries/netherlands/chemistry/",200,true,"index,follow","https://freeaccuratecalculator.com/countries/netherlands/chemistry/",true,true,"Indexable","Clean canonical, allowed in robots, valid status","Maintain and monitor"
"https://freeaccuratecalculator.com/countries/netherlands/compound-interest-calculator/",200,true,"index,follow","https://freeaccuratecalculator.com/countries/netherlands/compound-interest-calculator/",true,true,"Indexable","Clean canonical, allowed in robots, valid status","Maintain and monitor"
"https://freeaccuratecalculator.com/countries/netherlands/construction/",200,true,"index,follow","https://freeaccuratecalculator.com/countries/netherlands/construction/",true,true,"Indexable","Clean canonical, allowed in robots, valid status","Maintain and monitor"
"https://freeaccuratecalculator.com/countries/netherlands/converter/",200,true,"index,follow","https://freeaccuratecalculator.com/countries/netherlands/converter/",true,true,"Indexable","Clean canonical, allowed in robots, valid status","Maintain and monitor"
"https://freeaccuratecalculator.com/countries/netherlands/ecology/",200,true,"index,follow","https://freeaccuratecalculator.com/countries/netherlands/ecology/",true,true,"Indexable","Clean canonical, allowed in robots, valid status","Maintain and monitor"
"https://freeaccuratecalculator.com/countries/netherlands/everyday/",200,true,"index,follow","https://freeaccuratecalculator.com/countries/netherlands/everyday/",true,true,"Indexable","Clean canonical, allowed in robots, valid status","Maintain and monitor"
"https://freeaccuratecalculator.com/countries/netherlands/finance/compound-interest-calculator/",200,true,"index,follow","https://freeaccuratecalculator.com/countries/netherlands/finance/compound-interest-calculator/",true,true,"Indexable","Clean canonical, allowed in robots, valid status","Maintain and monitor"
"https://freeaccuratecalculator.com/countries/netherlands/finance/income-tax-calculator/",200,true,"index,follow","https://freeaccuratecalculator.com/countries/netherlands/finance/income-tax-calculator/",true,true,"Indexable","Clean canonical, allowed in robots, valid status","Maintain and monitor"
"https://freeaccuratecalculator.com/countries/netherlands/finance/",200,true,"index,follow","https://freeaccuratecalculator.com/countries/netherlands/finance/",true,true,"Indexable","Clean canonical, allowed in robots, valid status","Maintain and monitor"
"https://freeaccuratecalculator.com/countries/netherlands/finance/mortgage-calculator/",200,true,"index,follow","https://freeaccuratecalculator.com/countries/netherlands/finance/mortgage-calculator/",true,true,"Indexable","Clean canonical, allowed in robots, valid status","Maintain and monitor"
"https://freeaccuratecalculator.com/countries/netherlands/finance/salary-calculator/",200,true,"index,follow","https://freeaccuratecalculator.com/countries/netherlands/finance/salary-calculator/",true,true,"Indexable","Clean canonical, allowed in robots, valid status","Maintain and monitor"
"https://freeaccuratecalculator.com/countries/netherlands/food/",200,true,"index,follow","https://freeaccuratecalculator.com/countries/netherlands/food/",true,true,"Indexable","Clean canonical, allowed in robots, valid status","Maintain and monitor"
"https://freeaccuratecalculator.com/countries/netherlands/health/",200,true,"index,follow","https://freeaccuratecalculator.com/countries/netherlands/health/",true,true,"Indexable","Clean canonical, allowed in robots, valid status","Maintain and monitor"
"https://freeaccuratecalculator.com/countries/netherlands/income-tax-calculator/",200,true,"index,follow","https://freeaccuratecalculator.com/countries/netherlands/income-tax-calculator/",true,true,"Indexable","Clean canonical, allowed in robots, valid status","Maintain and monitor"
"https://freeaccuratecalculator.com/countries/netherlands/",200,true,"index,follow","https://freeaccuratecalculator.com/countries/netherlands/",true,true,"Indexable","Clean canonical, allowed in robots, valid status","Maintain and monitor"
"https://freeaccuratecalculator.com/countries/netherlands/insurance/",200,true,"index,follow","https://freeaccuratecalculator.com/countries/netherlands/insurance/",true,true,"Indexable","Clean canonical, allowed in robots, valid status","Maintain and monitor"
"https://freeaccuratecalculator.com/countries/netherlands/legal/",200,true,"index,follow","https://freeaccuratecalculator.com/countries/netherlands/legal/",true,true,"Indexable","Clean canonical, allowed in robots, valid status","Maintain and monitor"
"https://freeaccuratecalculator.com/countries/netherlands/love/",200,true,"index,follow","https://freeaccuratecalculator.com/countries/netherlands/love/",true,true,"Indexable","Clean canonical, allowed in robots, valid status","Maintain and monitor"
"https://freeaccuratecalculator.com/countries/netherlands/marketing/",200,true,"index,follow","https://freeaccuratecalculator.com/countries/netherlands/marketing/",true,true,"Indexable","Clean canonical, allowed in robots, valid status","Maintain and monitor"
"https://freeaccuratecalculator.com/countries/netherlands/math/",200,true,"index,follow","https://freeaccuratecalculator.com/countries/netherlands/math/",true,true,"Indexable","Clean canonical, allowed in robots, valid status","Maintain and monitor"
"https://freeaccuratecalculator.com/countries/netherlands/mortgage-calculator/",200,true,"index,follow","https://freeaccuratecalculator.com/countries/netherlands/mortgage-calculator/",true,true,"Indexable","Clean canonical, allowed in robots, valid status","Maintain and monitor"
"https://freeaccuratecalculator.com/countries/netherlands/physics/",200,true,"index,follow","https://freeaccuratecalculator.com/countries/netherlands/physics/",true,true,"Indexable","Clean canonical, allowed in robots, valid status","Maintain and monitor"
"https://freeaccuratecalculator.com/countries/netherlands/real-estate/",200,true,"index,follow","https://freeaccuratecalculator.com/countries/netherlands/real-estate/",true,true,"Indexable","Clean canonical, allowed in robots, valid status","Maintain and monitor"
"https://freeaccuratecalculator.com/countries/netherlands/salary-calculator/",200,true,"index,follow","https://freeaccuratecalculator.com/countries/netherlands/salary-calculator/",true,true,"Indexable","Clean canonical, allowed in robots, valid status","Maintain and monitor"
"https://freeaccuratecalculator.com/countries/netherlands/sports/",200,true,"index,follow","https://freeaccuratecalculator.com/countries/netherlands/sports/",true,true,"Indexable","Clean canonical, allowed in robots, valid status","Maintain and monitor"
"https://freeaccuratecalculator.com/countries/netherlands/statistics/",200,true,"index,follow","https://freeaccuratecalculator.com/countries/netherlands/statistics/",true,true,"Indexable","Clean canonical, allowed in robots, valid status","Maintain and monitor"
"https://freeaccuratecalculator.com/countries/netherlands/technology/",200,true,"index,follow","https://freeaccuratecalculator.com/countries/netherlands/technology/",true,true,"Indexable","Clean canonical, allowed in robots, valid status","Maintain and monitor"
"https://freeaccuratecalculator.com/countries/new-zealand/automotive/",200,true,"index,follow","https://freeaccuratecalculator.com/countries/new-zealand/automotive/",true,true,"Indexable","Clean canonical, allowed in robots, valid status","Maintain and monitor"
"https://freeaccuratecalculator.com/countries/new-zealand/biology/",200,true,"index,follow","https://freeaccuratecalculator.com/countries/new-zealand/biology/",true,true,"Indexable","Clean canonical, allowed in robots, valid status","Maintain and monitor"
"https://freeaccuratecalculator.com/countries/new-zealand/business/",200,true,"index,follow","https://freeaccuratecalculator.com/countries/new-zealand/business/",true,true,"Indexable","Clean canonical, allowed in robots, valid status","Maintain and monitor"
"https://freeaccuratecalculator.com/countries/new-zealand/chemistry/",200,true,"index,follow","https://freeaccuratecalculator.com/countries/new-zealand/chemistry/",true,true,"Indexable","Clean canonical, allowed in robots, valid status","Maintain and monitor"
"https://freeaccuratecalculator.com/countries/new-zealand/compound-interest-calculator/",200,true,"index,follow","https://freeaccuratecalculator.com/countries/new-zealand/compound-interest-calculator/",true,true,"Indexable","Clean canonical, allowed in robots, valid status","Maintain and monitor"
"https://freeaccuratecalculator.com/countries/new-zealand/construction/",200,true,"index,follow","https://freeaccuratecalculator.com/countries/new-zealand/construction/",true,true,"Indexable","Clean canonical, allowed in robots, valid status","Maintain and monitor"
"https://freeaccuratecalculator.com/countries/new-zealand/converter/",200,true,"index,follow","https://freeaccuratecalculator.com/countries/new-zealand/converter/",true,true,"Indexable","Clean canonical, allowed in robots, valid status","Maintain and monitor"
"https://freeaccuratecalculator.com/countries/new-zealand/ecology/",200,true,"index,follow","https://freeaccuratecalculator.com/countries/new-zealand/ecology/",true,true,"Indexable","Clean canonical, allowed in robots, valid status","Maintain and monitor"
"https://freeaccuratecalculator.com/countries/new-zealand/everyday/",200,true,"index,follow","https://freeaccuratecalculator.com/countries/new-zealand/everyday/",true,true,"Indexable","Clean canonical, allowed in robots, valid status","Maintain and monitor"
"https://freeaccuratecalculator.com/countries/new-zealand/finance/compound-interest-calculator/",200,true,"index,follow","https://freeaccuratecalculator.com/countries/new-zealand/finance/compound-interest-calculator/",true,true,"Indexable","Clean canonical, allowed in robots, valid status","Maintain and monitor"
"https://freeaccuratecalculator.com/countries/new-zealand/finance/income-tax-calculator/",200,true,"index,follow","https://freeaccuratecalculator.com/countries/new-zealand/finance/income-tax-calculator/",true,true,"Indexable","Clean canonical, allowed in robots, valid status","Maintain and monitor"
"https://freeaccuratecalculator.com/countries/new-zealand/finance/",200,true,"index,follow","https://freeaccuratecalculator.com/countries/new-zealand/finance/",true,true,"Indexable","Clean canonical, allowed in robots, valid status","Maintain and monitor"
"https://freeaccuratecalculator.com/countries/new-zealand/finance/mortgage-calculator/",200,true,"index,follow","https://freeaccuratecalculator.com/countries/new-zealand/finance/mortgage-calculator/",true,true,"Indexable","Clean canonical, allowed in robots, valid status","Maintain and monitor"
"https://freeaccuratecalculator.com/countries/new-zealand/finance/salary-calculator/",200,true,"index,follow","https://freeaccuratecalculator.com/countries/new-zealand/finance/salary-calculator/",true,true,"Indexable","Clean canonical, allowed in robots, valid status","Maintain and monitor"
"https://freeaccuratecalculator.com/countries/new-zealand/food/",200,true,"index,follow","https://freeaccuratecalculator.com/countries/new-zealand/food/",true,true,"Indexable","Clean canonical, allowed in robots, valid status","Maintain and monitor"
"https://freeaccuratecalculator.com/countries/new-zealand/health/",200,true,"index,follow","https://freeaccuratecalculator.com/countries/new-zealand/health/",true,true,"Indexable","Clean canonical, allowed in robots, valid status","Maintain and monitor"
"https://freeaccuratecalculator.com/countries/new-zealand/income-tax-calculator/",200,true,"index,follow","https://freeaccuratecalculator.com/countries/new-zealand/income-tax-calculator/",true,true,"Indexable","Clean canonical, allowed in robots, valid status","Maintain and monitor"
"https://freeaccuratecalculator.com/countries/new-zealand/",200,true,"index,follow","https://freeaccuratecalculator.com/countries/new-zealand/",true,true,"Indexable","Clean canonical, allowed in robots, valid status","Maintain and monitor"
"https://freeaccuratecalculator.com/countries/new-zealand/insurance/",200,true,"index,follow","https://freeaccuratecalculator.com/countries/new-zealand/insurance/",true,true,"Indexable","Clean canonical, allowed in robots, valid status","Maintain and monitor"
"https://freeaccuratecalculator.com/countries/new-zealand/legal/",200,true,"index,follow","https://freeaccuratecalculator.com/countries/new-zealand/legal/",true,true,"Indexable","Clean canonical, allowed in robots, valid status","Maintain and monitor"
"https://freeaccuratecalculator.com/countries/new-zealand/love/",200,true,"index,follow","https://freeaccuratecalculator.com/countries/new-zealand/love/",true,true,"Indexable","Clean canonical, allowed in robots, valid status","Maintain and monitor"
"https://freeaccuratecalculator.com/countries/new-zealand/marketing/",200,true,"index,follow","https://freeaccuratecalculator.com/countries/new-zealand/marketing/",true,true,"Indexable","Clean canonical, allowed in robots, valid status","Maintain and monitor"
"https://freeaccuratecalculator.com/countries/new-zealand/math/",200,true,"index,follow","https://freeaccuratecalculator.com/countries/new-zealand/math/",true,true,"Indexable","Clean canonical, allowed in robots, valid status","Maintain and monitor"
"https://freeaccuratecalculator.com/countries/new-zealand/mortgage-calculator/",200,true,"index,follow","https://freeaccuratecalculator.com/countries/new-zealand/mortgage-calculator/",true,true,"Indexable","Clean canonical, allowed in robots, valid status","Maintain and monitor"
"https://freeaccuratecalculator.com/countries/new-zealand/physics/",200,true,"index,follow","https://freeaccuratecalculator.com/countries/new-zealand/physics/",true,true,"Indexable","Clean canonical, allowed in robots, valid status","Maintain and monitor"
"https://freeaccuratecalculator.com/countries/new-zealand/real-estate/",200,true,"index,follow","https://freeaccuratecalculator.com/countries/new-zealand/real-estate/",true,true,"Indexable","Clean canonical, allowed in robots, valid status","Maintain and monitor"
"https://freeaccuratecalculator.com/countries/new-zealand/salary-calculator/",200,true,"index,follow","https://freeaccuratecalculator.com/countries/new-zealand/salary-calculator/",true,true,"Indexable","Clean canonical, allowed in robots, valid status","Maintain and monitor"
"https://freeaccuratecalculator.com/countries/new-zealand/sports/",200,true,"index,follow","https://freeaccuratecalculator.com/countries/new-zealand/sports/",true,true,"Indexable","Clean canonical, allowed in robots, valid status","Maintain and monitor"
"https://freeaccuratecalculator.com/countries/new-zealand/statistics/",200,true,"index,follow","https://freeaccuratecalculator.com/countries/new-zealand/statistics/",true,true,"Indexable","Clean canonical, allowed in robots, valid status","Maintain and monitor"
"https://freeaccuratecalculator.com/countries/new-zealand/technology/",200,true,"index,follow","https://freeaccuratecalculator.com/countries/new-zealand/technology/",true,true,"Indexable","Clean canonical, allowed in robots, valid status","Maintain and monitor"
"https://freeaccuratecalculator.com/countries/saudi-arabia/automotive/",200,true,"index,follow","https://freeaccuratecalculator.com/countries/saudi-arabia/automotive/",true,true,"Indexable","Clean canonical, allowed in robots, valid status","Maintain and monitor"
"https://freeaccuratecalculator.com/countries/saudi-arabia/biology/",200,true,"index,follow","https://freeaccuratecalculator.com/countries/saudi-arabia/biology/",true,true,"Indexable","Clean canonical, allowed in robots, valid status","Maintain and monitor"
"https://freeaccuratecalculator.com/countries/saudi-arabia/business/",200,true,"index,follow","https://freeaccuratecalculator.com/countries/saudi-arabia/business/",true,true,"Indexable","Clean canonical, allowed in robots, valid status","Maintain and monitor"
"https://freeaccuratecalculator.com/countries/saudi-arabia/chemistry/",200,true,"index,follow","https://freeaccuratecalculator.com/countries/saudi-arabia/chemistry/",true,true,"Indexable","Clean canonical, allowed in robots, valid status","Maintain and monitor"
"https://freeaccuratecalculator.com/countries/saudi-arabia/construction/",200,true,"index,follow","https://freeaccuratecalculator.com/countries/saudi-arabia/construction/",true,true,"Indexable","Clean canonical, allowed in robots, valid status","Maintain and monitor"
"https://freeaccuratecalculator.com/countries/saudi-arabia/converter/",200,true,"index,follow","https://freeaccuratecalculator.com/countries/saudi-arabia/converter/",true,true,"Indexable","Clean canonical, allowed in robots, valid status","Maintain and monitor"
"https://freeaccuratecalculator.com/countries/saudi-arabia/ecology/",200,true,"index,follow","https://freeaccuratecalculator.com/countries/saudi-arabia/ecology/",true,true,"Indexable","Clean canonical, allowed in robots, valid status","Maintain and monitor"
"https://freeaccuratecalculator.com/countries/saudi-arabia/emi-calculator/",200,true,"index,follow","https://freeaccuratecalculator.com/countries/saudi-arabia/emi-calculator/",true,true,"Indexable","Clean canonical, allowed in robots, valid status","Maintain and monitor"
"https://freeaccuratecalculator.com/countries/saudi-arabia/everyday/",200,true,"index,follow","https://freeaccuratecalculator.com/countries/saudi-arabia/everyday/",true,true,"Indexable","Clean canonical, allowed in robots, valid status","Maintain and monitor"
"https://freeaccuratecalculator.com/countries/saudi-arabia/finance/emi-calculator/",200,true,"index,follow","https://freeaccuratecalculator.com/countries/saudi-arabia/finance/emi-calculator/",true,true,"Indexable","Clean canonical, allowed in robots, valid status","Maintain and monitor"
"https://freeaccuratecalculator.com/countries/saudi-arabia/finance/gratuity-calculator/",200,true,"index,follow","https://freeaccuratecalculator.com/countries/saudi-arabia/finance/gratuity-calculator/",true,true,"Indexable","Clean canonical, allowed in robots, valid status","Maintain and monitor"
"https://freeaccuratecalculator.com/countries/saudi-arabia/finance/income-tax-calculator/",200,true,"index,follow","https://freeaccuratecalculator.com/countries/saudi-arabia/finance/income-tax-calculator/",true,true,"Indexable","Clean canonical, allowed in robots, valid status","Maintain and monitor"
"https://freeaccuratecalculator.com/countries/saudi-arabia/finance/",200,true,"index,follow","https://freeaccuratecalculator.com/countries/saudi-arabia/finance/",true,true,"Indexable","Clean canonical, allowed in robots, valid status","Maintain and monitor"
"https://freeaccuratecalculator.com/countries/saudi-arabia/finance/loan-calculator/",200,true,"index,follow","https://freeaccuratecalculator.com/countries/saudi-arabia/finance/loan-calculator/",true,true,"Indexable","Clean canonical, allowed in robots, valid status","Maintain and monitor"
"https://freeaccuratecalculator.com/countries/saudi-arabia/finance/salary-calculator/",200,true,"index,follow","https://freeaccuratecalculator.com/countries/saudi-arabia/finance/salary-calculator/",true,true,"Indexable","Clean canonical, allowed in robots, valid status","Maintain and monitor"
"https://freeaccuratecalculator.com/countries/saudi-arabia/food/",200,true,"index,follow","https://freeaccuratecalculator.com/countries/saudi-arabia/food/",true,true,"Indexable","Clean canonical, allowed in robots, valid status","Maintain and monitor"
"https://freeaccuratecalculator.com/countries/saudi-arabia/gratuity-calculator/",200,true,"index,follow","https://freeaccuratecalculator.com/countries/saudi-arabia/gratuity-calculator/",true,true,"Indexable","Clean canonical, allowed in robots, valid status","Maintain and monitor"
"https://freeaccuratecalculator.com/countries/saudi-arabia/health/",200,true,"index,follow","https://freeaccuratecalculator.com/countries/saudi-arabia/health/",true,true,"Indexable","Clean canonical, allowed in robots, valid status","Maintain and monitor"
"https://freeaccuratecalculator.com/countries/saudi-arabia/income-tax-calculator/",200,true,"index,follow","https://freeaccuratecalculator.com/countries/saudi-arabia/income-tax-calculator/",true,true,"Indexable","Clean canonical, allowed in robots, valid status","Maintain and monitor"
"https://freeaccuratecalculator.com/countries/saudi-arabia/",200,true,"index,follow","https://freeaccuratecalculator.com/countries/saudi-arabia/",true,true,"Indexable","Clean canonical, allowed in robots, valid status","Maintain and monitor"
"https://freeaccuratecalculator.com/countries/saudi-arabia/insurance/",200,true,"index,follow","https://freeaccuratecalculator.com/countries/saudi-arabia/insurance/",true,true,"Indexable","Clean canonical, allowed in robots, valid status","Maintain and monitor"
"https://freeaccuratecalculator.com/countries/saudi-arabia/legal/",200,true,"index,follow","https://freeaccuratecalculator.com/countries/saudi-arabia/legal/",true,true,"Indexable","Clean canonical, allowed in robots, valid status","Maintain and monitor"
"https://freeaccuratecalculator.com/countries/saudi-arabia/loan-calculator/",200,true,"index,follow","https://freeaccuratecalculator.com/countries/saudi-arabia/loan-calculator/",true,true,"Indexable","Clean canonical, allowed in robots, valid status","Maintain and monitor"
"https://freeaccuratecalculator.com/countries/saudi-arabia/love/",200,true,"index,follow","https://freeaccuratecalculator.com/countries/saudi-arabia/love/",true,true,"Indexable","Clean canonical, allowed in robots, valid status","Maintain and monitor"
"https://freeaccuratecalculator.com/countries/saudi-arabia/marketing/",200,true,"index,follow","https://freeaccuratecalculator.com/countries/saudi-arabia/marketing/",true,true,"Indexable","Clean canonical, allowed in robots, valid status","Maintain and monitor"
"https://freeaccuratecalculator.com/countries/saudi-arabia/math/",200,true,"index,follow","https://freeaccuratecalculator.com/countries/saudi-arabia/math/",true,true,"Indexable","Clean canonical, allowed in robots, valid status","Maintain and monitor"
"https://freeaccuratecalculator.com/countries/saudi-arabia/physics/",200,true,"index,follow","https://freeaccuratecalculator.com/countries/saudi-arabia/physics/",true,true,"Indexable","Clean canonical, allowed in robots, valid status","Maintain and monitor"
"https://freeaccuratecalculator.com/countries/saudi-arabia/real-estate/",200,true,"index,follow","https://freeaccuratecalculator.com/countries/saudi-arabia/real-estate/",true,true,"Indexable","Clean canonical, allowed in robots, valid status","Maintain and monitor"
"https://freeaccuratecalculator.com/countries/saudi-arabia/salary-calculator/",200,true,"index,follow","https://freeaccuratecalculator.com/countries/saudi-arabia/salary-calculator/",true,true,"Indexable","Clean canonical, allowed in robots, valid status","Maintain and monitor"
"https://freeaccuratecalculator.com/countries/saudi-arabia/sports/",200,true,"index,follow","https://freeaccuratecalculator.com/countries/saudi-arabia/sports/",true,true,"Indexable","Clean canonical, allowed in robots, valid status","Maintain and monitor"
"https://freeaccuratecalculator.com/countries/saudi-arabia/statistics/",200,true,"index,follow","https://freeaccuratecalculator.com/countries/saudi-arabia/statistics/",true,true,"Indexable","Clean canonical, allowed in robots, valid status","Maintain and monitor"
"https://freeaccuratecalculator.com/countries/saudi-arabia/technology/",200,true,"index,follow","https://freeaccuratecalculator.com/countries/saudi-arabia/technology/",true,true,"Indexable","Clean canonical, allowed in robots, valid status","Maintain and monitor"
"https://freeaccuratecalculator.com/countries/singapore/automotive/",200,true,"index,follow","https://freeaccuratecalculator.com/countries/singapore/automotive/",true,true,"Indexable","Clean canonical, allowed in robots, valid status","Maintain and monitor"
"https://freeaccuratecalculator.com/countries/singapore/biology/",200,true,"index,follow","https://freeaccuratecalculator.com/countries/singapore/biology/",true,true,"Indexable","Clean canonical, allowed in robots, valid status","Maintain and monitor"
"https://freeaccuratecalculator.com/countries/singapore/business/",200,true,"index,follow","https://freeaccuratecalculator.com/countries/singapore/business/",true,true,"Indexable","Clean canonical, allowed in robots, valid status","Maintain and monitor"
"https://freeaccuratecalculator.com/countries/singapore/chemistry/",200,true,"index,follow","https://freeaccuratecalculator.com/countries/singapore/chemistry/",true,true,"Indexable","Clean canonical, allowed in robots, valid status","Maintain and monitor"
"https://freeaccuratecalculator.com/countries/singapore/compound-interest-calculator/",200,true,"index,follow","https://freeaccuratecalculator.com/countries/singapore/compound-interest-calculator/",true,true,"Indexable","Clean canonical, allowed in robots, valid status","Maintain and monitor"
"https://freeaccuratecalculator.com/countries/singapore/construction/",200,true,"index,follow","https://freeaccuratecalculator.com/countries/singapore/construction/",true,true,"Indexable","Clean canonical, allowed in robots, valid status","Maintain and monitor"
"https://freeaccuratecalculator.com/countries/singapore/converter/",200,true,"index,follow","https://freeaccuratecalculator.com/countries/singapore/converter/",true,true,"Indexable","Clean canonical, allowed in robots, valid status","Maintain and monitor"
"https://freeaccuratecalculator.com/countries/singapore/ecology/",200,true,"index,follow","https://freeaccuratecalculator.com/countries/singapore/ecology/",true,true,"Indexable","Clean canonical, allowed in robots, valid status","Maintain and monitor"
"https://freeaccuratecalculator.com/countries/singapore/everyday/",200,true,"index,follow","https://freeaccuratecalculator.com/countries/singapore/everyday/",true,true,"Indexable","Clean canonical, allowed in robots, valid status","Maintain and monitor"
"https://freeaccuratecalculator.com/countries/singapore/finance/compound-interest-calculator/",200,true,"index,follow","https://freeaccuratecalculator.com/countries/singapore/finance/compound-interest-calculator/",true,true,"Indexable","Clean canonical, allowed in robots, valid status","Maintain and monitor"
"https://freeaccuratecalculator.com/countries/singapore/finance/income-tax-calculator/",200,true,"index,follow","https://freeaccuratecalculator.com/countries/singapore/finance/income-tax-calculator/",true,true,"Indexable","Clean canonical, allowed in robots, valid status","Maintain and monitor"
"https://freeaccuratecalculator.com/countries/singapore/finance/",200,true,"index,follow","https://freeaccuratecalculator.com/countries/singapore/finance/",true,true,"Indexable","Clean canonical, allowed in robots, valid status","Maintain and monitor"
"https://freeaccuratecalculator.com/countries/singapore/finance/mortgage-calculator/",200,true,"index,follow","https://freeaccuratecalculator.com/countries/singapore/finance/mortgage-calculator/",true,true,"Indexable","Clean canonical, allowed in robots, valid status","Maintain and monitor"
"https://freeaccuratecalculator.com/countries/singapore/finance/salary-calculator/",200,true,"index,follow","https://freeaccuratecalculator.com/countries/singapore/finance/salary-calculator/",true,true,"Indexable","Clean canonical, allowed in robots, valid status","Maintain and monitor"
"https://freeaccuratecalculator.com/countries/singapore/food/",200,true,"index,follow","https://freeaccuratecalculator.com/countries/singapore/food/",true,true,"Indexable","Clean canonical, allowed in robots, valid status","Maintain and monitor"
"https://freeaccuratecalculator.com/countries/singapore/health/",200,true,"index,follow","https://freeaccuratecalculator.com/countries/singapore/health/",true,true,"Indexable","Clean canonical, allowed in robots, valid status","Maintain and monitor"
"https://freeaccuratecalculator.com/countries/singapore/income-tax-calculator/",200,true,"index,follow","https://freeaccuratecalculator.com/countries/singapore/income-tax-calculator/",true,true,"Indexable","Clean canonical, allowed in robots, valid status","Maintain and monitor"
"https://freeaccuratecalculator.com/countries/singapore/",200,true,"index,follow","https://freeaccuratecalculator.com/countries/singapore/",true,true,"Indexable","Clean canonical, allowed in robots, valid status","Maintain and monitor"
"https://freeaccuratecalculator.com/countries/singapore/insurance/",200,true,"index,follow","https://freeaccuratecalculator.com/countries/singapore/insurance/",true,true,"Indexable","Clean canonical, allowed in robots, valid status","Maintain and monitor"
"https://freeaccuratecalculator.com/countries/singapore/legal/",200,true,"index,follow","https://freeaccuratecalculator.com/countries/singapore/legal/",true,true,"Indexable","Clean canonical, allowed in robots, valid status","Maintain and monitor"
"https://freeaccuratecalculator.com/countries/singapore/love/",200,true,"index,follow","https://freeaccuratecalculator.com/countries/singapore/love/",true,true,"Indexable","Clean canonical, allowed in robots, valid status","Maintain and monitor"
"https://freeaccuratecalculator.com/countries/singapore/marketing/",200,true,"index,follow","https://freeaccuratecalculator.com/countries/singapore/marketing/",true,true,"Indexable","Clean canonical, allowed in robots, valid status","Maintain and monitor"
"https://freeaccuratecalculator.com/countries/singapore/math/",200,true,"index,follow","https://freeaccuratecalculator.com/countries/singapore/math/",true,true,"Indexable","Clean canonical, allowed in robots, valid status","Maintain and monitor"
"https://freeaccuratecalculator.com/countries/singapore/mortgage-calculator/",200,true,"index,follow","https://freeaccuratecalculator.com/countries/singapore/mortgage-calculator/",true,true,"Indexable","Clean canonical, allowed in robots, valid status","Maintain and monitor"
"https://freeaccuratecalculator.com/countries/singapore/physics/",200,true,"index,follow","https://freeaccuratecalculator.com/countries/singapore/physics/",true,true,"Indexable","Clean canonical, allowed in robots, valid status","Maintain and monitor"
"https://freeaccuratecalculator.com/countries/singapore/real-estate/",200,true,"index,follow","https://freeaccuratecalculator.com/countries/singapore/real-estate/",true,true,"Indexable","Clean canonical, allowed in robots, valid status","Maintain and monitor"
"https://freeaccuratecalculator.com/countries/singapore/salary-calculator/",200,true,"index,follow","https://freeaccuratecalculator.com/countries/singapore/salary-calculator/",true,true,"Indexable","Clean canonical, allowed in robots, valid status","Maintain and monitor"
"https://freeaccuratecalculator.com/countries/singapore/sports/",200,true,"index,follow","https://freeaccuratecalculator.com/countries/singapore/sports/",true,true,"Indexable","Clean canonical, allowed in robots, valid status","Maintain and monitor"
"https://freeaccuratecalculator.com/countries/singapore/statistics/",200,true,"index,follow","https://freeaccuratecalculator.com/countries/singapore/statistics/",true,true,"Indexable","Clean canonical, allowed in robots, valid status","Maintain and monitor"
"https://freeaccuratecalculator.com/countries/singapore/technology/",200,true,"index,follow","https://freeaccuratecalculator.com/countries/singapore/technology/",true,true,"Indexable","Clean canonical, allowed in robots, valid status","Maintain and monitor"
"https://freeaccuratecalculator.com/countries/south-africa/automotive/",200,true,"index,follow","https://freeaccuratecalculator.com/countries/south-africa/automotive/",true,true,"Indexable","Clean canonical, allowed in robots, valid status","Maintain and monitor"
"https://freeaccuratecalculator.com/countries/south-africa/biology/",200,true,"index,follow","https://freeaccuratecalculator.com/countries/south-africa/biology/",true,true,"Indexable","Clean canonical, allowed in robots, valid status","Maintain and monitor"
"https://freeaccuratecalculator.com/countries/south-africa/business/",200,true,"index,follow","https://freeaccuratecalculator.com/countries/south-africa/business/",true,true,"Indexable","Clean canonical, allowed in robots, valid status","Maintain and monitor"
"https://freeaccuratecalculator.com/countries/south-africa/chemistry/",200,true,"index,follow","https://freeaccuratecalculator.com/countries/south-africa/chemistry/",true,true,"Indexable","Clean canonical, allowed in robots, valid status","Maintain and monitor"
"https://freeaccuratecalculator.com/countries/south-africa/construction/",200,true,"index,follow","https://freeaccuratecalculator.com/countries/south-africa/construction/",true,true,"Indexable","Clean canonical, allowed in robots, valid status","Maintain and monitor"
"https://freeaccuratecalculator.com/countries/south-africa/converter/",200,true,"index,follow","https://freeaccuratecalculator.com/countries/south-africa/converter/",true,true,"Indexable","Clean canonical, allowed in robots, valid status","Maintain and monitor"
"https://freeaccuratecalculator.com/countries/south-africa/ecology/",200,true,"index,follow","https://freeaccuratecalculator.com/countries/south-africa/ecology/",true,true,"Indexable","Clean canonical, allowed in robots, valid status","Maintain and monitor"
"https://freeaccuratecalculator.com/countries/south-africa/emi-calculator/",200,true,"index,follow","https://freeaccuratecalculator.com/countries/south-africa/emi-calculator/",true,true,"Indexable","Clean canonical, allowed in robots, valid status","Maintain and monitor"
"https://freeaccuratecalculator.com/countries/south-africa/everyday/",200,true,"index,follow","https://freeaccuratecalculator.com/countries/south-africa/everyday/",true,true,"Indexable","Clean canonical, allowed in robots, valid status","Maintain and monitor"
"https://freeaccuratecalculator.com/countries/south-africa/finance/emi-calculator/",200,true,"index,follow","https://freeaccuratecalculator.com/countries/south-africa/finance/emi-calculator/",true,true,"Indexable","Clean canonical, allowed in robots, valid status","Maintain and monitor"
"https://freeaccuratecalculator.com/countries/south-africa/finance/income-tax-calculator/",200,true,"index,follow","https://freeaccuratecalculator.com/countries/south-africa/finance/income-tax-calculator/",true,true,"Indexable","Clean canonical, allowed in robots, valid status","Maintain and monitor"
"https://freeaccuratecalculator.com/countries/south-africa/finance/",200,true,"index,follow","https://freeaccuratecalculator.com/countries/south-africa/finance/",true,true,"Indexable","Clean canonical, allowed in robots, valid status","Maintain and monitor"
"https://freeaccuratecalculator.com/countries/south-africa/finance/loan-calculator/",200,true,"index,follow","https://freeaccuratecalculator.com/countries/south-africa/finance/loan-calculator/",true,true,"Indexable","Clean canonical, allowed in robots, valid status","Maintain and monitor"
"https://freeaccuratecalculator.com/countries/south-africa/finance/mortgage-calculator/",200,true,"index,follow","https://freeaccuratecalculator.com/countries/south-africa/finance/mortgage-calculator/",true,true,"Indexable","Clean canonical, allowed in robots, valid status","Maintain and monitor"
"https://freeaccuratecalculator.com/countries/south-africa/finance/salary-calculator/",200,true,"index,follow","https://freeaccuratecalculator.com/countries/south-africa/finance/salary-calculator/",true,true,"Indexable","Clean canonical, allowed in robots, valid status","Maintain and monitor"
"https://freeaccuratecalculator.com/countries/south-africa/food/",200,true,"index,follow","https://freeaccuratecalculator.com/countries/south-africa/food/",true,true,"Indexable","Clean canonical, allowed in robots, valid status","Maintain and monitor"
"https://freeaccuratecalculator.com/countries/south-africa/health/",200,true,"index,follow","https://freeaccuratecalculator.com/countries/south-africa/health/",true,true,"Indexable","Clean canonical, allowed in robots, valid status","Maintain and monitor"
"https://freeaccuratecalculator.com/countries/south-africa/income-tax-calculator/",200,true,"index,follow","https://freeaccuratecalculator.com/countries/south-africa/income-tax-calculator/",true,true,"Indexable","Clean canonical, allowed in robots, valid status","Maintain and monitor"
"https://freeaccuratecalculator.com/countries/south-africa/",200,true,"index,follow","https://freeaccuratecalculator.com/countries/south-africa/",true,true,"Indexable","Clean canonical, allowed in robots, valid status","Maintain and monitor"
"https://freeaccuratecalculator.com/countries/south-africa/insurance/",200,true,"index,follow","https://freeaccuratecalculator.com/countries/south-africa/insurance/",true,true,"Indexable","Clean canonical, allowed in robots, valid status","Maintain and monitor"
"https://freeaccuratecalculator.com/countries/south-africa/legal/",200,true,"index,follow","https://freeaccuratecalculator.com/countries/south-africa/legal/",true,true,"Indexable","Clean canonical, allowed in robots, valid status","Maintain and monitor"
"https://freeaccuratecalculator.com/countries/south-africa/loan-calculator/",200,true,"index,follow","https://freeaccuratecalculator.com/countries/south-africa/loan-calculator/",true,true,"Indexable","Clean canonical, allowed in robots, valid status","Maintain and monitor"
"https://freeaccuratecalculator.com/countries/south-africa/love/",200,true,"index,follow","https://freeaccuratecalculator.com/countries/south-africa/love/",true,true,"Indexable","Clean canonical, allowed in robots, valid status","Maintain and monitor"
"https://freeaccuratecalculator.com/countries/south-africa/marketing/",200,true,"index,follow","https://freeaccuratecalculator.com/countries/south-africa/marketing/",true,true,"Indexable","Clean canonical, allowed in robots, valid status","Maintain and monitor"
"https://freeaccuratecalculator.com/countries/south-africa/math/",200,true,"index,follow","https://freeaccuratecalculator.com/countries/south-africa/math/",true,true,"Indexable","Clean canonical, allowed in robots, valid status","Maintain and monitor"
"https://freeaccuratecalculator.com/countries/south-africa/mortgage-calculator/",200,true,"index,follow","https://freeaccuratecalculator.com/countries/south-africa/mortgage-calculator/",true,true,"Indexable","Clean canonical, allowed in robots, valid status","Maintain and monitor"
"https://freeaccuratecalculator.com/countries/south-africa/physics/",200,true,"index,follow","https://freeaccuratecalculator.com/countries/south-africa/physics/",true,true,"Indexable","Clean canonical, allowed in robots, valid status","Maintain and monitor"
"https://freeaccuratecalculator.com/countries/south-africa/real-estate/",200,true,"index,follow","https://freeaccuratecalculator.com/countries/south-africa/real-estate/",true,true,"Indexable","Clean canonical, allowed in robots, valid status","Maintain and monitor"
"https://freeaccuratecalculator.com/countries/south-africa/salary-calculator/",200,true,"index,follow","https://freeaccuratecalculator.com/countries/south-africa/salary-calculator/",true,true,"Indexable","Clean canonical, allowed in robots, valid status","Maintain and monitor"
"https://freeaccuratecalculator.com/countries/south-africa/sports/",200,true,"index,follow","https://freeaccuratecalculator.com/countries/south-africa/sports/",true,true,"Indexable","Clean canonical, allowed in robots, valid status","Maintain and monitor"
"https://freeaccuratecalculator.com/countries/south-africa/statistics/",200,true,"index,follow","https://freeaccuratecalculator.com/countries/south-africa/statistics/",true,true,"Indexable","Clean canonical, allowed in robots, valid status","Maintain and monitor"
"https://freeaccuratecalculator.com/countries/south-africa/technology/",200,true,"index,follow","https://freeaccuratecalculator.com/countries/south-africa/technology/",true,true,"Indexable","Clean canonical, allowed in robots, valid status","Maintain and monitor"
"https://freeaccuratecalculator.com/countries/spain/automotive/",200,true,"index,follow","https://freeaccuratecalculator.com/countries/spain/automotive/",true,true,"Indexable","Clean canonical, allowed in robots, valid status","Maintain and monitor"
"https://freeaccuratecalculator.com/countries/spain/biology/",200,true,"index,follow","https://freeaccuratecalculator.com/countries/spain/biology/",true,true,"Indexable","Clean canonical, allowed in robots, valid status","Maintain and monitor"
"https://freeaccuratecalculator.com/countries/spain/business/",200,true,"index,follow","https://freeaccuratecalculator.com/countries/spain/business/",true,true,"Indexable","Clean canonical, allowed in robots, valid status","Maintain and monitor"
"https://freeaccuratecalculator.com/countries/spain/chemistry/",200,true,"index,follow","https://freeaccuratecalculator.com/countries/spain/chemistry/",true,true,"Indexable","Clean canonical, allowed in robots, valid status","Maintain and monitor"
"https://freeaccuratecalculator.com/countries/spain/compound-interest-calculator/",200,true,"index,follow","https://freeaccuratecalculator.com/countries/spain/compound-interest-calculator/",true,true,"Indexable","Clean canonical, allowed in robots, valid status","Maintain and monitor"
"https://freeaccuratecalculator.com/countries/spain/construction/",200,true,"index,follow","https://freeaccuratecalculator.com/countries/spain/construction/",true,true,"Indexable","Clean canonical, allowed in robots, valid status","Maintain and monitor"
"https://freeaccuratecalculator.com/countries/spain/converter/",200,true,"index,follow","https://freeaccuratecalculator.com/countries/spain/converter/",true,true,"Indexable","Clean canonical, allowed in robots, valid status","Maintain and monitor"
"https://freeaccuratecalculator.com/countries/spain/ecology/",200,true,"index,follow","https://freeaccuratecalculator.com/countries/spain/ecology/",true,true,"Indexable","Clean canonical, allowed in robots, valid status","Maintain and monitor"
"https://freeaccuratecalculator.com/countries/spain/everyday/",200,true,"index,follow","https://freeaccuratecalculator.com/countries/spain/everyday/",true,true,"Indexable","Clean canonical, allowed in robots, valid status","Maintain and monitor"
"https://freeaccuratecalculator.com/countries/spain/finance/compound-interest-calculator/",200,true,"index,follow","https://freeaccuratecalculator.com/countries/spain/finance/compound-interest-calculator/",true,true,"Indexable","Clean canonical, allowed in robots, valid status","Maintain and monitor"
"https://freeaccuratecalculator.com/countries/spain/finance/income-tax-calculator/",200,true,"index,follow","https://freeaccuratecalculator.com/countries/spain/finance/income-tax-calculator/",true,true,"Indexable","Clean canonical, allowed in robots, valid status","Maintain and monitor"
"https://freeaccuratecalculator.com/countries/spain/finance/",200,true,"index,follow","https://freeaccuratecalculator.com/countries/spain/finance/",true,true,"Indexable","Clean canonical, allowed in robots, valid status","Maintain and monitor"
"https://freeaccuratecalculator.com/countries/spain/finance/mortgage-calculator/",200,true,"index,follow","https://freeaccuratecalculator.com/countries/spain/finance/mortgage-calculator/",true,true,"Indexable","Clean canonical, allowed in robots, valid status","Maintain and monitor"
"https://freeaccuratecalculator.com/countries/spain/finance/salary-calculator/",200,true,"index,follow","https://freeaccuratecalculator.com/countries/spain/finance/salary-calculator/",true,true,"Indexable","Clean canonical, allowed in robots, valid status","Maintain and monitor"
"https://freeaccuratecalculator.com/countries/spain/food/",200,true,"index,follow","https://freeaccuratecalculator.com/countries/spain/food/",true,true,"Indexable","Clean canonical, allowed in robots, valid status","Maintain and monitor"
"https://freeaccuratecalculator.com/countries/spain/health/",200,true,"index,follow","https://freeaccuratecalculator.com/countries/spain/health/",true,true,"Indexable","Clean canonical, allowed in robots, valid status","Maintain and monitor"
"https://freeaccuratecalculator.com/countries/spain/income-tax-calculator/",200,true,"index,follow","https://freeaccuratecalculator.com/countries/spain/income-tax-calculator/",true,true,"Indexable","Clean canonical, allowed in robots, valid status","Maintain and monitor"
"https://freeaccuratecalculator.com/countries/spain/",200,true,"index,follow","https://freeaccuratecalculator.com/countries/spain/",true,true,"Indexable","Clean canonical, allowed in robots, valid status","Maintain and monitor"
"https://freeaccuratecalculator.com/countries/spain/insurance/",200,true,"index,follow","https://freeaccuratecalculator.com/countries/spain/insurance/",true,true,"Indexable","Clean canonical, allowed in robots, valid status","Maintain and monitor"
"https://freeaccuratecalculator.com/countries/spain/legal/",200,true,"index,follow","https://freeaccuratecalculator.com/countries/spain/legal/",true,true,"Indexable","Clean canonical, allowed in robots, valid status","Maintain and monitor"
"https://freeaccuratecalculator.com/countries/spain/love/",200,true,"index,follow","https://freeaccuratecalculator.com/countries/spain/love/",true,true,"Indexable","Clean canonical, allowed in robots, valid status","Maintain and monitor"
"https://freeaccuratecalculator.com/countries/spain/marketing/",200,true,"index,follow","https://freeaccuratecalculator.com/countries/spain/marketing/",true,true,"Indexable","Clean canonical, allowed in robots, valid status","Maintain and monitor"
"https://freeaccuratecalculator.com/countries/spain/math/",200,true,"index,follow","https://freeaccuratecalculator.com/countries/spain/math/",true,true,"Indexable","Clean canonical, allowed in robots, valid status","Maintain and monitor"
"https://freeaccuratecalculator.com/countries/spain/mortgage-calculator/",200,true,"index,follow","https://freeaccuratecalculator.com/countries/spain/mortgage-calculator/",true,true,"Indexable","Clean canonical, allowed in robots, valid status","Maintain and monitor"
"https://freeaccuratecalculator.com/countries/spain/physics/",200,true,"index,follow","https://freeaccuratecalculator.com/countries/spain/physics/",true,true,"Indexable","Clean canonical, allowed in robots, valid status","Maintain and monitor"
"https://freeaccuratecalculator.com/countries/spain/real-estate/",200,true,"index,follow","https://freeaccuratecalculator.com/countries/spain/real-estate/",true,true,"Indexable","Clean canonical, allowed in robots, valid status","Maintain and monitor"
"https://freeaccuratecalculator.com/countries/spain/salary-calculator/",200,true,"index,follow","https://freeaccuratecalculator.com/countries/spain/salary-calculator/",true,true,"Indexable","Clean canonical, allowed in robots, valid status","Maintain and monitor"
"https://freeaccuratecalculator.com/countries/spain/sports/",200,true,"index,follow","https://freeaccuratecalculator.com/countries/spain/sports/",true,true,"Indexable","Clean canonical, allowed in robots, valid status","Maintain and monitor"
"https://freeaccuratecalculator.com/countries/spain/statistics/",200,true,"index,follow","https://freeaccuratecalculator.com/countries/spain/statistics/",true,true,"Indexable","Clean canonical, allowed in robots, valid status","Maintain and monitor"
"https://freeaccuratecalculator.com/countries/spain/technology/",200,true,"index,follow","https://freeaccuratecalculator.com/countries/spain/technology/",true,true,"Indexable","Clean canonical, allowed in robots, valid status","Maintain and monitor"
"https://freeaccuratecalculator.com/countries/switzerland/automotive/",200,true,"index,follow","https://freeaccuratecalculator.com/countries/switzerland/automotive/",true,true,"Indexable","Clean canonical, allowed in robots, valid status","Maintain and monitor"
"https://freeaccuratecalculator.com/countries/switzerland/biology/",200,true,"index,follow","https://freeaccuratecalculator.com/countries/switzerland/biology/",true,true,"Indexable","Clean canonical, allowed in robots, valid status","Maintain and monitor"
"https://freeaccuratecalculator.com/countries/switzerland/business/",200,true,"index,follow","https://freeaccuratecalculator.com/countries/switzerland/business/",true,true,"Indexable","Clean canonical, allowed in robots, valid status","Maintain and monitor"
"https://freeaccuratecalculator.com/countries/switzerland/chemistry/",200,true,"index,follow","https://freeaccuratecalculator.com/countries/switzerland/chemistry/",true,true,"Indexable","Clean canonical, allowed in robots, valid status","Maintain and monitor"
"https://freeaccuratecalculator.com/countries/switzerland/compound-interest-calculator/",200,true,"index,follow","https://freeaccuratecalculator.com/countries/switzerland/compound-interest-calculator/",true,true,"Indexable","Clean canonical, allowed in robots, valid status","Maintain and monitor"
"https://freeaccuratecalculator.com/countries/switzerland/construction/",200,true,"index,follow","https://freeaccuratecalculator.com/countries/switzerland/construction/",true,true,"Indexable","Clean canonical, allowed in robots, valid status","Maintain and monitor"
"https://freeaccuratecalculator.com/countries/switzerland/converter/",200,true,"index,follow","https://freeaccuratecalculator.com/countries/switzerland/converter/",true,true,"Indexable","Clean canonical, allowed in robots, valid status","Maintain and monitor"
"https://freeaccuratecalculator.com/countries/switzerland/ecology/",200,true,"index,follow","https://freeaccuratecalculator.com/countries/switzerland/ecology/",true,true,"Indexable","Clean canonical, allowed in robots, valid status","Maintain and monitor"
"https://freeaccuratecalculator.com/countries/switzerland/everyday/",200,true,"index,follow","https://freeaccuratecalculator.com/countries/switzerland/everyday/",true,true,"Indexable","Clean canonical, allowed in robots, valid status","Maintain and monitor"
"https://freeaccuratecalculator.com/countries/switzerland/finance/compound-interest-calculator/",200,true,"index,follow","https://freeaccuratecalculator.com/countries/switzerland/finance/compound-interest-calculator/",true,true,"Indexable","Clean canonical, allowed in robots, valid status","Maintain and monitor"
"https://freeaccuratecalculator.com/countries/switzerland/finance/income-tax-calculator/",200,true,"index,follow","https://freeaccuratecalculator.com/countries/switzerland/finance/income-tax-calculator/",true,true,"Indexable","Clean canonical, allowed in robots, valid status","Maintain and monitor"
"https://freeaccuratecalculator.com/countries/switzerland/finance/",200,true,"index,follow","https://freeaccuratecalculator.com/countries/switzerland/finance/",true,true,"Indexable","Clean canonical, allowed in robots, valid status","Maintain and monitor"
"https://freeaccuratecalculator.com/countries/switzerland/finance/mortgage-calculator/",200,true,"index,follow","https://freeaccuratecalculator.com/countries/switzerland/finance/mortgage-calculator/",true,true,"Indexable","Clean canonical, allowed in robots, valid status","Maintain and monitor"
"https://freeaccuratecalculator.com/countries/switzerland/finance/salary-calculator/",200,true,"index,follow","https://freeaccuratecalculator.com/countries/switzerland/finance/salary-calculator/",true,true,"Indexable","Clean canonical, allowed in robots, valid status","Maintain and monitor"
"https://freeaccuratecalculator.com/countries/switzerland/food/",200,true,"index,follow","https://freeaccuratecalculator.com/countries/switzerland/food/",true,true,"Indexable","Clean canonical, allowed in robots, valid status","Maintain and monitor"
"https://freeaccuratecalculator.com/countries/switzerland/health/",200,true,"index,follow","https://freeaccuratecalculator.com/countries/switzerland/health/",true,true,"Indexable","Clean canonical, allowed in robots, valid status","Maintain and monitor"
"https://freeaccuratecalculator.com/countries/switzerland/income-tax-calculator/",200,true,"index,follow","https://freeaccuratecalculator.com/countries/switzerland/income-tax-calculator/",true,true,"Indexable","Clean canonical, allowed in robots, valid status","Maintain and monitor"
"https://freeaccuratecalculator.com/countries/switzerland/",200,true,"index,follow","https://freeaccuratecalculator.com/countries/switzerland/",true,true,"Indexable","Clean canonical, allowed in robots, valid status","Maintain and monitor"
"https://freeaccuratecalculator.com/countries/switzerland/insurance/",200,true,"index,follow","https://freeaccuratecalculator.com/countries/switzerland/insurance/",true,true,"Indexable","Clean canonical, allowed in robots, valid status","Maintain and monitor"
"https://freeaccuratecalculator.com/countries/switzerland/legal/",200,true,"index,follow","https://freeaccuratecalculator.com/countries/switzerland/legal/",true,true,"Indexable","Clean canonical, allowed in robots, valid status","Maintain and monitor"
"https://freeaccuratecalculator.com/countries/switzerland/love/",200,true,"index,follow","https://freeaccuratecalculator.com/countries/switzerland/love/",true,true,"Indexable","Clean canonical, allowed in robots, valid status","Maintain and monitor"
"https://freeaccuratecalculator.com/countries/switzerland/marketing/",200,true,"index,follow","https://freeaccuratecalculator.com/countries/switzerland/marketing/",true,true,"Indexable","Clean canonical, allowed in robots, valid status","Maintain and monitor"
"https://freeaccuratecalculator.com/countries/switzerland/math/",200,true,"index,follow","https://freeaccuratecalculator.com/countries/switzerland/math/",true,true,"Indexable","Clean canonical, allowed in robots, valid status","Maintain and monitor"
"https://freeaccuratecalculator.com/countries/switzerland/mortgage-calculator/",200,true,"index,follow","https://freeaccuratecalculator.com/countries/switzerland/mortgage-calculator/",true,true,"Indexable","Clean canonical, allowed in robots, valid status","Maintain and monitor"
"https://freeaccuratecalculator.com/countries/switzerland/physics/",200,true,"index,follow","https://freeaccuratecalculator.com/countries/switzerland/physics/",true,true,"Indexable","Clean canonical, allowed in robots, valid status","Maintain and monitor"
"https://freeaccuratecalculator.com/countries/switzerland/real-estate/",200,true,"index,follow","https://freeaccuratecalculator.com/countries/switzerland/real-estate/",true,true,"Indexable","Clean canonical, allowed in robots, valid status","Maintain and monitor"
"https://freeaccuratecalculator.com/countries/switzerland/salary-calculator/",200,true,"index,follow","https://freeaccuratecalculator.com/countries/switzerland/salary-calculator/",true,true,"Indexable","Clean canonical, allowed in robots, valid status","Maintain and monitor"
"https://freeaccuratecalculator.com/countries/switzerland/sports/",200,true,"index,follow","https://freeaccuratecalculator.com/countries/switzerland/sports/",true,true,"Indexable","Clean canonical, allowed in robots, valid status","Maintain and monitor"
"https://freeaccuratecalculator.com/countries/switzerland/statistics/",200,true,"index,follow","https://freeaccuratecalculator.com/countries/switzerland/statistics/",true,true,"Indexable","Clean canonical, allowed in robots, valid status","Maintain and monitor"
"https://freeaccuratecalculator.com/countries/switzerland/technology/",200,true,"index,follow","https://freeaccuratecalculator.com/countries/switzerland/technology/",true,true,"Indexable","Clean canonical, allowed in robots, valid status","Maintain and monitor"
"https://freeaccuratecalculator.com/countries/united-arab-emirates/401k-calculator/",200,true,"index,follow","https://freeaccuratecalculator.com/countries/united-arab-emirates/401k-calculator/",true,true,"Indexable","Clean canonical, allowed in robots, valid status","Maintain and monitor"
"https://freeaccuratecalculator.com/countries/united-arab-emirates/automotive/",200,true,"index,follow","https://freeaccuratecalculator.com/countries/united-arab-emirates/automotive/",true,true,"Indexable","Clean canonical, allowed in robots, valid status","Maintain and monitor"
"https://freeaccuratecalculator.com/countries/united-arab-emirates/biology/",200,true,"index,follow","https://freeaccuratecalculator.com/countries/united-arab-emirates/biology/",true,true,"Indexable","Clean canonical, allowed in robots, valid status","Maintain and monitor"
"https://freeaccuratecalculator.com/countries/united-arab-emirates/business/",200,true,"index,follow","https://freeaccuratecalculator.com/countries/united-arab-emirates/business/",true,true,"Indexable","Clean canonical, allowed in robots, valid status","Maintain and monitor"
"https://freeaccuratecalculator.com/countries/united-arab-emirates/chemistry/",200,true,"index,follow","https://freeaccuratecalculator.com/countries/united-arab-emirates/chemistry/",true,true,"Indexable","Clean canonical, allowed in robots, valid status","Maintain and monitor"
"https://freeaccuratecalculator.com/countries/united-arab-emirates/compound-interest-calculator/",200,true,"index,follow","https://freeaccuratecalculator.com/countries/united-arab-emirates/compound-interest-calculator/",true,true,"Indexable","Clean canonical, allowed in robots, valid status","Maintain and monitor"
"https://freeaccuratecalculator.com/countries/united-arab-emirates/construction/",200,true,"index,follow","https://freeaccuratecalculator.com/countries/united-arab-emirates/construction/",true,true,"Indexable","Clean canonical, allowed in robots, valid status","Maintain and monitor"
"https://freeaccuratecalculator.com/countries/united-arab-emirates/converter/",200,true,"index,follow","https://freeaccuratecalculator.com/countries/united-arab-emirates/converter/",true,true,"Indexable","Clean canonical, allowed in robots, valid status","Maintain and monitor"
"https://freeaccuratecalculator.com/countries/united-arab-emirates/ecology/",200,true,"index,follow","https://freeaccuratecalculator.com/countries/united-arab-emirates/ecology/",true,true,"Indexable","Clean canonical, allowed in robots, valid status","Maintain and monitor"
"https://freeaccuratecalculator.com/countries/united-arab-emirates/everyday/",200,true,"index,follow","https://freeaccuratecalculator.com/countries/united-arab-emirates/everyday/",true,true,"Indexable","Clean canonical, allowed in robots, valid status","Maintain and monitor"
"https://freeaccuratecalculator.com/countries/united-arab-emirates/finance/401k-calculator/",200,true,"index,follow","https://freeaccuratecalculator.com/countries/united-arab-emirates/finance/401k-calculator/",true,true,"Indexable","Clean canonical, allowed in robots, valid status","Maintain and monitor"
"https://freeaccuratecalculator.com/countries/united-arab-emirates/finance/compound-interest-calculator/",200,true,"index,follow","https://freeaccuratecalculator.com/countries/united-arab-emirates/finance/compound-interest-calculator/",true,true,"Indexable","Clean canonical, allowed in robots, valid status","Maintain and monitor"
"https://freeaccuratecalculator.com/countries/united-arab-emirates/finance/gratuity-calculator/",200,true,"index,follow","https://freeaccuratecalculator.com/countries/united-arab-emirates/finance/gratuity-calculator/",true,true,"Indexable","Clean canonical, allowed in robots, valid status","Maintain and monitor"
"https://freeaccuratecalculator.com/countries/united-arab-emirates/finance/income-tax-calculator/",200,true,"index,follow","https://freeaccuratecalculator.com/countries/united-arab-emirates/finance/income-tax-calculator/",true,true,"Indexable","Clean canonical, allowed in robots, valid status","Maintain and monitor"
"https://freeaccuratecalculator.com/countries/united-arab-emirates/finance/",200,true,"index,follow","https://freeaccuratecalculator.com/countries/united-arab-emirates/finance/",true,true,"Indexable","Clean canonical, allowed in robots, valid status","Maintain and monitor"
"https://freeaccuratecalculator.com/countries/united-arab-emirates/finance/mortgage-calculator/",200,true,"index,follow","https://freeaccuratecalculator.com/countries/united-arab-emirates/finance/mortgage-calculator/",true,true,"Indexable","Clean canonical, allowed in robots, valid status","Maintain and monitor"
"https://freeaccuratecalculator.com/countries/united-arab-emirates/finance/roth-ira-calculator/",200,true,"index,follow","https://freeaccuratecalculator.com/countries/united-arab-emirates/finance/roth-ira-calculator/",true,true,"Indexable","Clean canonical, allowed in robots, valid status","Maintain and monitor"
"https://freeaccuratecalculator.com/countries/united-arab-emirates/finance/salary-calculator/",200,true,"index,follow","https://freeaccuratecalculator.com/countries/united-arab-emirates/finance/salary-calculator/",true,true,"Indexable","Clean canonical, allowed in robots, valid status","Maintain and monitor"
"https://freeaccuratecalculator.com/countries/united-arab-emirates/finance/sip-calculator/",200,true,"index,follow","https://freeaccuratecalculator.com/countries/united-arab-emirates/finance/sip-calculator/",true,true,"Indexable","Clean canonical, allowed in robots, valid status","Maintain and monitor"
"https://freeaccuratecalculator.com/countries/united-arab-emirates/food/",200,true,"index,follow","https://freeaccuratecalculator.com/countries/united-arab-emirates/food/",true,true,"Indexable","Clean canonical, allowed in robots, valid status","Maintain and monitor"
"https://freeaccuratecalculator.com/countries/united-arab-emirates/gratuity-calculator/",200,true,"index,follow","https://freeaccuratecalculator.com/countries/united-arab-emirates/gratuity-calculator/",true,true,"Indexable","Clean canonical, allowed in robots, valid status","Maintain and monitor"
"https://freeaccuratecalculator.com/countries/united-arab-emirates/health/",200,true,"index,follow","https://freeaccuratecalculator.com/countries/united-arab-emirates/health/",true,true,"Indexable","Clean canonical, allowed in robots, valid status","Maintain and monitor"
"https://freeaccuratecalculator.com/countries/united-arab-emirates/income-tax-calculator/",200,true,"index,follow","https://freeaccuratecalculator.com/countries/united-arab-emirates/income-tax-calculator/",true,true,"Indexable","Clean canonical, allowed in robots, valid status","Maintain and monitor"
"https://freeaccuratecalculator.com/countries/united-arab-emirates/",200,true,"index,follow","https://freeaccuratecalculator.com/countries/united-arab-emirates/",true,true,"Indexable","Clean canonical, allowed in robots, valid status","Maintain and monitor"
"https://freeaccuratecalculator.com/countries/united-arab-emirates/insurance/",200,true,"index,follow","https://freeaccuratecalculator.com/countries/united-arab-emirates/insurance/",true,true,"Indexable","Clean canonical, allowed in robots, valid status","Maintain and monitor"
"https://freeaccuratecalculator.com/countries/united-arab-emirates/legal/",200,true,"index,follow","https://freeaccuratecalculator.com/countries/united-arab-emirates/legal/",true,true,"Indexable","Clean canonical, allowed in robots, valid status","Maintain and monitor"
"https://freeaccuratecalculator.com/countries/united-arab-emirates/love/",200,true,"index,follow","https://freeaccuratecalculator.com/countries/united-arab-emirates/love/",true,true,"Indexable","Clean canonical, allowed in robots, valid status","Maintain and monitor"
"https://freeaccuratecalculator.com/countries/united-arab-emirates/marketing/",200,true,"index,follow","https://freeaccuratecalculator.com/countries/united-arab-emirates/marketing/",true,true,"Indexable","Clean canonical, allowed in robots, valid status","Maintain and monitor"
"https://freeaccuratecalculator.com/countries/united-arab-emirates/math/",200,true,"index,follow","https://freeaccuratecalculator.com/countries/united-arab-emirates/math/",true,true,"Indexable","Clean canonical, allowed in robots, valid status","Maintain and monitor"
"https://freeaccuratecalculator.com/countries/united-arab-emirates/mortgage-calculator/",200,true,"index,follow","https://freeaccuratecalculator.com/countries/united-arab-emirates/mortgage-calculator/",true,true,"Indexable","Clean canonical, allowed in robots, valid status","Maintain and monitor"
"https://freeaccuratecalculator.com/countries/united-arab-emirates/physics/",200,true,"index,follow","https://freeaccuratecalculator.com/countries/united-arab-emirates/physics/",true,true,"Indexable","Clean canonical, allowed in robots, valid status","Maintain and monitor"
"https://freeaccuratecalculator.com/countries/united-arab-emirates/real-estate/",200,true,"index,follow","https://freeaccuratecalculator.com/countries/united-arab-emirates/real-estate/",true,true,"Indexable","Clean canonical, allowed in robots, valid status","Maintain and monitor"
"https://freeaccuratecalculator.com/countries/united-arab-emirates/roth-ira-calculator/",200,true,"index,follow","https://freeaccuratecalculator.com/countries/united-arab-emirates/roth-ira-calculator/",true,true,"Indexable","Clean canonical, allowed in robots, valid status","Maintain and monitor"
"https://freeaccuratecalculator.com/countries/united-arab-emirates/salary-calculator/",200,true,"index,follow","https://freeaccuratecalculator.com/countries/united-arab-emirates/salary-calculator/",true,true,"Indexable","Clean canonical, allowed in robots, valid status","Maintain and monitor"
"https://freeaccuratecalculator.com/countries/united-arab-emirates/sip-calculator/",200,true,"index,follow","https://freeaccuratecalculator.com/countries/united-arab-emirates/sip-calculator/",true,true,"Indexable","Clean canonical, allowed in robots, valid status","Maintain and monitor"
"https://freeaccuratecalculator.com/countries/united-arab-emirates/sports/",200,true,"index,follow","https://freeaccuratecalculator.com/countries/united-arab-emirates/sports/",true,true,"Indexable","Clean canonical, allowed in robots, valid status","Maintain and monitor"
"https://freeaccuratecalculator.com/countries/united-arab-emirates/statistics/",200,true,"index,follow","https://freeaccuratecalculator.com/countries/united-arab-emirates/statistics/",true,true,"Indexable","Clean canonical, allowed in robots, valid status","Maintain and monitor"
"https://freeaccuratecalculator.com/countries/united-arab-emirates/technology/",200,true,"index,follow","https://freeaccuratecalculator.com/countries/united-arab-emirates/technology/",true,true,"Indexable","Clean canonical, allowed in robots, valid status","Maintain and monitor"
"https://freeaccuratecalculator.com/countries/united-kingdom/automotive/",200,true,"index,follow","https://freeaccuratecalculator.com/countries/united-kingdom/automotive/",true,true,"Indexable","Clean canonical, allowed in robots, valid status","Maintain and monitor"
"https://freeaccuratecalculator.com/countries/united-kingdom/biology/",200,true,"index,follow","https://freeaccuratecalculator.com/countries/united-kingdom/biology/",true,true,"Indexable","Clean canonical, allowed in robots, valid status","Maintain and monitor"
"https://freeaccuratecalculator.com/countries/united-kingdom/business/",200,true,"index,follow","https://freeaccuratecalculator.com/countries/united-kingdom/business/",true,true,"Indexable","Clean canonical, allowed in robots, valid status","Maintain and monitor"
"https://freeaccuratecalculator.com/countries/united-kingdom/chemistry/",200,true,"index,follow","https://freeaccuratecalculator.com/countries/united-kingdom/chemistry/",true,true,"Indexable","Clean canonical, allowed in robots, valid status","Maintain and monitor"
"https://freeaccuratecalculator.com/countries/united-kingdom/compound-interest-calculator/",200,true,"index,follow","https://freeaccuratecalculator.com/countries/united-kingdom/compound-interest-calculator/",true,true,"Indexable","Clean canonical, allowed in robots, valid status","Maintain and monitor"
"https://freeaccuratecalculator.com/countries/united-kingdom/construction/",200,true,"index,follow","https://freeaccuratecalculator.com/countries/united-kingdom/construction/",true,true,"Indexable","Clean canonical, allowed in robots, valid status","Maintain and monitor"
"https://freeaccuratecalculator.com/countries/united-kingdom/converter/",200,true,"index,follow","https://freeaccuratecalculator.com/countries/united-kingdom/converter/",true,true,"Indexable","Clean canonical, allowed in robots, valid status","Maintain and monitor"
"https://freeaccuratecalculator.com/countries/united-kingdom/ecology/",200,true,"index,follow","https://freeaccuratecalculator.com/countries/united-kingdom/ecology/",true,true,"Indexable","Clean canonical, allowed in robots, valid status","Maintain and monitor"
"https://freeaccuratecalculator.com/countries/united-kingdom/emi-calculator/",200,true,"index,follow","https://freeaccuratecalculator.com/countries/united-kingdom/emi-calculator/",true,true,"Indexable","Clean canonical, allowed in robots, valid status","Maintain and monitor"
"https://freeaccuratecalculator.com/countries/united-kingdom/everyday/",200,true,"index,follow","https://freeaccuratecalculator.com/countries/united-kingdom/everyday/",true,true,"Indexable","Clean canonical, allowed in robots, valid status","Maintain and monitor"
"https://freeaccuratecalculator.com/countries/united-kingdom/finance/compound-interest-calculator/",200,true,"index,follow","https://freeaccuratecalculator.com/countries/united-kingdom/finance/compound-interest-calculator/",true,true,"Indexable","Clean canonical, allowed in robots, valid status","Maintain and monitor"
"https://freeaccuratecalculator.com/countries/united-kingdom/finance/emi-calculator/",200,true,"index,follow","https://freeaccuratecalculator.com/countries/united-kingdom/finance/emi-calculator/",true,true,"Indexable","Clean canonical, allowed in robots, valid status","Maintain and monitor"
"https://freeaccuratecalculator.com/countries/united-kingdom/finance/income-tax-calculator/",200,true,"index,follow","https://freeaccuratecalculator.com/countries/united-kingdom/finance/income-tax-calculator/",true,true,"Indexable","Clean canonical, allowed in robots, valid status","Maintain and monitor"
"https://freeaccuratecalculator.com/countries/united-kingdom/finance/",200,true,"index,follow","https://freeaccuratecalculator.com/countries/united-kingdom/finance/",true,true,"Indexable","Clean canonical, allowed in robots, valid status","Maintain and monitor"
"https://freeaccuratecalculator.com/countries/united-kingdom/finance/loan-calculator/",200,true,"index,follow","https://freeaccuratecalculator.com/countries/united-kingdom/finance/loan-calculator/",true,true,"Indexable","Clean canonical, allowed in robots, valid status","Maintain and monitor"
"https://freeaccuratecalculator.com/countries/united-kingdom/finance/mortgage-calculator/",200,true,"index,follow","https://freeaccuratecalculator.com/countries/united-kingdom/finance/mortgage-calculator/",true,true,"Indexable","Clean canonical, allowed in robots, valid status","Maintain and monitor"
"https://freeaccuratecalculator.com/countries/united-kingdom/finance/salary-calculator/",200,true,"index,follow","https://freeaccuratecalculator.com/countries/united-kingdom/finance/salary-calculator/",true,true,"Indexable","Clean canonical, allowed in robots, valid status","Maintain and monitor"
"https://freeaccuratecalculator.com/countries/united-kingdom/finance/sales-tax-calculator/",200,true,"index,follow","https://freeaccuratecalculator.com/countries/united-kingdom/finance/sales-tax-calculator/",true,true,"Indexable","Clean canonical, allowed in robots, valid status","Maintain and monitor"
"https://freeaccuratecalculator.com/countries/united-kingdom/finance/vat-calculator/",200,true,"index,follow","https://freeaccuratecalculator.com/countries/united-kingdom/finance/vat-calculator/",true,true,"Indexable","Clean canonical, allowed in robots, valid status","Maintain and monitor"
"https://freeaccuratecalculator.com/countries/united-kingdom/food/",200,true,"index,follow","https://freeaccuratecalculator.com/countries/united-kingdom/food/",true,true,"Indexable","Clean canonical, allowed in robots, valid status","Maintain and monitor"
"https://freeaccuratecalculator.com/countries/united-kingdom/health/",200,true,"index,follow","https://freeaccuratecalculator.com/countries/united-kingdom/health/",true,true,"Indexable","Clean canonical, allowed in robots, valid status","Maintain and monitor"
"https://freeaccuratecalculator.com/countries/united-kingdom/income-tax-calculator/",200,true,"index,follow","https://freeaccuratecalculator.com/countries/united-kingdom/income-tax-calculator/",true,true,"Indexable","Clean canonical, allowed in robots, valid status","Maintain and monitor"
"https://freeaccuratecalculator.com/countries/united-kingdom/",200,true,"index,follow","https://freeaccuratecalculator.com/countries/united-kingdom/",true,true,"Indexable","Clean canonical, allowed in robots, valid status","Maintain and monitor"
"https://freeaccuratecalculator.com/countries/united-kingdom/insurance/",200,true,"index,follow","https://freeaccuratecalculator.com/countries/united-kingdom/insurance/",true,true,"Indexable","Clean canonical, allowed in robots, valid status","Maintain and monitor"
"https://freeaccuratecalculator.com/countries/united-kingdom/legal/",200,true,"index,follow","https://freeaccuratecalculator.com/countries/united-kingdom/legal/",true,true,"Indexable","Clean canonical, allowed in robots, valid status","Maintain and monitor"
"https://freeaccuratecalculator.com/countries/united-kingdom/loan-calculator/",200,true,"index,follow","https://freeaccuratecalculator.com/countries/united-kingdom/loan-calculator/",true,true,"Indexable","Clean canonical, allowed in robots, valid status","Maintain and monitor"
"https://freeaccuratecalculator.com/countries/united-kingdom/love/",200,true,"index,follow","https://freeaccuratecalculator.com/countries/united-kingdom/love/",true,true,"Indexable","Clean canonical, allowed in robots, valid status","Maintain and monitor"
"https://freeaccuratecalculator.com/countries/united-kingdom/marketing/",200,true,"index,follow","https://freeaccuratecalculator.com/countries/united-kingdom/marketing/",true,true,"Indexable","Clean canonical, allowed in robots, valid status","Maintain and monitor"
"https://freeaccuratecalculator.com/countries/united-kingdom/math/",200,true,"index,follow","https://freeaccuratecalculator.com/countries/united-kingdom/math/",true,true,"Indexable","Clean canonical, allowed in robots, valid status","Maintain and monitor"
"https://freeaccuratecalculator.com/countries/united-kingdom/mortgage-calculator/",200,true,"index,follow","https://freeaccuratecalculator.com/countries/united-kingdom/mortgage-calculator/",true,true,"Indexable","Clean canonical, allowed in robots, valid status","Maintain and monitor"
"https://freeaccuratecalculator.com/countries/united-kingdom/physics/",200,true,"index,follow","https://freeaccuratecalculator.com/countries/united-kingdom/physics/",true,true,"Indexable","Clean canonical, allowed in robots, valid status","Maintain and monitor"
"https://freeaccuratecalculator.com/countries/united-kingdom/property-tax-calculator/",200,true,"index,follow","https://freeaccuratecalculator.com/countries/united-kingdom/property-tax-calculator/",true,true,"Indexable","Clean canonical, allowed in robots, valid status","Maintain and monitor"
"https://freeaccuratecalculator.com/countries/united-kingdom/real-estate/",200,true,"index,follow","https://freeaccuratecalculator.com/countries/united-kingdom/real-estate/",true,true,"Indexable","Clean canonical, allowed in robots, valid status","Maintain and monitor"
"https://freeaccuratecalculator.com/countries/united-kingdom/real-estate/property-tax-calculator/",200,true,"index,follow","https://freeaccuratecalculator.com/countries/united-kingdom/real-estate/property-tax-calculator/",true,true,"Indexable","Clean canonical, allowed in robots, valid status","Maintain and monitor"
"https://freeaccuratecalculator.com/countries/united-kingdom/real-estate/stamp-duty-calculator/",200,true,"index,follow","https://freeaccuratecalculator.com/countries/united-kingdom/real-estate/stamp-duty-calculator/",true,true,"Indexable","Clean canonical, allowed in robots, valid status","Maintain and monitor"
"https://freeaccuratecalculator.com/countries/united-kingdom/salary-calculator/",200,true,"index,follow","https://freeaccuratecalculator.com/countries/united-kingdom/salary-calculator/",true,true,"Indexable","Clean canonical, allowed in robots, valid status","Maintain and monitor"
"https://freeaccuratecalculator.com/countries/united-kingdom/sales-tax-calculator/",200,true,"index,follow","https://freeaccuratecalculator.com/countries/united-kingdom/sales-tax-calculator/",true,true,"Indexable","Clean canonical, allowed in robots, valid status","Maintain and monitor"
"https://freeaccuratecalculator.com/countries/united-kingdom/sports/",200,true,"index,follow","https://freeaccuratecalculator.com/countries/united-kingdom/sports/",true,true,"Indexable","Clean canonical, allowed in robots, valid status","Maintain and monitor"
"https://freeaccuratecalculator.com/countries/united-kingdom/stamp-duty-calculator/",200,true,"index,follow","https://freeaccuratecalculator.com/countries/united-kingdom/stamp-duty-calculator/",true,true,"Indexable","Clean canonical, allowed in robots, valid status","Maintain and monitor"
"https://freeaccuratecalculator.com/countries/united-kingdom/statistics/",200,true,"index,follow","https://freeaccuratecalculator.com/countries/united-kingdom/statistics/",true,true,"Indexable","Clean canonical, allowed in robots, valid status","Maintain and monitor"
"https://freeaccuratecalculator.com/countries/united-kingdom/technology/",200,true,"index,follow","https://freeaccuratecalculator.com/countries/united-kingdom/technology/",true,true,"Indexable","Clean canonical, allowed in robots, valid status","Maintain and monitor"
"https://freeaccuratecalculator.com/countries/united-kingdom/vat-calculator/",200,true,"index,follow","https://freeaccuratecalculator.com/countries/united-kingdom/vat-calculator/",true,true,"Indexable","Clean canonical, allowed in robots, valid status","Maintain and monitor"
"https://freeaccuratecalculator.com/countries/united-states/401k-calculator/",200,true,"index,follow","https://freeaccuratecalculator.com/countries/united-states/401k-calculator/",true,true,"Indexable","Clean canonical, allowed in robots, valid status","Maintain and monitor"
"https://freeaccuratecalculator.com/countries/united-states/auto-loan-calculator/",200,true,"index,follow","https://freeaccuratecalculator.com/countries/united-states/auto-loan-calculator/",true,true,"Indexable","Clean canonical, allowed in robots, valid status","Maintain and monitor"
"https://freeaccuratecalculator.com/countries/united-states/automotive/",200,true,"index,follow","https://freeaccuratecalculator.com/countries/united-states/automotive/",true,true,"Indexable","Clean canonical, allowed in robots, valid status","Maintain and monitor"
"https://freeaccuratecalculator.com/countries/united-states/biology/",200,true,"index,follow","https://freeaccuratecalculator.com/countries/united-states/biology/",true,true,"Indexable","Clean canonical, allowed in robots, valid status","Maintain and monitor"
"https://freeaccuratecalculator.com/countries/united-states/business/",200,true,"index,follow","https://freeaccuratecalculator.com/countries/united-states/business/",true,true,"Indexable","Clean canonical, allowed in robots, valid status","Maintain and monitor"
"https://freeaccuratecalculator.com/countries/united-states/chemistry/",200,true,"index,follow","https://freeaccuratecalculator.com/countries/united-states/chemistry/",true,true,"Indexable","Clean canonical, allowed in robots, valid status","Maintain and monitor"
"https://freeaccuratecalculator.com/countries/united-states/compound-interest-calculator/",200,true,"index,follow","https://freeaccuratecalculator.com/countries/united-states/compound-interest-calculator/",true,true,"Indexable","Clean canonical, allowed in robots, valid status","Maintain and monitor"
"https://freeaccuratecalculator.com/countries/united-states/construction/",200,true,"index,follow","https://freeaccuratecalculator.com/countries/united-states/construction/",true,true,"Indexable","Clean canonical, allowed in robots, valid status","Maintain and monitor"
"https://freeaccuratecalculator.com/countries/united-states/converter/",200,true,"index,follow","https://freeaccuratecalculator.com/countries/united-states/converter/",true,true,"Indexable","Clean canonical, allowed in robots, valid status","Maintain and monitor"
"https://freeaccuratecalculator.com/countries/united-states/ecology/",200,true,"index,follow","https://freeaccuratecalculator.com/countries/united-states/ecology/",true,true,"Indexable","Clean canonical, allowed in robots, valid status","Maintain and monitor"
"https://freeaccuratecalculator.com/countries/united-states/everyday/",200,true,"index,follow","https://freeaccuratecalculator.com/countries/united-states/everyday/",true,true,"Indexable","Clean canonical, allowed in robots, valid status","Maintain and monitor"
"https://freeaccuratecalculator.com/countries/united-states/finance/401k-calculator/",200,true,"index,follow","https://freeaccuratecalculator.com/countries/united-states/finance/401k-calculator/",true,true,"Indexable","Clean canonical, allowed in robots, valid status","Maintain and monitor"
"https://freeaccuratecalculator.com/countries/united-states/finance/auto-loan-calculator/",200,true,"index,follow","https://freeaccuratecalculator.com/countries/united-states/finance/auto-loan-calculator/",true,true,"Indexable","Clean canonical, allowed in robots, valid status","Maintain and monitor"
"https://freeaccuratecalculator.com/countries/united-states/finance/compound-interest-calculator/",200,true,"index,follow","https://freeaccuratecalculator.com/countries/united-states/finance/compound-interest-calculator/",true,true,"Indexable","Clean canonical, allowed in robots, valid status","Maintain and monitor"
"https://freeaccuratecalculator.com/countries/united-states/finance/income-tax-calculator/",200,true,"index,follow","https://freeaccuratecalculator.com/countries/united-states/finance/income-tax-calculator/",true,true,"Indexable","Clean canonical, allowed in robots, valid status","Maintain and monitor"
"https://freeaccuratecalculator.com/countries/united-states/finance/",200,true,"index,follow","https://freeaccuratecalculator.com/countries/united-states/finance/",true,true,"Indexable","Clean canonical, allowed in robots, valid status","Maintain and monitor"
"https://freeaccuratecalculator.com/countries/united-states/finance/mortgage-calculator/",200,true,"index,follow","https://freeaccuratecalculator.com/countries/united-states/finance/mortgage-calculator/",true,true,"Indexable","Clean canonical, allowed in robots, valid status","Maintain and monitor"
"https://freeaccuratecalculator.com/countries/united-states/finance/roth-ira-calculator/",200,true,"index,follow","https://freeaccuratecalculator.com/countries/united-states/finance/roth-ira-calculator/",true,true,"Indexable","Clean canonical, allowed in robots, valid status","Maintain and monitor"
"https://freeaccuratecalculator.com/countries/united-states/finance/salary-calculator/",200,true,"index,follow","https://freeaccuratecalculator.com/countries/united-states/finance/salary-calculator/",true,true,"Indexable","Clean canonical, allowed in robots, valid status","Maintain and monitor"
"https://freeaccuratecalculator.com/countries/united-states/food/",200,true,"index,follow","https://freeaccuratecalculator.com/countries/united-states/food/",true,true,"Indexable","Clean canonical, allowed in robots, valid status","Maintain and monitor"
"https://freeaccuratecalculator.com/countries/united-states/health/",200,true,"index,follow","https://freeaccuratecalculator.com/countries/united-states/health/",true,true,"Indexable","Clean canonical, allowed in robots, valid status","Maintain and monitor"
"https://freeaccuratecalculator.com/countries/united-states/income-tax-calculator/",200,true,"index,follow","https://freeaccuratecalculator.com/countries/united-states/income-tax-calculator/",true,true,"Indexable","Clean canonical, allowed in robots, valid status","Maintain and monitor"
"https://freeaccuratecalculator.com/countries/united-states/",200,true,"index,follow","https://freeaccuratecalculator.com/countries/united-states/",true,true,"Indexable","Clean canonical, allowed in robots, valid status","Maintain and monitor"
"https://freeaccuratecalculator.com/countries/united-states/insurance/",200,true,"index,follow","https://freeaccuratecalculator.com/countries/united-states/insurance/",true,true,"Indexable","Clean canonical, allowed in robots, valid status","Maintain and monitor"
"https://freeaccuratecalculator.com/countries/united-states/legal/",200,true,"index,follow","https://freeaccuratecalculator.com/countries/united-states/legal/",true,true,"Indexable","Clean canonical, allowed in robots, valid status","Maintain and monitor"
"https://freeaccuratecalculator.com/countries/united-states/love/",200,true,"index,follow","https://freeaccuratecalculator.com/countries/united-states/love/",true,true,"Indexable","Clean canonical, allowed in robots, valid status","Maintain and monitor"
"https://freeaccuratecalculator.com/countries/united-states/marketing/",200,true,"index,follow","https://freeaccuratecalculator.com/countries/united-states/marketing/",true,true,"Indexable","Clean canonical, allowed in robots, valid status","Maintain and monitor"
"https://freeaccuratecalculator.com/countries/united-states/math/",200,true,"index,follow","https://freeaccuratecalculator.com/countries/united-states/math/",true,true,"Indexable","Clean canonical, allowed in robots, valid status","Maintain and monitor"
"https://freeaccuratecalculator.com/countries/united-states/mortgage-calculator/",200,true,"index,follow","https://freeaccuratecalculator.com/countries/united-states/mortgage-calculator/",true,true,"Indexable","Clean canonical, allowed in robots, valid status","Maintain and monitor"
"https://freeaccuratecalculator.com/countries/united-states/physics/",200,true,"index,follow","https://freeaccuratecalculator.com/countries/united-states/physics/",true,true,"Indexable","Clean canonical, allowed in robots, valid status","Maintain and monitor"
"https://freeaccuratecalculator.com/countries/united-states/real-estate/",200,true,"index,follow","https://freeaccuratecalculator.com/countries/united-states/real-estate/",true,true,"Indexable","Clean canonical, allowed in robots, valid status","Maintain and monitor"
"https://freeaccuratecalculator.com/countries/united-states/roth-ira-calculator/",200,true,"index,follow","https://freeaccuratecalculator.com/countries/united-states/roth-ira-calculator/",true,true,"Indexable","Clean canonical, allowed in robots, valid status","Maintain and monitor"
"https://freeaccuratecalculator.com/countries/united-states/salary-calculator/",200,true,"index,follow","https://freeaccuratecalculator.com/countries/united-states/salary-calculator/",true,true,"Indexable","Clean canonical, allowed in robots, valid status","Maintain and monitor"
"https://freeaccuratecalculator.com/countries/united-states/sports/",200,true,"index,follow","https://freeaccuratecalculator.com/countries/united-states/sports/",true,true,"Indexable","Clean canonical, allowed in robots, valid status","Maintain and monitor"
"https://freeaccuratecalculator.com/countries/united-states/statistics/",200,true,"index,follow","https://freeaccuratecalculator.com/countries/united-states/statistics/",true,true,"Indexable","Clean canonical, allowed in robots, valid status","Maintain and monitor"
"https://freeaccuratecalculator.com/countries/united-states/technology/",200,true,"index,follow","https://freeaccuratecalculator.com/countries/united-states/technology/",true,true,"Indexable","Clean canonical, allowed in robots, valid status","Maintain and monitor"
"https://freeaccuratecalculator.com/de/",200,true,"index,follow","https://freeaccuratecalculator.com/de/",true,true,"Indexable","Clean canonical, allowed in robots, valid status","Maintain and monitor"
"https://freeaccuratecalculator.com/ecology/carbon-footprint-calculator/",200,true,"index,follow","https://freeaccuratecalculator.com/ecology/carbon-footprint-calculator/",true,true,"Indexable","Clean canonical, allowed in robots, valid status","Maintain and monitor"
"https://freeaccuratecalculator.com/ecology/compost-ratio-calculator/",200,true,"index,follow","https://freeaccuratecalculator.com/ecology/compost-ratio-calculator/",true,true,"Indexable","Clean canonical, allowed in robots, valid status","Maintain and monitor"
"https://freeaccuratecalculator.com/ecology/",200,true,"index,follow","https://freeaccuratecalculator.com/ecology/",true,true,"Indexable","Clean canonical, allowed in robots, valid status","Maintain and monitor"
"https://freeaccuratecalculator.com/ecology/solar-energy-calculator/",200,true,"index,follow","https://freeaccuratecalculator.com/ecology/solar-energy-calculator/",true,true,"Indexable","Clean canonical, allowed in robots, valid status","Maintain and monitor"
"https://freeaccuratecalculator.com/ecology/water-conservation-calculator/",200,true,"index,follow","https://freeaccuratecalculator.com/ecology/water-conservation-calculator/",true,true,"Indexable","Clean canonical, allowed in robots, valid status","Maintain and monitor"
"https://freeaccuratecalculator.com/es/guides/how-compound-interest-works/",200,true,"index,follow","https://freeaccuratecalculator.com/es/guides/how-compound-interest-works/",true,true,"Indexable","Clean canonical, allowed in robots, valid status","Maintain and monitor"
"https://freeaccuratecalculator.com/es/guides/how-to-calculate-percentages-accurately/",200,true,"index,follow","https://freeaccuratecalculator.com/es/guides/how-to-calculate-percentages-accurately/",true,true,"Indexable","Clean canonical, allowed in robots, valid status","Maintain and monitor"
"https://freeaccuratecalculator.com/es/guides/",200,true,"index,follow","https://freeaccuratecalculator.com/es/guides/",true,true,"Indexable","Clean canonical, allowed in robots, valid status","Maintain and monitor"
"https://freeaccuratecalculator.com/es/",200,true,"index,follow","https://freeaccuratecalculator.com/es/",true,true,"Indexable","Clean canonical, allowed in robots, valid status","Maintain and monitor"
"https://freeaccuratecalculator.com/es/math/percentage-calculator/",200,true,"index,follow","https://freeaccuratecalculator.com/es/math/percentage-calculator/",true,true,"Indexable","Clean canonical, allowed in robots, valid status","Maintain and monitor"
"https://freeaccuratecalculator.com/everyday/age-calculator/",200,true,"index,follow","https://freeaccuratecalculator.com/everyday/age-calculator/",true,true,"Indexable","Clean canonical, allowed in robots, valid status","Maintain and monitor"
"https://freeaccuratecalculator.com/everyday/date-calculator/",200,true,"index,follow","https://freeaccuratecalculator.com/everyday/date-calculator/",true,true,"Indexable","Clean canonical, allowed in robots, valid status","Maintain and monitor"
"https://freeaccuratecalculator.com/everyday/gpa-calculator/",200,true,"index,follow","https://freeaccuratecalculator.com/everyday/gpa-calculator/",true,true,"Indexable","Clean canonical, allowed in robots, valid status","Maintain and monitor"
"https://freeaccuratecalculator.com/everyday/grade-calculator/",200,true,"index,follow","https://freeaccuratecalculator.com/everyday/grade-calculator/",true,true,"Indexable","Clean canonical, allowed in robots, valid status","Maintain and monitor"
"https://freeaccuratecalculator.com/everyday/hours-calculator/",200,true,"index,follow","https://freeaccuratecalculator.com/everyday/hours-calculator/",true,true,"Indexable","Clean canonical, allowed in robots, valid status","Maintain and monitor"
"https://freeaccuratecalculator.com/everyday/",200,true,"index,follow","https://freeaccuratecalculator.com/everyday/",true,true,"Indexable","Clean canonical, allowed in robots, valid status","Maintain and monitor"
"https://freeaccuratecalculator.com/everyday/time-calculator/",200,true,"index,follow","https://freeaccuratecalculator.com/everyday/time-calculator/",true,true,"Indexable","Clean canonical, allowed in robots, valid status","Maintain and monitor"
"https://freeaccuratecalculator.com/finance/401k-calculator/",200,true,"index,follow","https://freeaccuratecalculator.com/finance/401k-calculator/",true,true,"Indexable","Clean canonical, allowed in robots, valid status","Maintain and monitor"
"https://freeaccuratecalculator.com/finance/amortization-calculator/",200,true,"index,follow","https://freeaccuratecalculator.com/finance/amortization-calculator/",true,true,"Indexable","Clean canonical, allowed in robots, valid status","Maintain and monitor"
"https://freeaccuratecalculator.com/finance/auto-loan-calculator/",200,true,"index,follow","https://freeaccuratecalculator.com/finance/auto-loan-calculator/",true,true,"Indexable","Clean canonical, allowed in robots, valid status","Maintain and monitor"
"https://freeaccuratecalculator.com/finance/compound-interest-calculator/",200,true,"index,follow","https://freeaccuratecalculator.com/finance/compound-interest-calculator/",true,true,"Indexable","Clean canonical, allowed in robots, valid status","Maintain and monitor"
"https://freeaccuratecalculator.com/finance/emi-calculator/",200,true,"index,follow","https://freeaccuratecalculator.com/finance/emi-calculator/",true,true,"Indexable","Clean canonical, allowed in robots, valid status","Maintain and monitor"
"https://freeaccuratecalculator.com/finance/epf-calculator/",200,true,"index,follow","https://freeaccuratecalculator.com/finance/epf-calculator/",true,true,"Indexable","Clean canonical, allowed in robots, valid status","Maintain and monitor"
"https://freeaccuratecalculator.com/finance/finance-calculator/",200,true,"index,follow","https://freeaccuratecalculator.com/finance/finance-calculator/",true,true,"Indexable","Clean canonical, allowed in robots, valid status","Maintain and monitor"
"https://freeaccuratecalculator.com/finance/gratuity-calculator/",200,true,"index,follow","https://freeaccuratecalculator.com/finance/gratuity-calculator/",true,true,"Indexable","Clean canonical, allowed in robots, valid status","Maintain and monitor"
"https://freeaccuratecalculator.com/finance/income-tax-calculator/",200,true,"index,follow","https://freeaccuratecalculator.com/finance/income-tax-calculator/",true,true,"Indexable","Clean canonical, allowed in robots, valid status","Maintain and monitor"
"https://freeaccuratecalculator.com/finance/",200,true,"index,follow","https://freeaccuratecalculator.com/finance/",true,true,"Indexable","Clean canonical, allowed in robots, valid status","Maintain and monitor"
"https://freeaccuratecalculator.com/finance/inflation-calculator/",200,true,"index,follow","https://freeaccuratecalculator.com/finance/inflation-calculator/",true,true,"Indexable","Clean canonical, allowed in robots, valid status","Maintain and monitor"
"https://freeaccuratecalculator.com/finance/interest-calculator/",200,true,"index,follow","https://freeaccuratecalculator.com/finance/interest-calculator/",true,true,"Indexable","Clean canonical, allowed in robots, valid status","Maintain and monitor"
"https://freeaccuratecalculator.com/finance/interest-rate-calculator/",200,true,"index,follow","https://freeaccuratecalculator.com/finance/interest-rate-calculator/",true,true,"Indexable","Clean canonical, allowed in robots, valid status","Maintain and monitor"
"https://freeaccuratecalculator.com/finance/investment-calculator/",200,true,"index,follow","https://freeaccuratecalculator.com/finance/investment-calculator/",true,true,"Indexable","Clean canonical, allowed in robots, valid status","Maintain and monitor"
"https://freeaccuratecalculator.com/finance/loan-calculator/",200,true,"index,follow","https://freeaccuratecalculator.com/finance/loan-calculator/",true,true,"Indexable","Clean canonical, allowed in robots, valid status","Maintain and monitor"
"https://freeaccuratecalculator.com/finance/lumpsum-calculator/",200,true,"index,follow","https://freeaccuratecalculator.com/finance/lumpsum-calculator/",true,true,"Indexable","Clean canonical, allowed in robots, valid status","Maintain and monitor"
"https://freeaccuratecalculator.com/finance/mortgage-calculator/",200,true,"index,follow","https://freeaccuratecalculator.com/finance/mortgage-calculator/",true,true,"Indexable","Clean canonical, allowed in robots, valid status","Maintain and monitor"
"https://freeaccuratecalculator.com/finance/payment-calculator/",200,true,"index,follow","https://freeaccuratecalculator.com/finance/payment-calculator/",true,true,"Indexable","Clean canonical, allowed in robots, valid status","Maintain and monitor"
"https://freeaccuratecalculator.com/finance/ppf-calculator/",200,true,"index,follow","https://freeaccuratecalculator.com/finance/ppf-calculator/",true,true,"Indexable","Clean canonical, allowed in robots, valid status","Maintain and monitor"
"https://freeaccuratecalculator.com/finance/profit-margin-calculator/",200,true,"index,follow","https://freeaccuratecalculator.com/finance/profit-margin-calculator/",true,true,"Indexable","Clean canonical, allowed in robots, valid status","Maintain and monitor"
"https://freeaccuratecalculator.com/finance/retirement-calculator/",200,true,"index,follow","https://freeaccuratecalculator.com/finance/retirement-calculator/",true,true,"Indexable","Clean canonical, allowed in robots, valid status","Maintain and monitor"
"https://freeaccuratecalculator.com/finance/roth-ira-calculator/",200,true,"index,follow","https://freeaccuratecalculator.com/finance/roth-ira-calculator/",true,true,"Indexable","Clean canonical, allowed in robots, valid status","Maintain and monitor"
"https://freeaccuratecalculator.com/finance/salary/100000-in-hand-salary-india-new-regime/",200,true,"index,follow","https://freeaccuratecalculator.com/finance/salary/100000-in-hand-salary-india-new-regime/",true,true,"Indexable","Clean canonical, allowed in robots, valid status","Maintain and monitor"
"https://freeaccuratecalculator.com/finance/salary/120000-salary-after-taxes-california/",200,true,"index,follow","https://freeaccuratecalculator.com/finance/salary/120000-salary-after-taxes-california/",true,true,"Indexable","Clean canonical, allowed in robots, valid status","Maintain and monitor"
"https://freeaccuratecalculator.com/finance/salary/50000-in-hand-salary-india-new-regime/",200,true,"index,follow","https://freeaccuratecalculator.com/finance/salary/50000-in-hand-salary-india-new-regime/",true,true,"Indexable","Clean canonical, allowed in robots, valid status","Maintain and monitor"
"https://freeaccuratecalculator.com/finance/salary/60000-salary-after-tax-uk/",200,true,"index,follow","https://freeaccuratecalculator.com/finance/salary/60000-salary-after-tax-uk/",true,true,"Indexable","Clean canonical, allowed in robots, valid status","Maintain and monitor"
"https://freeaccuratecalculator.com/finance/salary/75000-salary-after-taxes-texas/",200,true,"index,follow","https://freeaccuratecalculator.com/finance/salary/75000-salary-after-taxes-texas/",true,true,"Indexable","Clean canonical, allowed in robots, valid status","Maintain and monitor"
"https://freeaccuratecalculator.com/finance/salary-calculator/",200,true,"index,follow","https://freeaccuratecalculator.com/finance/salary-calculator/",true,true,"Indexable","Clean canonical, allowed in robots, valid status","Maintain and monitor"
"https://freeaccuratecalculator.com/finance/sales-tax-calculator/",200,true,"index,follow","https://freeaccuratecalculator.com/finance/sales-tax-calculator/",true,true,"Indexable","Clean canonical, allowed in robots, valid status","Maintain and monitor"
"https://freeaccuratecalculator.com/finance/simple-interest-calculator/",200,true,"index,follow","https://freeaccuratecalculator.com/finance/simple-interest-calculator/",true,true,"Indexable","Clean canonical, allowed in robots, valid status","Maintain and monitor"
"https://freeaccuratecalculator.com/finance/sip/10000-monthly-sip-for-10-years/",200,true,"index,follow","https://freeaccuratecalculator.com/finance/sip/10000-monthly-sip-for-10-years/",true,true,"Indexable","Clean canonical, allowed in robots, valid status","Maintain and monitor"
"https://freeaccuratecalculator.com/finance/sip/10000-monthly-sip-for-15-years/",200,true,"index,follow","https://freeaccuratecalculator.com/finance/sip/10000-monthly-sip-for-15-years/",true,true,"Indexable","Clean canonical, allowed in robots, valid status","Maintain and monitor"
"https://freeaccuratecalculator.com/finance/sip/25000-monthly-sip-for-20-years/",200,true,"index,follow","https://freeaccuratecalculator.com/finance/sip/25000-monthly-sip-for-20-years/",true,true,"Indexable","Clean canonical, allowed in robots, valid status","Maintain and monitor"
"https://freeaccuratecalculator.com/finance/sip/5000-monthly-sip-for-10-years/",200,true,"index,follow","https://freeaccuratecalculator.com/finance/sip/5000-monthly-sip-for-10-years/",true,true,"Indexable","Clean canonical, allowed in robots, valid status","Maintain and monitor"
"https://freeaccuratecalculator.com/finance/sip/50000-monthly-sip-for-15-years/",200,true,"index,follow","https://freeaccuratecalculator.com/finance/sip/50000-monthly-sip-for-15-years/",true,true,"Indexable","Clean canonical, allowed in robots, valid status","Maintain and monitor"
"https://freeaccuratecalculator.com/finance/sip-calculator/",200,true,"index,follow","https://freeaccuratecalculator.com/finance/sip-calculator/",true,true,"Indexable","Clean canonical, allowed in robots, valid status","Maintain and monitor"
"https://freeaccuratecalculator.com/finance/step-up-sip-calculator/",200,true,"index,follow","https://freeaccuratecalculator.com/finance/step-up-sip-calculator/",true,true,"Indexable","Clean canonical, allowed in robots, valid status","Maintain and monitor"
"https://freeaccuratecalculator.com/finance/swp-calculator/",200,true,"index,follow","https://freeaccuratecalculator.com/finance/swp-calculator/",true,true,"Indexable","Clean canonical, allowed in robots, valid status","Maintain and monitor"
"https://freeaccuratecalculator.com/food/bakers-percentage-calculator/",200,true,"index,follow","https://freeaccuratecalculator.com/food/bakers-percentage-calculator/",true,true,"Indexable","Clean canonical, allowed in robots, valid status","Maintain and monitor"
"https://freeaccuratecalculator.com/food/calorie-per-serving-calculator/",200,true,"index,follow","https://freeaccuratecalculator.com/food/calorie-per-serving-calculator/",true,true,"Indexable","Clean canonical, allowed in robots, valid status","Maintain and monitor"
"https://freeaccuratecalculator.com/food/",200,true,"index,follow","https://freeaccuratecalculator.com/food/",true,true,"Indexable","Clean canonical, allowed in robots, valid status","Maintain and monitor"
"https://freeaccuratecalculator.com/food/macronutrient-calculator/",200,true,"index,follow","https://freeaccuratecalculator.com/food/macronutrient-calculator/",true,true,"Indexable","Clean canonical, allowed in robots, valid status","Maintain and monitor"
"https://freeaccuratecalculator.com/food/recipe-scaler-calculator/",200,true,"index,follow","https://freeaccuratecalculator.com/food/recipe-scaler-calculator/",true,true,"Indexable","Clean canonical, allowed in robots, valid status","Maintain and monitor"
"https://freeaccuratecalculator.com/fr/guides/how-compound-interest-works/",200,true,"index,follow","https://freeaccuratecalculator.com/fr/guides/how-compound-interest-works/",true,true,"Indexable","Clean canonical, allowed in robots, valid status","Maintain and monitor"
"https://freeaccuratecalculator.com/fr/guides/how-to-calculate-percentages-accurately/",200,true,"index,follow","https://freeaccuratecalculator.com/fr/guides/how-to-calculate-percentages-accurately/",true,true,"Indexable","Clean canonical, allowed in robots, valid status","Maintain and monitor"
"https://freeaccuratecalculator.com/fr/guides/",200,true,"index,follow","https://freeaccuratecalculator.com/fr/guides/",true,true,"Indexable","Clean canonical, allowed in robots, valid status","Maintain and monitor"
"https://freeaccuratecalculator.com/fr/",200,true,"index,follow","https://freeaccuratecalculator.com/fr/",true,true,"Indexable","Clean canonical, allowed in robots, valid status","Maintain and monitor"
"https://freeaccuratecalculator.com/fr/math/percentage-calculator/",200,true,"index,follow","https://freeaccuratecalculator.com/fr/math/percentage-calculator/",true,true,"Indexable","Clean canonical, allowed in robots, valid status","Maintain and monitor"
"https://freeaccuratecalculator.com/guides/accurate-chinese-gender-chart-science-vs-myth/",200,true,"index,follow","https://freeaccuratecalculator.com/guides/accurate-chinese-gender-chart-science-vs-myth/",true,true,"Indexable","Clean canonical, allowed in robots, valid status","Maintain and monitor"
"https://freeaccuratecalculator.com/guides/advanced-fitness-math-scooby-accurate-calculator-lifters/",200,true,"index,follow","https://freeaccuratecalculator.com/guides/advanced-fitness-math-scooby-accurate-calculator-lifters/",true,true,"Indexable","Clean canonical, allowed in robots, valid status","Maintain and monitor"
"https://freeaccuratecalculator.com/guides/architects-blueprint-choosing-online-sip-calculator-dashboard/",200,true,"index,follow","https://freeaccuratecalculator.com/guides/architects-blueprint-choosing-online-sip-calculator-dashboard/",true,true,"Indexable","Clean canonical, allowed in robots, valid status","Maintain and monitor"
"https://freeaccuratecalculator.com/guides/beyond-the-scale-bmi-body-fat-calculator/",200,true,"index,follow","https://freeaccuratecalculator.com/guides/beyond-the-scale-bmi-body-fat-calculator/",true,true,"Indexable","Clean canonical, allowed in robots, valid status","Maintain and monitor"
"https://freeaccuratecalculator.com/guides/bmi-tdee-calorie-planning-guide/",200,true,"index,follow","https://freeaccuratecalculator.com/guides/bmi-tdee-calorie-planning-guide/",true,true,"Indexable","Clean canonical, allowed in robots, valid status","Maintain and monitor"
"https://freeaccuratecalculator.com/guides/break-even-profit-margin-startup-guide/",200,true,"index,follow","https://freeaccuratecalculator.com/guides/break-even-profit-margin-startup-guide/",true,true,"Indexable","Clean canonical, allowed in robots, valid status","Maintain and monitor"
"https://freeaccuratecalculator.com/guides/btc-sip-calculator-crypto-dollar-cost-averaging/",200,true,"index,follow","https://freeaccuratecalculator.com/guides/btc-sip-calculator-crypto-dollar-cost-averaging/",true,true,"Indexable","Clean canonical, allowed in robots, valid status","Maintain and monitor"
"https://freeaccuratecalculator.com/guides/car-fuel-cost-depreciation-guide/",200,true,"index,follow","https://freeaccuratecalculator.com/guides/car-fuel-cost-depreciation-guide/",true,true,"Indexable","Clean canonical, allowed in robots, valid status","Maintain and monitor"
"https://freeaccuratecalculator.com/guides/car-loan-emi-depreciating-assets-calculator-guide/",200,true,"index,follow","https://freeaccuratecalculator.com/guides/car-loan-emi-depreciating-assets-calculator-guide/",true,true,"Indexable","Clean canonical, allowed in robots, valid status","Maintain and monitor"
"https://freeaccuratecalculator.com/guides/carbon-footprint-reduction-guide/",200,true,"index,follow","https://freeaccuratecalculator.com/guides/carbon-footprint-reduction-guide/",true,true,"Indexable","Clean canonical, allowed in robots, valid status","Maintain and monitor"
"https://freeaccuratecalculator.com/guides/compound-interest-explained/",200,true,"index,follow","https://freeaccuratecalculator.com/guides/compound-interest-explained/",true,true,"Indexable","Clean canonical, allowed in robots, valid status","Maintain and monitor"
"https://freeaccuratecalculator.com/guides/daily-calorie-needs-guide/",200,true,"index,follow","https://freeaccuratecalculator.com/guides/daily-calorie-needs-guide/",true,true,"Indexable","Clean canonical, allowed in robots, valid status","Maintain and monitor"
"https://freeaccuratecalculator.com/guides/digital-marketing-roi-cac-guide/",200,true,"index,follow","https://freeaccuratecalculator.com/guides/digital-marketing-roi-cac-guide/",true,true,"Indexable","Clean canonical, allowed in robots, valid status","Maintain and monitor"
"https://freeaccuratecalculator.com/guides/electric-vehicle-breakeven-mileage-analysis/",200,true,"index,follow","https://freeaccuratecalculator.com/guides/electric-vehicle-breakeven-mileage-analysis/",true,true,"Indexable","Clean canonical, allowed in robots, valid status","Maintain and monitor"
"https://freeaccuratecalculator.com/guides/excel-sip-calculator-download-vs-cloud-engine/",200,true,"index,follow","https://freeaccuratecalculator.com/guides/excel-sip-calculator-download-vs-cloud-engine/",true,true,"Indexable","Clean canonical, allowed in robots, valid status","Maintain and monitor"
"https://freeaccuratecalculator.com/guides/fragmented-labyrinth-why-bank-specific-emi-calculators-fail/",200,true,"index,follow","https://freeaccuratecalculator.com/guides/fragmented-labyrinth-why-bank-specific-emi-calculators-fail/",true,true,"Indexable","Clean canonical, allowed in robots, valid status","Maintain and monitor"
"https://freeaccuratecalculator.com/guides/freelance-hourly-rate-pricing-guide/",200,true,"index,follow","https://freeaccuratecalculator.com/guides/freelance-hourly-rate-pricing-guide/",true,true,"Indexable","Clean canonical, allowed in robots, valid status","Maintain and monitor"
"https://freeaccuratecalculator.com/guides/gpa-calculation-academic-planning-guide/",200,true,"index,follow","https://freeaccuratecalculator.com/guides/gpa-calculation-academic-planning-guide/",true,true,"Indexable","Clean canonical, allowed in robots, valid status","Maintain and monitor"
"https://freeaccuratecalculator.com/guides/graveyard-of-spreadsheets-evolution-online-emi-calculator/",200,true,"index,follow","https://freeaccuratecalculator.com/guides/graveyard-of-spreadsheets-evolution-online-emi-calculator/",true,true,"Indexable","Clean canonical, allowed in robots, valid status","Maintain and monitor"
"https://freeaccuratecalculator.com/guides/healthy-meal-prep-recipe-scaler-guide/",200,true,"index,follow","https://freeaccuratecalculator.com/guides/healthy-meal-prep-recipe-scaler-guide/",true,true,"Indexable","Clean canonical, allowed in robots, valid status","Maintain and monitor"
"https://freeaccuratecalculator.com/guides/home-renovation-material-estimation-guide/",200,true,"index,follow","https://freeaccuratecalculator.com/guides/home-renovation-material-estimation-guide/",true,true,"Indexable","Clean canonical, allowed in robots, valid status","Maintain and monitor"
"https://freeaccuratecalculator.com/guides/how-compound-interest-works/",200,true,"index,follow","https://freeaccuratecalculator.com/guides/how-compound-interest-works/",true,true,"Indexable","Clean canonical, allowed in robots, valid status","Maintain and monitor"
"https://freeaccuratecalculator.com/guides/how-to-calculate-home-loan-emi/",200,true,"index,follow","https://freeaccuratecalculator.com/guides/how-to-calculate-home-loan-emi/",true,true,"Indexable","Clean canonical, allowed in robots, valid status","Maintain and monitor"
"https://freeaccuratecalculator.com/guides/how-to-calculate-percentages-accurately/",200,true,"index,follow","https://freeaccuratecalculator.com/guides/how-to-calculate-percentages-accurately/",true,true,"Indexable","Clean canonical, allowed in robots, valid status","Maintain and monitor"
"https://freeaccuratecalculator.com/guides/how-to-calculate-sip-returns/",200,true,"index,follow","https://freeaccuratecalculator.com/guides/how-to-calculate-sip-returns/",true,true,"Indexable","Clean canonical, allowed in robots, valid status","Maintain and monitor"
"https://freeaccuratecalculator.com/guides/income-tax-calculator-india-new-vs-old-regime/",200,true,"index,follow","https://freeaccuratecalculator.com/guides/income-tax-calculator-india-new-vs-old-regime/",true,true,"Indexable","Clean canonical, allowed in robots, valid status","Maintain and monitor"
"https://freeaccuratecalculator.com/guides/",200,true,"index,follow","https://freeaccuratecalculator.com/guides/",true,true,"Indexable","Clean canonical, allowed in robots, valid status","Maintain and monitor"
"https://freeaccuratecalculator.com/guides/intermittent-fasting-calorie-deficit-math/",200,true,"index,follow","https://freeaccuratecalculator.com/guides/intermittent-fasting-calorie-deficit-math/",true,true,"Indexable","Clean canonical, allowed in robots, valid status","Maintain and monitor"
"https://freeaccuratecalculator.com/guides/llm-api-pricing-comparison-deepseek-vs-openai/",200,true,"index,follow","https://freeaccuratecalculator.com/guides/llm-api-pricing-comparison-deepseek-vs-openai/",true,true,"Indexable","Clean canonical, allowed in robots, valid status","Maintain and monitor"
"https://freeaccuratecalculator.com/guides/loan-amortization-schedule-guide/",200,true,"index,follow","https://freeaccuratecalculator.com/guides/loan-amortization-schedule-guide/",true,true,"Indexable","Clean canonical, allowed in robots, valid status","Maintain and monitor"
"https://freeaccuratecalculator.com/guides/lumpsum-vs-sip-daily-hybrid-investment-strategy/",200,true,"index,follow","https://freeaccuratecalculator.com/guides/lumpsum-vs-sip-daily-hybrid-investment-strategy/",true,true,"Indexable","Clean canonical, allowed in robots, valid status","Maintain and monitor"
"https://freeaccuratecalculator.com/guides/mirage-of-free-sip-calculator-wealth-engineering/",200,true,"index,follow","https://freeaccuratecalculator.com/guides/mirage-of-free-sip-calculator-wealth-engineering/",true,true,"Indexable","Clean canonical, allowed in robots, valid status","Maintain and monitor"
"https://freeaccuratecalculator.com/guides/mortgage-calculator-buy-vs-rent-analysis/",200,true,"index,follow","https://freeaccuratecalculator.com/guides/mortgage-calculator-buy-vs-rent-analysis/",true,true,"Indexable","Clean canonical, allowed in robots, valid status","Maintain and monitor"
"https://freeaccuratecalculator.com/guides/most-accurate-pregnancy-due-date-calculator/",200,true,"index,follow","https://freeaccuratecalculator.com/guides/most-accurate-pregnancy-due-date-calculator/",true,true,"Indexable","Clean canonical, allowed in robots, valid status","Maintain and monitor"
"https://freeaccuratecalculator.com/guides/multi-asset-sip-strategy-wealth-blueprint/",200,true,"index,follow","https://freeaccuratecalculator.com/guides/multi-asset-sip-strategy-wealth-blueprint/",true,true,"Indexable","Clean canonical, allowed in robots, valid status","Maintain and monitor"
"https://freeaccuratecalculator.com/guides/personal-loan-emi-calculator-unsecured-debt-guide/",200,true,"index,follow","https://freeaccuratecalculator.com/guides/personal-loan-emi-calculator-unsecured-debt-guide/",true,true,"Indexable","Clean canonical, allowed in robots, valid status","Maintain and monitor"
"https://freeaccuratecalculator.com/guides/ppf-tax-free-investment-guide/",200,true,"index,follow","https://freeaccuratecalculator.com/guides/ppf-tax-free-investment-guide/",true,true,"Indexable","Clean canonical, allowed in robots, valid status","Maintain and monitor"
"https://freeaccuratecalculator.com/guides/precise-vs-accurate-fraction-calculator-guide/",200,true,"index,follow","https://freeaccuratecalculator.com/guides/precise-vs-accurate-fraction-calculator-guide/",true,true,"Indexable","Clean canonical, allowed in robots, valid status","Maintain and monitor"
"https://freeaccuratecalculator.com/guides/psychology-of-set-and-forget-millionaire-sip/",200,true,"index,follow","https://freeaccuratecalculator.com/guides/psychology-of-set-and-forget-millionaire-sip/",true,true,"Indexable","Clean canonical, allowed in robots, valid status","Maintain and monitor"
"https://freeaccuratecalculator.com/guides/rental-yield-cap-rate-calculation-guide/",200,true,"index,follow","https://freeaccuratecalculator.com/guides/rental-yield-cap-rate-calculation-guide/",true,true,"Indexable","Clean canonical, allowed in robots, valid status","Maintain and monitor"
"https://freeaccuratecalculator.com/guides/retirement-planning-how-much-to-retire/",200,true,"index,follow","https://freeaccuratecalculator.com/guides/retirement-planning-how-much-to-retire/",true,true,"Indexable","Clean canonical, allowed in robots, valid status","Maintain and monitor"
"https://freeaccuratecalculator.com/guides/sip-vs-lump-sum-compounding-wealth-proof/",200,true,"index,follow","https://freeaccuratecalculator.com/guides/sip-vs-lump-sum-compounding-wealth-proof/",true,true,"Indexable","Clean canonical, allowed in robots, valid status","Maintain and monitor"
"https://freeaccuratecalculator.com/guides/smart-emi-loan-repayment-guide/",200,true,"index,follow","https://freeaccuratecalculator.com/guides/smart-emi-loan-repayment-guide/",true,true,"Indexable","Clean canonical, allowed in robots, valid status","Maintain and monitor"
"https://freeaccuratecalculator.com/guides/step-up-sip-calculator-wealth-time-machine/",200,true,"index,follow","https://freeaccuratecalculator.com/guides/step-up-sip-calculator-wealth-time-machine/",true,true,"Indexable","Clean canonical, allowed in robots, valid status","Maintain and monitor"
"https://freeaccuratecalculator.com/guides/the-truth-about-tdee-bmr-calculators/",200,true,"index,follow","https://freeaccuratecalculator.com/guides/the-truth-about-tdee-bmr-calculators/",true,true,"Indexable","Clean canonical, allowed in robots, valid status","Maintain and monitor"
"https://freeaccuratecalculator.com/guides/top-10-accurate-calculator-tools-digital-toolkit/",200,true,"index,follow","https://freeaccuratecalculator.com/guides/top-10-accurate-calculator-tools-digital-toolkit/",true,true,"Indexable","Clean canonical, allowed in robots, valid status","Maintain and monitor"
"https://freeaccuratecalculator.com/guides/ultra-accurate-calculators-engineers-scientists/",200,true,"index,follow","https://freeaccuratecalculator.com/guides/ultra-accurate-calculators-engineers-scientists/",true,true,"Indexable","Clean canonical, allowed in robots, valid status","Maintain and monitor"
"https://freeaccuratecalculator.com/guides/understand-body-mass-index-bmi/",200,true,"index,follow","https://freeaccuratecalculator.com/guides/understand-body-mass-index-bmi/",true,true,"Indexable","Clean canonical, allowed in robots, valid status","Maintain and monitor"
"https://freeaccuratecalculator.com/guides/unmasking-crorepati-illusion-sip-calculator-inflation-tax/",200,true,"index,follow","https://freeaccuratecalculator.com/guides/unmasking-crorepati-illusion-sip-calculator-inflation-tax/",true,true,"Indexable","Clean canonical, allowed in robots, valid status","Maintain and monitor"
"https://freeaccuratecalculator.com/guides/what-is-the-most-accurate-calculator-math-tools/",200,true,"index,follow","https://freeaccuratecalculator.com/guides/what-is-the-most-accurate-calculator-math-tools/",true,true,"Indexable","Clean canonical, allowed in robots, valid status","Maintain and monitor"
"https://freeaccuratecalculator.com/guides/when-will-i-die-life-expectancy-calculator/",200,true,"index,follow","https://freeaccuratecalculator.com/guides/when-will-i-die-life-expectancy-calculator/",true,true,"Indexable","Clean canonical, allowed in robots, valid status","Maintain and monitor"
"https://freeaccuratecalculator.com/guides/why-home-loan-emi-is-a-mirror-calculator-guide/",200,true,"index,follow","https://freeaccuratecalculator.com/guides/why-home-loan-emi-is-a-mirror-calculator-guide/",true,true,"Indexable","Clean canonical, allowed in robots, valid status","Maintain and monitor"
"https://freeaccuratecalculator.com/guides/why-savings-account-robbing-you-sip-calculator/",200,true,"index,follow","https://freeaccuratecalculator.com/guides/why-savings-account-robbing-you-sip-calculator/",true,true,"Indexable","Clean canonical, allowed in robots, valid status","Maintain and monitor"
"https://freeaccuratecalculator.com/health/bmi-calculator/",200,true,"index,follow","https://freeaccuratecalculator.com/health/bmi-calculator/",true,true,"Indexable","Clean canonical, allowed in robots, valid status","Maintain and monitor"
"https://freeaccuratecalculator.com/health/bmr-calculator/",200,true,"index,follow","https://freeaccuratecalculator.com/health/bmr-calculator/",true,true,"Indexable","Clean canonical, allowed in robots, valid status","Maintain and monitor"
"https://freeaccuratecalculator.com/health/body-fat-calculator/",200,true,"index,follow","https://freeaccuratecalculator.com/health/body-fat-calculator/",true,true,"Indexable","Clean canonical, allowed in robots, valid status","Maintain and monitor"
"https://freeaccuratecalculator.com/health/calorie-calculator/",200,true,"index,follow","https://freeaccuratecalculator.com/health/calorie-calculator/",true,true,"Indexable","Clean canonical, allowed in robots, valid status","Maintain and monitor"
"https://freeaccuratecalculator.com/health/due-date-calculator/",200,true,"index,follow","https://freeaccuratecalculator.com/health/due-date-calculator/",true,true,"Indexable","Clean canonical, allowed in robots, valid status","Maintain and monitor"
"https://freeaccuratecalculator.com/health/ideal-weight-calculator/",200,true,"index,follow","https://freeaccuratecalculator.com/health/ideal-weight-calculator/",true,true,"Indexable","Clean canonical, allowed in robots, valid status","Maintain and monitor"
"https://freeaccuratecalculator.com/health/",200,true,"index,follow","https://freeaccuratecalculator.com/health/",true,true,"Indexable","Clean canonical, allowed in robots, valid status","Maintain and monitor"
"https://freeaccuratecalculator.com/health/pace-calculator/",200,true,"index,follow","https://freeaccuratecalculator.com/health/pace-calculator/",true,true,"Indexable","Clean canonical, allowed in robots, valid status","Maintain and monitor"
"https://freeaccuratecalculator.com/health/pregnancy-calculator/",200,true,"index,follow","https://freeaccuratecalculator.com/health/pregnancy-calculator/",true,true,"Indexable","Clean canonical, allowed in robots, valid status","Maintain and monitor"
"https://freeaccuratecalculator.com/health/pregnancy-conception-calculator/",200,true,"index,follow","https://freeaccuratecalculator.com/health/pregnancy-conception-calculator/",true,true,"Indexable","Clean canonical, allowed in robots, valid status","Maintain and monitor"
"https://freeaccuratecalculator.com/hi/finance/emi-calculator/",200,true,"index,follow","https://freeaccuratecalculator.com/hi/finance/emi-calculator/",true,true,"Indexable","Clean canonical, allowed in robots, valid status","Maintain and monitor"
"https://freeaccuratecalculator.com/hi/guides/how-compound-interest-works/",200,true,"index,follow","https://freeaccuratecalculator.com/hi/guides/how-compound-interest-works/",true,true,"Indexable","Clean canonical, allowed in robots, valid status","Maintain and monitor"
"https://freeaccuratecalculator.com/hi/guides/how-to-calculate-percentages-accurately/",200,true,"index,follow","https://freeaccuratecalculator.com/hi/guides/how-to-calculate-percentages-accurately/",true,true,"Indexable","Clean canonical, allowed in robots, valid status","Maintain and monitor"
"https://freeaccuratecalculator.com/hi/guides/",200,true,"index,follow","https://freeaccuratecalculator.com/hi/guides/",true,true,"Indexable","Clean canonical, allowed in robots, valid status","Maintain and monitor"
"https://freeaccuratecalculator.com/hi/",200,true,"index,follow","https://freeaccuratecalculator.com/hi/",true,true,"Indexable","Clean canonical, allowed in robots, valid status","Maintain and monitor"
"https://freeaccuratecalculator.com/hi/math/percentage-calculator/",200,true,"index,follow","https://freeaccuratecalculator.com/hi/math/percentage-calculator/",true,true,"Indexable","Clean canonical, allowed in robots, valid status","Maintain and monitor"
"https://freeaccuratecalculator.com/",200,true,"index,follow","https://freeaccuratecalculator.com/",true,true,"Indexable","Clean canonical, allowed in robots, valid status","Maintain and monitor"
"https://freeaccuratecalculator.com/insurance/annuity-payout-calculator/",200,true,"index,follow","https://freeaccuratecalculator.com/insurance/annuity-payout-calculator/",true,true,"Indexable","Clean canonical, allowed in robots, valid status","Maintain and monitor"
"https://freeaccuratecalculator.com/insurance/auto-insurance-calculator/",200,true,"index,follow","https://freeaccuratecalculator.com/insurance/auto-insurance-calculator/",true,true,"Indexable","Clean canonical, allowed in robots, valid status","Maintain and monitor"
"https://freeaccuratecalculator.com/insurance/disability-insurance-calculator/",200,true,"index,follow","https://freeaccuratecalculator.com/insurance/disability-insurance-calculator/",true,true,"Indexable","Clean canonical, allowed in robots, valid status","Maintain and monitor"
"https://freeaccuratecalculator.com/insurance/health-insurance-calculator/",200,true,"index,follow","https://freeaccuratecalculator.com/insurance/health-insurance-calculator/",true,true,"Indexable","Clean canonical, allowed in robots, valid status","Maintain and monitor"
"https://freeaccuratecalculator.com/insurance/homeowners-insurance-calculator/",200,true,"index,follow","https://freeaccuratecalculator.com/insurance/homeowners-insurance-calculator/",true,true,"Indexable","Clean canonical, allowed in robots, valid status","Maintain and monitor"
"https://freeaccuratecalculator.com/insurance/",200,true,"index,follow","https://freeaccuratecalculator.com/insurance/",true,true,"Indexable","Clean canonical, allowed in robots, valid status","Maintain and monitor"
"https://freeaccuratecalculator.com/insurance/renters-insurance-calculator/",200,true,"index,follow","https://freeaccuratecalculator.com/insurance/renters-insurance-calculator/",true,true,"Indexable","Clean canonical, allowed in robots, valid status","Maintain and monitor"
"https://freeaccuratecalculator.com/insurance/term-life-insurance-calculator/",200,true,"index,follow","https://freeaccuratecalculator.com/insurance/term-life-insurance-calculator/",true,true,"Indexable","Clean canonical, allowed in robots, valid status","Maintain and monitor"
"https://freeaccuratecalculator.com/insurance/umbrella-insurance-calculator/",200,true,"index,follow","https://freeaccuratecalculator.com/insurance/umbrella-insurance-calculator/",true,true,"Indexable","Clean canonical, allowed in robots, valid status","Maintain and monitor"
"https://freeaccuratecalculator.com/insurance/whole-life-insurance-calculator/",200,true,"index,follow","https://freeaccuratecalculator.com/insurance/whole-life-insurance-calculator/",true,true,"Indexable","Clean canonical, allowed in robots, valid status","Maintain and monitor"
"https://freeaccuratecalculator.com/it/",200,true,"index,follow","https://freeaccuratecalculator.com/it/",true,true,"Indexable","Clean canonical, allowed in robots, valid status","Maintain and monitor"
"https://freeaccuratecalculator.com/ja/",200,true,"index,follow","https://freeaccuratecalculator.com/ja/",true,true,"Indexable","Clean canonical, allowed in robots, valid status","Maintain and monitor"
"https://freeaccuratecalculator.com/legal/alimony-calculator/",200,true,"index,follow","https://freeaccuratecalculator.com/legal/alimony-calculator/",true,true,"Indexable","Clean canonical, allowed in robots, valid status","Maintain and monitor"
"https://freeaccuratecalculator.com/legal/child-support-calculator/",200,true,"index,follow","https://freeaccuratecalculator.com/legal/child-support-calculator/",true,true,"Indexable","Clean canonical, allowed in robots, valid status","Maintain and monitor"
"https://freeaccuratecalculator.com/legal/",200,true,"index,follow","https://freeaccuratecalculator.com/legal/",true,true,"Indexable","Clean canonical, allowed in robots, valid status","Maintain and monitor"
"https://freeaccuratecalculator.com/legal/legal-fee-calculator/",200,true,"index,follow","https://freeaccuratecalculator.com/legal/legal-fee-calculator/",true,true,"Indexable","Clean canonical, allowed in robots, valid status","Maintain and monitor"
"https://freeaccuratecalculator.com/legal/settlement-value-calculator/",200,true,"index,follow","https://freeaccuratecalculator.com/legal/settlement-value-calculator/",true,true,"Indexable","Clean canonical, allowed in robots, valid status","Maintain and monitor"
"https://freeaccuratecalculator.com/love/ai-love-calculator/",200,true,"index,follow","https://freeaccuratecalculator.com/love/ai-love-calculator/",true,true,"Indexable","Clean canonical, allowed in robots, valid status","Maintain and monitor"
"https://freeaccuratecalculator.com/love/ai-love-predictor/",200,true,"index,follow","https://freeaccuratecalculator.com/love/ai-love-predictor/",true,true,"Indexable","Clean canonical, allowed in robots, valid status","Maintain and monitor"
"https://freeaccuratecalculator.com/love/birth-date-compatibility/",200,true,"index,follow","https://freeaccuratecalculator.com/love/birth-date-compatibility/",true,true,"Indexable","Clean canonical, allowed in robots, valid status","Maintain and monitor"
"https://freeaccuratecalculator.com/love/birth-date-love-compatibility/",200,true,"index,follow","https://freeaccuratecalculator.com/love/birth-date-love-compatibility/",true,true,"Indexable","Clean canonical, allowed in robots, valid status","Maintain and monitor"
"https://freeaccuratecalculator.com/love/blog/love-compatibility-tips/",200,true,"index,follow","https://freeaccuratecalculator.com/love/blog/love-compatibility-tips/",true,true,"Indexable","Clean canonical, allowed in robots, valid status","Maintain and monitor"
"https://freeaccuratecalculator.com/love/blog/zodiac-signs-in-love/",200,true,"index,follow","https://freeaccuratecalculator.com/love/blog/zodiac-signs-in-love/",true,true,"Indexable","Clean canonical, allowed in robots, valid status","Maintain and monitor"
"https://freeaccuratecalculator.com/love/breakup-compatibility-calculator/",200,true,"index,follow","https://freeaccuratecalculator.com/love/breakup-compatibility-calculator/",true,true,"Indexable","Clean canonical, allowed in robots, valid status","Maintain and monitor"
"https://freeaccuratecalculator.com/love/celebrity-love-calculator/",200,true,"index,follow","https://freeaccuratecalculator.com/love/celebrity-love-calculator/",true,true,"Indexable","Clean canonical, allowed in robots, valid status","Maintain and monitor"
"https://freeaccuratecalculator.com/love/chinese-zodiac-love-calculator/",200,true,"index,follow","https://freeaccuratecalculator.com/love/chinese-zodiac-love-calculator/",true,true,"Indexable","Clean canonical, allowed in robots, valid status","Maintain and monitor"
"https://freeaccuratecalculator.com/love/couple-nickname-generator-match/",200,true,"index,follow","https://freeaccuratecalculator.com/love/couple-nickname-generator-match/",true,true,"Indexable","Clean canonical, allowed in robots, valid status","Maintain and monitor"
"https://freeaccuratecalculator.com/love/crush-love-test/",200,true,"index,follow","https://freeaccuratecalculator.com/love/crush-love-test/",true,true,"Indexable","Clean canonical, allowed in robots, valid status","Maintain and monitor"
"https://freeaccuratecalculator.com/love/crush-love-test-calculator/",200,true,"index,follow","https://freeaccuratecalculator.com/love/crush-love-test-calculator/",true,true,"Indexable","Clean canonical, allowed in robots, valid status","Maintain and monitor"
"https://freeaccuratecalculator.com/love/flames-calculator/",200,true,"index,follow","https://freeaccuratecalculator.com/love/flames-calculator/",true,true,"Indexable","Clean canonical, allowed in robots, valid status","Maintain and monitor"
"https://freeaccuratecalculator.com/love/friendship-to-love-calculator/",200,true,"index,follow","https://freeaccuratecalculator.com/love/friendship-to-love-calculator/",true,true,"Indexable","Clean canonical, allowed in robots, valid status","Maintain and monitor"
"https://freeaccuratecalculator.com/love/guides/flames-game-rules/",200,true,"index,follow","https://freeaccuratecalculator.com/love/guides/flames-game-rules/",true,true,"Indexable","Clean canonical, allowed in robots, valid status","Maintain and monitor"
"https://freeaccuratecalculator.com/love/guides/how-love-calculator-works/",200,true,"index,follow","https://freeaccuratecalculator.com/love/guides/how-love-calculator-works/",true,true,"Indexable","Clean canonical, allowed in robots, valid status","Maintain and monitor"
"https://freeaccuratecalculator.com/love/guides/",200,true,"index,follow","https://freeaccuratecalculator.com/love/guides/",true,true,"Indexable","Clean canonical, allowed in robots, valid status","Maintain and monitor"
"https://freeaccuratecalculator.com/love/guides/kundli-matching-explained/",200,true,"index,follow","https://freeaccuratecalculator.com/love/guides/kundli-matching-explained/",true,true,"Indexable","Clean canonical, allowed in robots, valid status","Maintain and monitor"
"https://freeaccuratecalculator.com/love/guides/numerology-love-compatibility/",200,true,"index,follow","https://freeaccuratecalculator.com/love/guides/numerology-love-compatibility/",true,true,"Indexable","Clean canonical, allowed in robots, valid status","Maintain and monitor"
"https://freeaccuratecalculator.com/love/guides/numerology-love-meanings/",200,true,"index,follow","https://freeaccuratecalculator.com/love/guides/numerology-love-meanings/",true,true,"Indexable","Clean canonical, allowed in robots, valid status","Maintain and monitor"
"https://freeaccuratecalculator.com/love/guides/twin-flame-signs/",200,true,"index,follow","https://freeaccuratecalculator.com/love/guides/twin-flame-signs/",true,true,"Indexable","Clean canonical, allowed in robots, valid status","Maintain and monitor"
"https://freeaccuratecalculator.com/love/guides/twin-flame-vs-soulmate/",200,true,"index,follow","https://freeaccuratecalculator.com/love/guides/twin-flame-vs-soulmate/",true,true,"Indexable","Clean canonical, allowed in robots, valid status","Maintain and monitor"
"https://freeaccuratecalculator.com/love/guides/zodiac-compatibility/",200,true,"index,follow","https://freeaccuratecalculator.com/love/guides/zodiac-compatibility/",true,true,"Indexable","Clean canonical, allowed in robots, valid status","Maintain and monitor"
"https://freeaccuratecalculator.com/love/guides/zodiac-compatibility-guide/",200,true,"index,follow","https://freeaccuratecalculator.com/love/guides/zodiac-compatibility-guide/",true,true,"Indexable","Clean canonical, allowed in robots, valid status","Maintain and monitor"
"https://freeaccuratecalculator.com/love/",200,true,"index,follow","https://freeaccuratecalculator.com/love/",true,true,"Indexable","Clean canonical, allowed in robots, valid status","Maintain and monitor"
"https://freeaccuratecalculator.com/love/kundli-matching/",200,true,"index,follow","https://freeaccuratecalculator.com/love/kundli-matching/",true,true,"Indexable","Clean canonical, allowed in robots, valid status","Maintain and monitor"
"https://freeaccuratecalculator.com/love/love-calculator/",200,true,"index,follow","https://freeaccuratecalculator.com/love/love-calculator/",true,true,"Indexable","Clean canonical, allowed in robots, valid status","Maintain and monitor"
"https://freeaccuratecalculator.com/love/love-calculator-by-name/",200,true,"index,follow","https://freeaccuratecalculator.com/love/love-calculator-by-name/",true,true,"Indexable","Clean canonical, allowed in robots, valid status","Maintain and monitor"
"https://freeaccuratecalculator.com/love/love-compatibility-calculator/",200,true,"index,follow","https://freeaccuratecalculator.com/love/love-compatibility-calculator/",true,true,"Indexable","Clean canonical, allowed in robots, valid status","Maintain and monitor"
"https://freeaccuratecalculator.com/love/love-language-compatibility/",200,true,"index,follow","https://freeaccuratecalculator.com/love/love-language-compatibility/",true,true,"Indexable","Clean canonical, allowed in robots, valid status","Maintain and monitor"
"https://freeaccuratecalculator.com/love/marriage-compatibility-calculator/",200,true,"index,follow","https://freeaccuratecalculator.com/love/marriage-compatibility-calculator/",true,true,"Indexable","Clean canonical, allowed in robots, valid status","Maintain and monitor"
"https://freeaccuratecalculator.com/love/numerology-love-calculator/",200,true,"index,follow","https://freeaccuratecalculator.com/love/numerology-love-calculator/",true,true,"Indexable","Clean canonical, allowed in robots, valid status","Maintain and monitor"
"https://freeaccuratecalculator.com/love/prank-love-calculator/",200,true,"index,follow","https://freeaccuratecalculator.com/love/prank-love-calculator/",true,true,"Indexable","Clean canonical, allowed in robots, valid status","Maintain and monitor"
"https://freeaccuratecalculator.com/love/relationship-compatibility-test/",200,true,"index,follow","https://freeaccuratecalculator.com/love/relationship-compatibility-test/",true,true,"Indexable","Clean canonical, allowed in robots, valid status","Maintain and monitor"
"https://freeaccuratecalculator.com/love/relationship-counter/",200,true,"index,follow","https://freeaccuratecalculator.com/love/relationship-counter/",true,true,"Indexable","Clean canonical, allowed in robots, valid status","Maintain and monitor"
"https://freeaccuratecalculator.com/love/soulmate-name-calculator/",200,true,"index,follow","https://freeaccuratecalculator.com/love/soulmate-name-calculator/",true,true,"Indexable","Clean canonical, allowed in robots, valid status","Maintain and monitor"
"https://freeaccuratecalculator.com/love/tarot-love-calculator/",200,true,"index,follow","https://freeaccuratecalculator.com/love/tarot-love-calculator/",true,true,"Indexable","Clean canonical, allowed in robots, valid status","Maintain and monitor"
"https://freeaccuratecalculator.com/love/true-love-calculator/",200,true,"index,follow","https://freeaccuratecalculator.com/love/true-love-calculator/",true,true,"Indexable","Clean canonical, allowed in robots, valid status","Maintain and monitor"
"https://freeaccuratecalculator.com/love/true-love-calculator-by-names/",200,true,"index,follow","https://freeaccuratecalculator.com/love/true-love-calculator-by-names/",true,true,"Indexable","Clean canonical, allowed in robots, valid status","Maintain and monitor"
"https://freeaccuratecalculator.com/love/twin-flame-calculator/",200,true,"index,follow","https://freeaccuratecalculator.com/love/twin-flame-calculator/",true,true,"Indexable","Clean canonical, allowed in robots, valid status","Maintain and monitor"
"https://freeaccuratecalculator.com/love/wedding-date-predictor-calculator/",200,true,"index,follow","https://freeaccuratecalculator.com/love/wedding-date-predictor-calculator/",true,true,"Indexable","Clean canonical, allowed in robots, valid status","Maintain and monitor"
"https://freeaccuratecalculator.com/love/zodiac-compatibility/",200,true,"index,follow","https://freeaccuratecalculator.com/love/zodiac-compatibility/",true,true,"Indexable","Clean canonical, allowed in robots, valid status","Maintain and monitor"
"https://freeaccuratecalculator.com/love/zodiac-love-compatibility-calculator/",200,true,"index,follow","https://freeaccuratecalculator.com/love/zodiac-love-compatibility-calculator/",true,true,"Indexable","Clean canonical, allowed in robots, valid status","Maintain and monitor"
"https://freeaccuratecalculator.com/marketing/cac-calculator/",200,true,"index,follow","https://freeaccuratecalculator.com/marketing/cac-calculator/",true,true,"Indexable","Clean canonical, allowed in robots, valid status","Maintain and monitor"
"https://freeaccuratecalculator.com/marketing/conversion-rate-calculator/",200,true,"index,follow","https://freeaccuratecalculator.com/marketing/conversion-rate-calculator/",true,true,"Indexable","Clean canonical, allowed in robots, valid status","Maintain and monitor"
"https://freeaccuratecalculator.com/marketing/email-roi-calculator/",200,true,"index,follow","https://freeaccuratecalculator.com/marketing/email-roi-calculator/",true,true,"Indexable","Clean canonical, allowed in robots, valid status","Maintain and monitor"
"https://freeaccuratecalculator.com/marketing/",200,true,"index,follow","https://freeaccuratecalculator.com/marketing/",true,true,"Indexable","Clean canonical, allowed in robots, valid status","Maintain and monitor"
"https://freeaccuratecalculator.com/marketing/roas-calculator/",200,true,"index,follow","https://freeaccuratecalculator.com/marketing/roas-calculator/",true,true,"Indexable","Clean canonical, allowed in robots, valid status","Maintain and monitor"
"https://freeaccuratecalculator.com/math/fraction-calculator/",200,true,"index,follow","https://freeaccuratecalculator.com/math/fraction-calculator/",true,true,"Indexable","Clean canonical, allowed in robots, valid status","Maintain and monitor"
"https://freeaccuratecalculator.com/math/",200,true,"index,follow","https://freeaccuratecalculator.com/math/",true,true,"Indexable","Clean canonical, allowed in robots, valid status","Maintain and monitor"
"https://freeaccuratecalculator.com/math/percentage-calculator/",200,true,"index,follow","https://freeaccuratecalculator.com/math/percentage-calculator/",true,true,"Indexable","Clean canonical, allowed in robots, valid status","Maintain and monitor"
"https://freeaccuratecalculator.com/math/random-number-generator/",200,true,"index,follow","https://freeaccuratecalculator.com/math/random-number-generator/",true,true,"Indexable","Clean canonical, allowed in robots, valid status","Maintain and monitor"
"https://freeaccuratecalculator.com/math/scientific-calculator/",200,true,"index,follow","https://freeaccuratecalculator.com/math/scientific-calculator/",true,true,"Indexable","Clean canonical, allowed in robots, valid status","Maintain and monitor"
"https://freeaccuratecalculator.com/math/triangle-calculator/",200,true,"index,follow","https://freeaccuratecalculator.com/math/triangle-calculator/",true,true,"Indexable","Clean canonical, allowed in robots, valid status","Maintain and monitor"
"https://freeaccuratecalculator.com/nl/",200,true,"index,follow","https://freeaccuratecalculator.com/nl/",true,true,"Indexable","Clean canonical, allowed in robots, valid status","Maintain and monitor"
"https://freeaccuratecalculator.com/physics/",200,true,"index,follow","https://freeaccuratecalculator.com/physics/",true,true,"Indexable","Clean canonical, allowed in robots, valid status","Maintain and monitor"
"https://freeaccuratecalculator.com/physics/kinetic-energy-calculator/",200,true,"index,follow","https://freeaccuratecalculator.com/physics/kinetic-energy-calculator/",true,true,"Indexable","Clean canonical, allowed in robots, valid status","Maintain and monitor"
"https://freeaccuratecalculator.com/physics/ohms-law-calculator/",200,true,"index,follow","https://freeaccuratecalculator.com/physics/ohms-law-calculator/",true,true,"Indexable","Clean canonical, allowed in robots, valid status","Maintain and monitor"
"https://freeaccuratecalculator.com/physics/projectile-motion-calculator/",200,true,"index,follow","https://freeaccuratecalculator.com/physics/projectile-motion-calculator/",true,true,"Indexable","Clean canonical, allowed in robots, valid status","Maintain and monitor"
"https://freeaccuratecalculator.com/physics/velocity-acceleration-calculator/",200,true,"index,follow","https://freeaccuratecalculator.com/physics/velocity-acceleration-calculator/",true,true,"Indexable","Clean canonical, allowed in robots, valid status","Maintain and monitor"
"https://freeaccuratecalculator.com/privacy-policy/",200,true,"index,follow","https://freeaccuratecalculator.com/privacy-policy/",true,true,"Indexable","Clean canonical, allowed in robots, valid status","Maintain and monitor"
"https://freeaccuratecalculator.com/pt/",200,true,"index,follow","https://freeaccuratecalculator.com/pt/",true,true,"Indexable","Clean canonical, allowed in robots, valid status","Maintain and monitor"
"https://freeaccuratecalculator.com/real-estate/cap-rate-calculator/",200,true,"index,follow","https://freeaccuratecalculator.com/real-estate/cap-rate-calculator/",true,true,"Indexable","Clean canonical, allowed in robots, valid status","Maintain and monitor"
"https://freeaccuratecalculator.com/real-estate/",200,true,"index,follow","https://freeaccuratecalculator.com/real-estate/",true,true,"Indexable","Clean canonical, allowed in robots, valid status","Maintain and monitor"
"https://freeaccuratecalculator.com/real-estate/property-tax-calculator/",200,true,"index,follow","https://freeaccuratecalculator.com/real-estate/property-tax-calculator/",true,true,"Indexable","Clean canonical, allowed in robots, valid status","Maintain and monitor"
"https://freeaccuratecalculator.com/real-estate/rental-yield-calculator/",200,true,"index,follow","https://freeaccuratecalculator.com/real-estate/rental-yield-calculator/",true,true,"Indexable","Clean canonical, allowed in robots, valid status","Maintain and monitor"
"https://freeaccuratecalculator.com/ru/",200,true,"index,follow","https://freeaccuratecalculator.com/ru/",true,true,"Indexable","Clean canonical, allowed in robots, valid status","Maintain and monitor"
"https://freeaccuratecalculator.com/sports/golf-handicap-calculator/",200,true,"index,follow","https://freeaccuratecalculator.com/sports/golf-handicap-calculator/",true,true,"Indexable","Clean canonical, allowed in robots, valid status","Maintain and monitor"
"https://freeaccuratecalculator.com/sports/heart-rate-zone-calculator/",200,true,"index,follow","https://freeaccuratecalculator.com/sports/heart-rate-zone-calculator/",true,true,"Indexable","Clean canonical, allowed in robots, valid status","Maintain and monitor"
"https://freeaccuratecalculator.com/sports/",200,true,"index,follow","https://freeaccuratecalculator.com/sports/",true,true,"Indexable","Clean canonical, allowed in robots, valid status","Maintain and monitor"
"https://freeaccuratecalculator.com/sports/one-rep-max-calculator/",200,true,"index,follow","https://freeaccuratecalculator.com/sports/one-rep-max-calculator/",true,true,"Indexable","Clean canonical, allowed in robots, valid status","Maintain and monitor"
"https://freeaccuratecalculator.com/statistics/confidence-interval-calculator/",200,true,"index,follow","https://freeaccuratecalculator.com/statistics/confidence-interval-calculator/",true,true,"Indexable","Clean canonical, allowed in robots, valid status","Maintain and monitor"
"https://freeaccuratecalculator.com/statistics/",200,true,"index,follow","https://freeaccuratecalculator.com/statistics/",true,true,"Indexable","Clean canonical, allowed in robots, valid status","Maintain and monitor"
"https://freeaccuratecalculator.com/statistics/probability-calculator/",200,true,"index,follow","https://freeaccuratecalculator.com/statistics/probability-calculator/",true,true,"Indexable","Clean canonical, allowed in robots, valid status","Maintain and monitor"
"https://freeaccuratecalculator.com/statistics/sample-size-calculator/",200,true,"index,follow","https://freeaccuratecalculator.com/statistics/sample-size-calculator/",true,true,"Indexable","Clean canonical, allowed in robots, valid status","Maintain and monitor"
"https://freeaccuratecalculator.com/statistics/standard-deviation-calculator/",200,true,"index,follow","https://freeaccuratecalculator.com/statistics/standard-deviation-calculator/",true,true,"Indexable","Clean canonical, allowed in robots, valid status","Maintain and monitor"
"https://freeaccuratecalculator.com/technology/ai-token-cost-calculator/",200,true,"index,follow","https://freeaccuratecalculator.com/technology/ai-token-cost-calculator/",true,true,"Indexable","Clean canonical, allowed in robots, valid status","Maintain and monitor"
"https://freeaccuratecalculator.com/technology/bandwidth-calculator/",200,true,"index,follow","https://freeaccuratecalculator.com/technology/bandwidth-calculator/",true,true,"Indexable","Clean canonical, allowed in robots, valid status","Maintain and monitor"
"https://freeaccuratecalculator.com/technology/data-transfer-calculator/",200,true,"index,follow","https://freeaccuratecalculator.com/technology/data-transfer-calculator/",true,true,"Indexable","Clean canonical, allowed in robots, valid status","Maintain and monitor"
"https://freeaccuratecalculator.com/technology/",200,true,"index,follow","https://freeaccuratecalculator.com/technology/",true,true,"Indexable","Clean canonical, allowed in robots, valid status","Maintain and monitor"
"https://freeaccuratecalculator.com/technology/password-generator/",200,true,"index,follow","https://freeaccuratecalculator.com/technology/password-generator/",true,true,"Indexable","Clean canonical, allowed in robots, valid status","Maintain and monitor"
"https://freeaccuratecalculator.com/technology/subnet-calculator/",200,true,"index,follow","https://freeaccuratecalculator.com/technology/subnet-calculator/",true,true,"Indexable","Clean canonical, allowed in robots, valid status","Maintain and monitor"
"https://freeaccuratecalculator.com/terms-of-use/",200,true,"index,follow","https://freeaccuratecalculator.com/terms-of-use/",true,true,"Indexable","Clean canonical, allowed in robots, valid status","Maintain and monitor"
"https://freeaccuratecalculator.com/zh/",200,true,"index,follow","https://freeaccuratecalculator.com/zh/",true,true,"Indexable","Clean canonical, allowed in robots, valid status","Maintain and monitor"