URL,HTTP_STATUS,INDEXABLE,NOINDEX,ROBOTS,CANONICAL,SITEMAP,INTERNAL_LINKS,ORPHAN,TITLE,META_DESCRIPTION,H1,LANGUAGE,COUNTRY,CATEGORY,CALCULATOR,SCHEMA,WORD_COUNT,DUPLICATE_RISK,CANNIBALIZATION_RISK,SEO_PRIORITY
"https://freeaccuratecalculator.com/404.html/",200,false,true,"INDEX,FOLLOW","https://freeaccuratecalculator.com/404/",true,Yes,false,"404: Page Not Found | Free Accurate Calculator","The calculator or page you are looking for does not exist or has been moved. Explore our 1900+ free and accurate online calculators.","Page or Calculator Not Found","en","","404.html","","WebPage+Breadcrumbs",297,"Low","Low","P2"
"https://freeaccuratecalculator.com/about/",200,true,false,"INDEX,FOLLOW","https://freeaccuratecalculator.com/about/",true,Yes,false,"About Us | Free Accurate Calculator","Learn about the engineering philosophy and mission behind Free Accurate Calculator: mathematically verified online calculation tools with zero clutter and instant performance.","About Free Accurate Calculator","en","","about","","WebPage+Breadcrumbs",444,"Low","Low","P2"
"https://freeaccuratecalculator.com/ar/",200,true,false,"INDEX,FOLLOW","https://freeaccuratecalculator.com/ar/",true,Yes,false,"حاسبات مجانية ودقيقة — حاسبات دقيقة وسريعة عبر الإنترنت | Free Accurate Calculator","حاسبات رياضية ومالية وصحية موثوقة ومجانية بالكامل. حسابات فورية وخصوصية محلية 100% بدون بطء.","حسابات دقيقة وموثوقة. سريعة، دقيقة وخالية من التعقيد.","ar","","i18n-home","","WebPage+Breadcrumbs",775,"Low","Low","P2"
"https://freeaccuratecalculator.com/automotive/car-depreciation-calculator/",200,true,false,"INDEX,FOLLOW","https://freeaccuratecalculator.com/automotive/car-depreciation-calculator/",true,Yes,false,"Free Car Depreciation Calculator — Vehicle Resale Value Over Time | Free Accurate Calculator","Calculate vehicle depreciation rate curves and future trade-in resale values year-by-year from initial purchase price.","Car Depreciation Tool","en","","automotive","car-depreciation-calculator","SoftwareApplication+Breadcrumbs",515,"Low","Low","P2"
"https://freeaccuratecalculator.com/automotive/fuel-cost-calculator/",200,true,false,"INDEX,FOLLOW","https://freeaccuratecalculator.com/automotive/fuel-cost-calculator/",true,Yes,false,"Free Fuel Cost Calculator — Trip Gas Mileage &amp; Commute Expense | Free Accurate Calculator","Calculate gasoline and diesel fuel costs for road trips; daily commutes; and annual vehicle travel based on fuel economy and pump prices.","Fuel Cost Calculator","en","","automotive","fuel-cost-calculator","SoftwareApplication+Breadcrumbs",520,"Low","Low","P2"
"https://freeaccuratecalculator.com/automotive/",200,true,false,"INDEX,FOLLOW","https://freeaccuratecalculator.com/automotive/",true,Yes,false,"Automotive Calculators — Fast; Accurate &amp; Free Online Tools | Free Accurate Calculator","Auto loan financing; commute fuel costs; gas mileage MPG tracking; and vehicle depreciation curves.","Automotive Calculators. Fast; Accurate &amp; Clean.","en","","automotive","","WebPage+Breadcrumbs",785,"Low","Low","P2"
"https://freeaccuratecalculator.com/automotive/mpg-calculator/",200,true,false,"INDEX,FOLLOW","https://freeaccuratecalculator.com/automotive/mpg-calculator/",true,Yes,false,"Free Gas Mileage Calculator — Calculate Actual MPG &amp; L/100km | Free Accurate Calculator","Calculate actual vehicle fuel economy in miles per gallon (MPG) and liters per 100km based on odometer fill-up records.","Gas Mileage (MPG)","en","","automotive","mpg-calculator","SoftwareApplication+Breadcrumbs",513,"Low","Low","P2"
"https://freeaccuratecalculator.com/biology/bacterial-growth-calculator/",200,true,false,"INDEX,FOLLOW","https://freeaccuratecalculator.com/biology/bacterial-growth-calculator/",true,Yes,false,"Free Bacterial Growth Calculator — Exponential Colony Population | Free Accurate Calculator","Model exponential bacterial colony reproduction rates and generation doubling times in culture media.","Bacterial Growth Calculator","en","","biology","bacterial-growth-calculator","SoftwareApplication+Breadcrumbs",512,"Low","Low","P2"
"https://freeaccuratecalculator.com/biology/hardy-weinberg-calculator/",200,true,false,"INDEX,FOLLOW","https://freeaccuratecalculator.com/biology/hardy-weinberg-calculator/",true,Yes,false,"Free Hardy-Weinberg Calculator — Allele &amp; Genotype Frequencies | Free Accurate Calculator","Calculate allele frequencies (p; q) and genotype distributions (p²; 2pq; q²) under Hardy-Weinberg genetic population equilibrium.","Hardy-Weinberg Estimator","en","","biology","hardy-weinberg-calculator","SoftwareApplication+Breadcrumbs",499,"Low","Low","P2"
"https://freeaccuratecalculator.com/biology/",200,true,false,"INDEX,FOLLOW","https://freeaccuratecalculator.com/biology/",true,Yes,false,"Biology Calculators — Fast; Accurate &amp; Free Online Tools | Free Accurate Calculator","Punnett square inheritance probabilities; Hardy-Weinberg equilibrium; bacterial cell growth; and DNA/RNA molecular weights.","Biology Calculators. Fast; Accurate &amp; Free.","en","","biology","","WebPage+Breadcrumbs",771,"Low","Low","P2"
"https://freeaccuratecalculator.com/biology/molecular-weight-calculator/",200,true,false,"INDEX,FOLLOW","https://freeaccuratecalculator.com/biology/molecular-weight-calculator/",true,Yes,false,"Free DNA / RNA Molecular Weight Calculator — Oligo Mass Estimator | Free Accurate Calculator","Estimate molecular mass (Daltons / g/mol) of double-stranded DNA; single-stranded DNA; and RNA oligonucleotides by sequence length.","DNA / RNA Molecular Weight","en","","biology","molecular-weight-calculator","SoftwareApplication+Breadcrumbs",538,"Low","Low","P2"
"https://freeaccuratecalculator.com/biology/punnett-square-calculator/",200,true,false,"INDEX,FOLLOW","https://freeaccuratecalculator.com/biology/punnett-square-calculator/",true,Yes,false,"Free Punnett Square Calculator — Monohybrid Genetic Cross Ratios | Free Accurate Calculator","Calculate Mendelian genetic cross probabilities; genotypic ratios; and dominant vs recessive phenotype percentages.","Punnett Square Calculator","en","","biology","punnett-square-calculator","SoftwareApplication+Breadcrumbs",515,"Low","Low","P2"
"https://freeaccuratecalculator.com/business/break-even-calculator/",200,true,false,"INDEX,FOLLOW","https://freeaccuratecalculator.com/business/break-even-calculator/",true,Yes,false,"Free Break-Even Calculator — Units; Revenue &amp; Contribution Margin | Free Accurate Calculator","Calculate exact unit volume and dollar revenue required to cover fixed overhead costs with contribution margin analysis.","Break-Even Analysis","en","","business","break-even-calculator","SoftwareApplication+Breadcrumbs",514,"Low","Low","P2"
"https://freeaccuratecalculator.com/business/business-valuation-calculator/",200,true,false,"INDEX,FOLLOW","https://freeaccuratecalculator.com/business/business-valuation-calculator/",true,Yes,false,"Free Business Valuation Calculator — SDE &amp; EBITDA Multiple Model | Free Accurate Calculator","Estimate small business enterprise valuation using Seller’s Discretionary Earnings (SDE) or EBITDA industry multiples.","Business Valuation Tool","en","","business","business-valuation-calculator","SoftwareApplication+Breadcrumbs",514,"Low","Low","P2"
"https://freeaccuratecalculator.com/business/freelance/contractor-hourly-rate-uk-to-net-4000-per-month-outside-ir35/",200,true,false,"INDEX,FOLLOW","https://freeaccuratecalculator.com/business/freelance/contractor-hourly-rate-uk-to-net-4000-per-month-outside-ir35/",true,Yes,false,"UK Contractor Daily/Hourly Rate to Net £4;000/Month (Outside IR35) | Free Accurate Calculator","Calculate the exact hourly and day rate needed to net £4;000 take-home pay per month as an Outside IR35 UK limited company contractor after Corporation Tax.","UK Contractor Rate for £4;000 Monthly Net (Outside IR35)","en","","business","","SoftwareApplication+Breadcrumbs",601,"Low","Low","P2"
"https://freeaccuratecalculator.com/business/freelance/fiverr-freelance-gig-pricing-for-3000-monthly-take-home/",200,true,false,"INDEX,FOLLOW","https://freeaccuratecalculator.com/business/freelance/fiverr-freelance-gig-pricing-for-3000-monthly-take-home/",true,Yes,false,"Fiverr Price Calculator: How to Net $3;000/Month (After 20% Cut) | Free Accurate Calculator","Calculate how much to price your Fiverr gigs and custom orders to walk away with $3;000 net in your bank after Fiverr","Fiverr Gig Pricing Formula for $3;000/Month Net","en","","business","","SoftwareApplication+Breadcrumbs",598,"Low","Low","P2"
"https://freeaccuratecalculator.com/business/freelance/freelance-hourly-rate-to-make-100k-a-year/",200,true,false,"INDEX,FOLLOW","https://freeaccuratecalculator.com/business/freelance/freelance-hourly-rate-to-make-100k-a-year/",true,Yes,false,"Freelance Hourly Rate to Make $100k a Year (Net Take-Home Pay) | Free Accurate Calculator","Want to earn $100;000 net as a freelancer? Calculate your exact minimum hourly billing rate accounting for unbilled hours; self-employment taxes; and health insurance.","Freelance Rate Needed to Net $100k Annually","en","","business","","SoftwareApplication+Breadcrumbs",599,"Low","Low","P2"
"https://freeaccuratecalculator.com/business/freelance/freelance-web-developer-hourly-rate-india-to-net-1-lakh-per-month/",200,true,false,"INDEX,FOLLOW","https://freeaccuratecalculator.com/business/freelance/freelance-web-developer-hourly-rate-india-to-net-1-lakh-per-month/",true,Yes,false,"Freelance Hourly Rate in India: How to Net ₹1 Lakh/Month (Section 44ADA) | Free Accurate Calculator","Exact hourly rate formula for Indian freelance developers and designers to pocket ₹1;00;000/month net after Section 44ADA presumptive taxation and currency conversion fees.","Freelance Developer Rate for ₹1 Lakh Monthly Net (India)","en","","business","","SoftwareApplication+Breadcrumbs",604,"Low","Low","P2"
"https://freeaccuratecalculator.com/business/freelance/upwork-freelancer-hourly-rate-to-make-5000-a-month/",200,true,false,"INDEX,FOLLOW","https://freeaccuratecalculator.com/business/freelance/upwork-freelancer-hourly-rate-to-make-5000-a-month/",true,Yes,false,"Upwork Hourly Rate Calculator: How Much to Charge to Net $5;000/Month | Free Accurate Calculator","Calculate the exact Upwork hourly rate needed to take home $5;000 net monthly after Upwork","How Much to Charge on Upwork to Net $5;000/Month","en","","business","","SoftwareApplication+Breadcrumbs",603,"Low","Low","P2"
"https://freeaccuratecalculator.com/business/",200,true,false,"INDEX,FOLLOW","https://freeaccuratecalculator.com/business/",true,Yes,false,"Business Calculators — Fast; Accurate &amp; Free Online Tools | Free Accurate Calculator","Break-even volume analysis; ROI return formulas; profit margin optimization; and business valuation multiples.","Business Calculators. Fast; Accurate &amp; Clean.","en","","business","","WebPage+Breadcrumbs",638,"Low","Low","P2"
"https://freeaccuratecalculator.com/business/roi-calculator/",200,true,false,"INDEX,FOLLOW","https://freeaccuratecalculator.com/business/roi-calculator/",true,Yes,false,"Free ROI Calculator — Return on Investment &amp; Annualized CAGR | Free Accurate Calculator","Calculate percentage Return on Investment (ROI) and annualized investment yields across business initiatives and capital expenditures.","ROI Calculator","en","","business","roi-calculator","SoftwareApplication+Breadcrumbs",511,"Low","Low","P2"
"https://freeaccuratecalculator.com/chemistry/",200,true,false,"INDEX,FOLLOW","https://freeaccuratecalculator.com/chemistry/",true,Yes,false,"Chemistry Calculators — Fast; Accurate &amp; Free Online Tools | Free Accurate Calculator","Molecular molar mass; solution dilutions (C1V1 = C2V2); pH/pOH acid-base calculations; and theoretical yields.","Chemistry Calculators. Fast; Accurate &amp; Free.","en","","chemistry","","WebPage+Breadcrumbs",771,"Low","Low","P2"
"https://freeaccuratecalculator.com/chemistry/molar-mass-calculator/",200,true,false,"INDEX,FOLLOW","https://freeaccuratecalculator.com/chemistry/molar-mass-calculator/",true,Yes,false,"Free Molar Mass Calculator — Grams to Moles &amp; Molecular Weight | Free Accurate Calculator","Calculate molecular mass and convert between chemical mass in grams and molar quantity in moles using stoichiometric stoichiometry.","Molar Mass Calculator","en","","chemistry","molar-mass-calculator","SoftwareApplication+Breadcrumbs",502,"Low","Low","P2"
"https://freeaccuratecalculator.com/chemistry/ph-calculator/",200,true,false,"INDEX,FOLLOW","https://freeaccuratecalculator.com/chemistry/ph-calculator/",true,Yes,false,"Free pH Calculator — Hydrogen Ion Concentration [H⁺] &amp; pOH | Free Accurate Calculator","Calculate solution pH; pOH; hydronium concentration [H⁺]; and hydroxide concentration [OH⁻] across acids and bases.","pH &amp; pOH Calculator","en","","chemistry","ph-calculator","SoftwareApplication+Breadcrumbs",513,"Low","Low","P2"
"https://freeaccuratecalculator.com/chemistry/solution-dilution-calculator/",200,true,false,"INDEX,FOLLOW","https://freeaccuratecalculator.com/chemistry/solution-dilution-calculator/",true,Yes,false,"Free Solution Dilution Calculator — C₁V₁ = C₂V₂ Concentration Formula | Free Accurate Calculator","Calculate stock solution volume and solvent additions required to achieve a target working concentration.","Solution Dilution (C1V1)","en","","chemistry","solution-dilution-calculator","SoftwareApplication+Breadcrumbs",512,"Low","Low","P2"
"https://freeaccuratecalculator.com/chemistry/stoichiometry-calculator/",200,true,false,"INDEX,FOLLOW","https://freeaccuratecalculator.com/chemistry/stoichiometry-calculator/",true,Yes,false,"Free Stoichiometry Calculator — Theoretical Yield &amp; Percent Yield | Free Accurate Calculator","Calculate theoretical product yield and reaction percent efficiency based on molar stoichiometric ratios and actual isolated yield.","Stoichiometry Calculator","en","","chemistry","stoichiometry-calculator","SoftwareApplication+Breadcrumbs",494,"Low","Low","P2"
"https://freeaccuratecalculator.com/construction/brick-calculator/",200,true,false,"INDEX,FOLLOW","https://freeaccuratecalculator.com/construction/brick-calculator/",true,Yes,false,"Free Brick Calculator — Masonry Units &amp; Mortar Bags Estimator | Free Accurate Calculator","Estimate standard modular bricks and mortar bags required for masonry walls; garden borders; and structural veneers.","Brick &amp; Mortar Calculator","en","","construction","brick-calculator","SoftwareApplication+Breadcrumbs",530,"Low","Low","P2"
"https://freeaccuratecalculator.com/construction/concrete-calculator/",200,true,false,"INDEX,FOLLOW","https://freeaccuratecalculator.com/construction/concrete-calculator/",true,Yes,false,"Concrete Calculator — Cubic Yards; Slabs; Footings &amp; Bags | Free Accurate Calculator","Calculate concrete volume in cubic yards and cubic meters; and determine how many 60-lb or 80-lb pre-mixed bags you need.","Concrete Calculator","en","","construction","concrete-calculator","SoftwareApplication+Breadcrumbs",499,"Low","Low","P2"
"https://freeaccuratecalculator.com/construction/",200,true,false,"INDEX,FOLLOW","https://freeaccuratecalculator.com/construction/",true,Yes,false,"Construction Calculators — Fast; Accurate &amp; Free Online Tools | Free Accurate Calculator","Concrete slab yardage; square footage; paint coverage requirements; and brick masonry counts.","Construction Calculators. Fast; Accurate &amp; Free.","en","","construction","","WebPage+Breadcrumbs",803,"Low","Low","P2"
"https://freeaccuratecalculator.com/construction/paint-calculator/",200,true,false,"INDEX,FOLLOW","https://freeaccuratecalculator.com/construction/paint-calculator/",true,Yes,false,"Free Paint Calculator — Gallons Needed &amp; Wall Surface Coverage | Free Accurate Calculator","Calculate paint gallons required for interior rooms and exterior walls accounting for doors; windows; and multiple coat applications.","Paint Coverage Estimator","en","","construction","paint-calculator","SoftwareApplication+Breadcrumbs",534,"Low","Low","P2"
"https://freeaccuratecalculator.com/construction/square-footage-calculator/",200,true,false,"INDEX,FOLLOW","https://freeaccuratecalculator.com/construction/square-footage-calculator/",true,Yes,false,"Free Square Footage Calculator — Area &amp; Flooring Materials Estimator | Free Accurate Calculator","Calculate total square footage; square yardage; and material costs for rooms; houses; landscapes; and construction sites.","Square Footage Calculator","en","","construction","square-footage-calculator","SoftwareApplication+Breadcrumbs",514,"Low","Low","P2"
"https://freeaccuratecalculator.com/contact/",200,true,false,"INDEX,FOLLOW","https://freeaccuratecalculator.com/contact/",true,Yes,false,"Contact Us | Free Accurate Calculator","Contact the Free Accurate Calculator engineering and editorial team. Submit formula feedback; request new calculators; or report calculation discrepancies.","Contact the Engineering Team","en","","contact","","WebPage+Breadcrumbs",311,"Low","Low","P2"
"https://freeaccuratecalculator.com/converter/conversion-calculator/",200,true,false,"INDEX,FOLLOW","https://freeaccuratecalculator.com/converter/conversion-calculator/",true,Yes,false,"Unit Conversion Calculator — Length; Weight; Volume &amp; Temp | Free Accurate Calculator","Convert between metric and imperial units across length; mass; temperature; area; volume; and digital storage.","Conversion Calculator","en","","converter","conversion-calculator","SoftwareApplication+Breadcrumbs",516,"Low","Low","P2"
"https://freeaccuratecalculator.com/converter/",200,true,false,"INDEX,FOLLOW","https://freeaccuratecalculator.com/converter/",true,Yes,false,"Converter Calculators — Fast; Accurate &amp; Free Online Tools | Free Accurate Calculator","Precision metric and imperial conversions for length; mass; temperature; volume; and data units with exact factors.","Converter Calculators. Fast; Accurate &amp; Free.","en","","converter","","WebPage+Breadcrumbs",764,"Low","Low","P2"
"https://freeaccuratecalculator.com/converter/length-converter/",200,true,false,"INDEX,FOLLOW","https://freeaccuratecalculator.com/converter/length-converter/",true,Yes,false,"Free Length Converter — Meters; Kilometers; Miles; Feet &amp; Inches | Free Accurate Calculator","Convert distance and length units seamlessly between Metric (m; km; cm) and Imperial (miles; feet; yards; inches) systems.","Length &amp; Distance Converter","en","","converter","length-converter","SoftwareApplication+Breadcrumbs",547,"Low","Low","P2"
"https://freeaccuratecalculator.com/converter/temperature-converter/",200,true,false,"INDEX,FOLLOW","https://freeaccuratecalculator.com/converter/temperature-converter/",true,Yes,false,"Free Temperature Converter — Celsius; Fahrenheit &amp; Kelvin Scales | Free Accurate Calculator","Convert thermal temperatures instantly between Celsius (°C); Fahrenheit (°F); and absolute thermodynamic Kelvin (K) scales.","Temperature Converter","en","","converter","temperature-converter","SoftwareApplication+Breadcrumbs",518,"Low","Low","P2"
"https://freeaccuratecalculator.com/converter/weight-converter/",200,true,false,"INDEX,FOLLOW","https://freeaccuratecalculator.com/converter/weight-converter/",true,Yes,false,"Free Weight Converter — Kilograms; Grams; Pounds; Ounces &amp; Stone | Free Accurate Calculator","Convert mass units between Metric (kg; g; metric ton) and Imperial (pounds; ounces; stone) standards with exact decimal precision.","Weight &amp; Mass Converter","en","","converter","weight-converter","SoftwareApplication+Breadcrumbs",533,"Low","Low","P2"
"https://freeaccuratecalculator.com/countries/australia/automotive/",200,true,false,"INDEX,FOLLOW","https://freeaccuratecalculator.com/countries/australia/automotive/",true,Yes,false,"Australia Automotive Calculators — Free Online Tools (A$) | Free Accurate Calculator","Accurate Australia automotive calculators customized with AUD (A$) currency; statutory formulas; and instant edge calculation. 100% free and private.","Australia Automotive Calculators. Fast; Accurate &amp; Clean.","en","australia","country-hub","","WebPage+Breadcrumbs",636,"Low","Low","P2"
"https://freeaccuratecalculator.com/countries/australia/biology/",200,true,false,"INDEX,FOLLOW","https://freeaccuratecalculator.com/countries/australia/biology/",true,Yes,false,"Australia Biology Calculators — Free Online Tools (A$) | Free Accurate Calculator","Accurate Australia biology calculators customized with AUD (A$) currency; statutory formulas; and instant edge calculation. 100% free and private.","Australia Biology Calculators. Fast; Accurate &amp; Free.","en","australia","country-hub","","WebPage+Breadcrumbs",628,"Low","Low","P2"
"https://freeaccuratecalculator.com/countries/australia/business/",200,true,false,"INDEX,FOLLOW","https://freeaccuratecalculator.com/countries/australia/business/",true,Yes,false,"Australia Business Calculators — Free Online Tools (A$) | Free Accurate Calculator","Accurate Australia business calculators customized with AUD (A$) currency; statutory formulas; and instant edge calculation. 100% free and private.","Australia Business Calculators. Fast; Accurate &amp; Clean.","en","australia","country-hub","","WebPage+Breadcrumbs",631,"Low","Low","P2"
"https://freeaccuratecalculator.com/countries/australia/chemistry/",200,true,false,"INDEX,FOLLOW","https://freeaccuratecalculator.com/countries/australia/chemistry/",true,Yes,false,"Australia Chemistry Calculators — Free Online Tools (A$) | Free Accurate Calculator","Accurate Australia chemistry calculators customized with AUD (A$) currency; statutory formulas; and instant edge calculation. 100% free and private.","Australia Chemistry Calculators. Fast; Accurate &amp; Free.","en","australia","country-hub","","WebPage+Breadcrumbs",637,"Low","Moderate (Intent Segmented)","P2"
"https://freeaccuratecalculator.com/countries/australia/compound-interest-calculator/",200,true,false,"INDEX,FOLLOW","https://freeaccuratecalculator.com/countries/australia/compound-interest-calculator/",true,Yes,false,"Australia Compound Interest Calculator (A$) — Free Online Calculator | Free Accurate Calculator","Accurate Australia Compound Interest Calculator with AUD (A$) formatting and standard numerical precision. Free; instant client-side calculation.","Australia Compound Interest Calculator","en","australia","country-hub","compound-interest-calculator","SoftwareApplication+Breadcrumbs",810,"Low-Moderate (Localized Params)","Low","P2"
"https://freeaccuratecalculator.com/countries/australia/construction/",200,true,false,"INDEX,FOLLOW","https://freeaccuratecalculator.com/countries/australia/construction/",true,Yes,false,"Australia Construction Calculators — Free Online Tools (A$) | Free Accurate Calculator","Accurate Australia construction calculators customized with AUD (A$) currency; statutory formulas; and instant edge calculation. 100% free and private.","Australia Construction Calculators. Fast; Accurate &amp; Free.","en","australia","country-hub","","WebPage+Breadcrumbs",639,"Low","Low","P2"
"https://freeaccuratecalculator.com/countries/australia/converter/",200,true,false,"INDEX,FOLLOW","https://freeaccuratecalculator.com/countries/australia/converter/",true,Yes,false,"Australia Converter Calculators — Free Online Tools (A$) | Free Accurate Calculator","Accurate Australia converter calculators customized with AUD (A$) currency; statutory formulas; and instant edge calculation. 100% free and private.","Australia Converter Calculators. Fast; Accurate &amp; Free.","en","australia","country-hub","","WebPage+Breadcrumbs",634,"Low","Low","P2"
"https://freeaccuratecalculator.com/countries/australia/ecology/",200,true,false,"INDEX,FOLLOW","https://freeaccuratecalculator.com/countries/australia/ecology/",true,Yes,false,"Australia Ecology Calculators — Free Online Tools (A$) | Free Accurate Calculator","Accurate Australia ecology calculators customized with AUD (A$) currency; statutory formulas; and instant edge calculation. 100% free and private.","Australia Ecology Calculators. Fast; Accurate &amp; Free.","en","australia","country-hub","","WebPage+Breadcrumbs",643,"Low","Low","P2"
"https://freeaccuratecalculator.com/countries/australia/emi-calculator/",200,true,false,"INDEX,FOLLOW","https://freeaccuratecalculator.com/countries/australia/emi-calculator/",true,Yes,false,"Australia Loan Calculator (A$) — Free Online Calculator | Free Accurate Calculator","Accurate Australia Loan Calculator with AUD (A$) formatting and standard numerical precision. Free; instant client-side calculation.","Australia Loan Calculator","en","australia","country-hub","emi-calculator","SoftwareApplication+Breadcrumbs",736,"Low-Moderate (Localized Params)","Moderate (Intent Segmented)","P2"
"https://freeaccuratecalculator.com/countries/australia/everyday/",200,true,false,"INDEX,FOLLOW","https://freeaccuratecalculator.com/countries/australia/everyday/",true,Yes,false,"Australia Everyday Calculators — Free Online Tools (A$) | Free Accurate Calculator","Accurate Australia everyday calculators customized with AUD (A$) currency; statutory formulas; and instant edge calculation. 100% free and private.","Australia Everyday Calculators. Fast; Accurate &amp; Clean.","en","australia","country-hub","","WebPage+Breadcrumbs",656,"Low","Low","P2"
"https://freeaccuratecalculator.com/countries/australia/finance/compound-interest-calculator/",200,true,false,"INDEX,FOLLOW","https://freeaccuratecalculator.com/countries/australia/finance/compound-interest-calculator/",true,Yes,false,"Australia Compound Interest Calculator (A$) — Free Online Calculator | Free Accurate Calculator","Accurate Australia Compound Interest Calculator with AUD (A$) formatting and standard numerical precision. Free; instant client-side calculation.","Australia Compound Interest Calculator","en","australia","finance","compound-interest-calculator","SoftwareApplication+Breadcrumbs",810,"Low-Moderate (Localized Params)","Low","P2"
"https://freeaccuratecalculator.com/countries/australia/finance/emi-calculator/",200,true,false,"INDEX,FOLLOW","https://freeaccuratecalculator.com/countries/australia/finance/emi-calculator/",true,Yes,false,"Australia Loan Calculator (A$) — Free Online Calculator | Free Accurate Calculator","Accurate Australia Loan Calculator with AUD (A$) formatting and standard numerical precision. Free; instant client-side calculation.","Australia Loan Calculator","en","australia","finance","emi-calculator","SoftwareApplication+Breadcrumbs",736,"Low-Moderate (Localized Params)","Moderate (Intent Segmented)","P2"
"https://freeaccuratecalculator.com/countries/australia/finance/income-tax-calculator/",200,true,false,"INDEX,FOLLOW","https://freeaccuratecalculator.com/countries/australia/finance/income-tax-calculator/",true,Yes,false,"Australia Salary Calculator (A$) — Free Online Calculator | Free Accurate Calculator","Accurate Australia Salary Calculator with AUD (A$) formatting and standard numerical precision. Free; instant client-side calculation.","Australia Salary Calculator","en","australia","finance","income-tax-calculator","SoftwareApplication+Breadcrumbs",701,"Low-Moderate (Localized Params)","Low","P2"
"https://freeaccuratecalculator.com/countries/australia/finance/",200,true,false,"INDEX,FOLLOW","https://freeaccuratecalculator.com/countries/australia/finance/",true,Yes,false,"Australia Finance Calculators — Free Online Tools (A$) | Free Accurate Calculator","Accurate Australia finance calculators customized with AUD (A$) currency; statutory formulas; and instant edge calculation. 100% free and private.","Australia Finance Calculators. Fast; Accurate &amp; Clean.","en","australia","country-hub","","WebPage+Breadcrumbs",832,"Low","Low","P2"
"https://freeaccuratecalculator.com/countries/australia/finance/loan-calculator/",200,true,false,"INDEX,FOLLOW","https://freeaccuratecalculator.com/countries/australia/finance/loan-calculator/",true,Yes,false,"Australia Loan Calculator (A$) — Free Online Calculator | Free Accurate Calculator","Accurate Australia Loan Calculator with AUD (A$) formatting and standard numerical precision. Free; instant client-side calculation.","Australia Loan Calculator","en","australia","finance","loan-calculator","SoftwareApplication+Breadcrumbs",736,"Low-Moderate (Localized Params)","Low","P2"
"https://freeaccuratecalculator.com/countries/australia/finance/mortgage-calculator/",200,true,false,"INDEX,FOLLOW","https://freeaccuratecalculator.com/countries/australia/finance/mortgage-calculator/",true,Yes,false,"Australia Mortgage Calculator (A$) — Free Online Calculator | Free Accurate Calculator","Accurate Australia Mortgage Calculator with AUD (A$) formatting and standard numerical precision. Free; instant client-side calculation.","Australia Mortgage Calculator","en","australia","finance","mortgage-calculator","SoftwareApplication+Breadcrumbs",840,"Low-Moderate (Localized Params)","Low","P2"
"https://freeaccuratecalculator.com/countries/australia/finance/salary-calculator/",200,true,false,"INDEX,FOLLOW","https://freeaccuratecalculator.com/countries/australia/finance/salary-calculator/",true,Yes,false,"Australia Salary Calculator (A$) — Free Online Calculator | Free Accurate Calculator","Accurate Australia Salary Calculator with AUD (A$) formatting and standard numerical precision. Free; instant client-side calculation.","Australia Salary Calculator","en","australia","finance","salary-calculator","SoftwareApplication+Breadcrumbs",701,"Low-Moderate (Localized Params)","Low","P2"
"https://freeaccuratecalculator.com/countries/australia/food/",200,true,false,"INDEX,FOLLOW","https://freeaccuratecalculator.com/countries/australia/food/",true,Yes,false,"Australia Food Calculators — Free Online Tools (A$) | Free Accurate Calculator","Accurate Australia food calculators customized with AUD (A$) currency; statutory formulas; and instant edge calculation. 100% free and private.","Australia Food Calculators. Fast; Accurate &amp; Free.","en","australia","country-hub","","WebPage+Breadcrumbs",647,"Low","Low","P2"
"https://freeaccuratecalculator.com/countries/australia/health/",200,true,false,"INDEX,FOLLOW","https://freeaccuratecalculator.com/countries/australia/health/",true,Yes,false,"Australia Health Calculators — Free Online Tools (A$) | Free Accurate Calculator","Accurate Australia health calculators customized with AUD (A$) currency; statutory formulas; and instant edge calculation. 100% free and private.","Australia Health Calculators. Fast; Accurate &amp; Private.","en","australia","country-hub","","WebPage+Breadcrumbs",660,"Low","Low","P2"
"https://freeaccuratecalculator.com/countries/australia/income-tax-calculator/",200,true,false,"INDEX,FOLLOW","https://freeaccuratecalculator.com/countries/australia/income-tax-calculator/",true,Yes,false,"Australia Salary Calculator (A$) — Free Online Calculator | Free Accurate Calculator","Accurate Australia Salary Calculator with AUD (A$) formatting and standard numerical precision. Free; instant client-side calculation.","Australia Salary Calculator","en","australia","country-hub","income-tax-calculator","SoftwareApplication+Breadcrumbs",701,"Low-Moderate (Localized Params)","Low","P2"
"https://freeaccuratecalculator.com/countries/australia/",200,true,false,"INDEX,FOLLOW","https://freeaccuratecalculator.com/countries/australia/",true,Yes,false,"Australia Calculators — Free Online Finance; Tax &amp; Utility Tools (A$) | Free Accurate Calculator","Mathematically verified online calculators for Australia. Customized with AUD (A$) currency; standard grouping; and statutory financial rules.","Australia Calculators. Fast; Accurate &amp; Clean.","en","australia","countries","","WebPage+Breadcrumbs",611,"Low","Low","P2"
"https://freeaccuratecalculator.com/countries/australia/insurance/",200,true,false,"INDEX,FOLLOW","https://freeaccuratecalculator.com/countries/australia/insurance/",true,Yes,false,"Australia Insurance Calculators — Free Online Tools (A$) | Free Accurate Calculator","Accurate Australia insurance calculators customized with AUD (A$) currency; statutory formulas; and instant edge calculation. 100% free and private.","Australia Insurance Calculators. Fast; Accurate &amp; Clean.","en","australia","country-hub","","WebPage+Breadcrumbs",708,"Low","Low","P2"
"https://freeaccuratecalculator.com/countries/australia/legal/",200,true,false,"INDEX,FOLLOW","https://freeaccuratecalculator.com/countries/australia/legal/",true,Yes,false,"Australia Legal Calculators — Free Online Tools (A$) | Free Accurate Calculator","Accurate Australia legal calculators customized with AUD (A$) currency; statutory formulas; and instant edge calculation. 100% free and private.","Australia Legal Calculators. Fast; Accurate &amp; Private.","en","australia","country-hub","","WebPage+Breadcrumbs",643,"Low","Low","P2"
"https://freeaccuratecalculator.com/countries/australia/loan-calculator/",200,true,false,"INDEX,FOLLOW","https://freeaccuratecalculator.com/countries/australia/loan-calculator/",true,Yes,false,"Australia Loan Calculator (A$) — Free Online Calculator | Free Accurate Calculator","Accurate Australia Loan Calculator with AUD (A$) formatting and standard numerical precision. Free; instant client-side calculation.","Australia Loan Calculator","en","australia","country-hub","loan-calculator","SoftwareApplication+Breadcrumbs",736,"Low-Moderate (Localized Params)","Low","P2"
"https://freeaccuratecalculator.com/countries/australia/love/",200,true,false,"INDEX,FOLLOW","https://freeaccuratecalculator.com/countries/australia/love/",true,Yes,false,"Australia Love Calculators — Free Online Tools (A$) | Free Accurate Calculator","Accurate Australia love calculators customized with AUD (A$) currency; statutory formulas; and instant edge calculation. 100% free and private.","Australia Love Calculators. Compatibility &amp; Connection.","en","australia","country-hub","","WebPage+Breadcrumbs",640,"Low","Low","P2"
"https://freeaccuratecalculator.com/countries/australia/marketing/",200,true,false,"INDEX,FOLLOW","https://freeaccuratecalculator.com/countries/australia/marketing/",true,Yes,false,"Australia Marketing Calculators — Free Online Tools (A$) | Free Accurate Calculator","Accurate Australia marketing calculators customized with AUD (A$) currency; statutory formulas; and instant edge calculation. 100% free and private.","Australia Marketing Calculators. Fast; Accurate &amp; Clean.","en","australia","country-hub","","WebPage+Breadcrumbs",633,"Low","Low","P2"
"https://freeaccuratecalculator.com/countries/australia/math/",200,true,false,"INDEX,FOLLOW","https://freeaccuratecalculator.com/countries/australia/math/",true,Yes,false,"Australia Math Calculators — Free Online Tools (A$) | Free Accurate Calculator","Accurate Australia math calculators customized with AUD (A$) currency; statutory formulas; and instant edge calculation. 100% free and private.","Australia Math Calculators. Fast; Accurate &amp; Free.","en","australia","country-hub","","WebPage+Breadcrumbs",622,"Low","Low","P2"
"https://freeaccuratecalculator.com/countries/australia/mortgage-calculator/",200,true,false,"INDEX,FOLLOW","https://freeaccuratecalculator.com/countries/australia/mortgage-calculator/",true,Yes,false,"Australia Mortgage Calculator (A$) — Free Online Calculator | Free Accurate Calculator","Accurate Australia Mortgage Calculator with AUD (A$) formatting and standard numerical precision. Free; instant client-side calculation.","Australia Mortgage Calculator","en","australia","country-hub","mortgage-calculator","SoftwareApplication+Breadcrumbs",840,"Low-Moderate (Localized Params)","Low","P2"
"https://freeaccuratecalculator.com/countries/australia/physics/",200,true,false,"INDEX,FOLLOW","https://freeaccuratecalculator.com/countries/australia/physics/",true,Yes,false,"Australia Physics Calculators — Free Online Tools (A$) | Free Accurate Calculator","Accurate Australia physics calculators customized with AUD (A$) currency; statutory formulas; and instant edge calculation. 100% free and private.","Australia Physics Calculators. Fast; Accurate &amp; Clean.","en","australia","country-hub","","WebPage+Breadcrumbs",633,"Low","Low","P2"
"https://freeaccuratecalculator.com/countries/australia/real-estate/",200,true,false,"INDEX,FOLLOW","https://freeaccuratecalculator.com/countries/australia/real-estate/",true,Yes,false,"Australia Real Estate Calculators — Free Online Tools (A$) | Free Accurate Calculator","Accurate Australia real estate calculators customized with AUD (A$) currency; statutory formulas; and instant edge calculation. 100% free and private.","Australia Real Estate Calculators. Fast; Accurate &amp; Clean.","en","australia","country-hub","","WebPage+Breadcrumbs",649,"Low","Low","P2"
"https://freeaccuratecalculator.com/countries/australia/salary-calculator/",200,true,false,"INDEX,FOLLOW","https://freeaccuratecalculator.com/countries/australia/salary-calculator/",true,Yes,false,"Australia Salary Calculator (A$) — Free Online Calculator | Free Accurate Calculator","Accurate Australia Salary Calculator with AUD (A$) formatting and standard numerical precision. Free; instant client-side calculation.","Australia Salary Calculator","en","australia","country-hub","salary-calculator","SoftwareApplication+Breadcrumbs",701,"Low-Moderate (Localized Params)","Low","P2"
"https://freeaccuratecalculator.com/countries/australia/sports/",200,true,false,"INDEX,FOLLOW","https://freeaccuratecalculator.com/countries/australia/sports/",true,Yes,false,"Australia Sports Calculators — Free Online Tools (A$) | Free Accurate Calculator","Accurate Australia sports calculators customized with AUD (A$) currency; statutory formulas; and instant edge calculation. 100% free and private.","Australia Sports Calculators. Fast; Accurate &amp; Clean.","en","australia","country-hub","","WebPage+Breadcrumbs",647,"Low","Low","P2"
"https://freeaccuratecalculator.com/countries/australia/statistics/",200,true,false,"INDEX,FOLLOW","https://freeaccuratecalculator.com/countries/australia/statistics/",true,Yes,false,"Australia Statistics Calculators — Free Online Tools (A$) | Free Accurate Calculator","Accurate Australia statistics calculators customized with AUD (A$) currency; statutory formulas; and instant edge calculation. 100% free and private.","Australia Statistics Calculators. Fast; Accurate &amp; Free.","en","australia","country-hub","","WebPage+Breadcrumbs",635,"Low","Low","P2"
"https://freeaccuratecalculator.com/countries/australia/technology/",200,true,false,"INDEX,FOLLOW","https://freeaccuratecalculator.com/countries/australia/technology/",true,Yes,false,"Australia Technology Calculators — Free Online Tools (A$) | Free Accurate Calculator","Accurate Australia technology calculators customized with AUD (A$) currency; statutory formulas; and instant edge calculation. 100% free and private.","Australia Technology Calculators. Fast; Accurate &amp; Free.","en","australia","country-hub","","WebPage+Breadcrumbs",630,"Low","Low","P2"
"https://freeaccuratecalculator.com/countries/canada/401k-calculator/",200,true,false,"INDEX,FOLLOW","https://freeaccuratecalculator.com/countries/canada/401k-calculator/",true,Yes,false,"Canada 401(k) Calculator (C$) — Free Online Calculator | Free Accurate Calculator","Accurate Canada 401(k) Calculator with CAD (C$) formatting and standard numerical precision. Free; instant client-side calculation.","Canada 401(k) Calculator","en","canada","country-hub","401k-calculator","SoftwareApplication+Breadcrumbs",798,"Low-Moderate (Localized Params)","Low","P2"
"https://freeaccuratecalculator.com/countries/canada/auto-loan-calculator/",200,true,false,"INDEX,FOLLOW","https://freeaccuratecalculator.com/countries/canada/auto-loan-calculator/",true,Yes,false,"Canada Auto Loan Calculator (C$) — Free Online Calculator | Free Accurate Calculator","Accurate Canada Auto Loan Calculator with CAD (C$) formatting and standard numerical precision. Free; instant client-side calculation.","Canada Auto Loan Calculator","en","canada","country-hub","auto-loan-calculator","SoftwareApplication+Breadcrumbs",753,"Low-Moderate (Localized Params)","Low","P2"
"https://freeaccuratecalculator.com/countries/canada/automotive/",200,true,false,"INDEX,FOLLOW","https://freeaccuratecalculator.com/countries/canada/automotive/",true,Yes,false,"Canada Automotive Calculators — Free Online Tools (C$) | Free Accurate Calculator","Accurate Canada automotive calculators customized with CAD (C$) currency; statutory formulas; and instant edge calculation. 100% free and private.","Canada Automotive Calculators. Fast; Accurate &amp; Clean.","en","canada","country-hub","","WebPage+Breadcrumbs",632,"Low","Low","P2"
"https://freeaccuratecalculator.com/countries/canada/biology/",200,true,false,"INDEX,FOLLOW","https://freeaccuratecalculator.com/countries/canada/biology/",true,Yes,false,"Canada Biology Calculators — Free Online Tools (C$) | Free Accurate Calculator","Accurate Canada biology calculators customized with CAD (C$) currency; statutory formulas; and instant edge calculation. 100% free and private.","Canada Biology Calculators. Fast; Accurate &amp; Free.","en","canada","country-hub","","WebPage+Breadcrumbs",624,"Low","Low","P2"
"https://freeaccuratecalculator.com/countries/canada/business/",200,true,false,"INDEX,FOLLOW","https://freeaccuratecalculator.com/countries/canada/business/",true,Yes,false,"Canada Business Calculators — Free Online Tools (C$) | Free Accurate Calculator","Accurate Canada business calculators customized with CAD (C$) currency; statutory formulas; and instant edge calculation. 100% free and private.","Canada Business Calculators. Fast; Accurate &amp; Clean.","en","canada","country-hub","","WebPage+Breadcrumbs",627,"Low","Low","P2"
"https://freeaccuratecalculator.com/countries/canada/chemistry/",200,true,false,"INDEX,FOLLOW","https://freeaccuratecalculator.com/countries/canada/chemistry/",true,Yes,false,"Canada Chemistry Calculators — Free Online Tools (C$) | Free Accurate Calculator","Accurate Canada chemistry calculators customized with CAD (C$) currency; statutory formulas; and instant edge calculation. 100% free and private.","Canada Chemistry Calculators. Fast; Accurate &amp; Free.","en","canada","country-hub","","WebPage+Breadcrumbs",633,"Low","Moderate (Intent Segmented)","P2"
"https://freeaccuratecalculator.com/countries/canada/compound-interest-calculator/",200,true,false,"INDEX,FOLLOW","https://freeaccuratecalculator.com/countries/canada/compound-interest-calculator/",true,Yes,false,"Canada Compound Interest Calculator (C$) — Free Online Calculator | Free Accurate Calculator","Accurate Canada Compound Interest Calculator with CAD (C$) formatting and standard numerical precision. Free; instant client-side calculation.","Canada Compound Interest Calculator","en","canada","country-hub","compound-interest-calculator","SoftwareApplication+Breadcrumbs",815,"Low-Moderate (Localized Params)","Low","P2"
"https://freeaccuratecalculator.com/countries/canada/construction/",200,true,false,"INDEX,FOLLOW","https://freeaccuratecalculator.com/countries/canada/construction/",true,Yes,false,"Canada Construction Calculators — Free Online Tools (C$) | Free Accurate Calculator","Accurate Canada construction calculators customized with CAD (C$) currency; statutory formulas; and instant edge calculation. 100% free and private.","Canada Construction Calculators. Fast; Accurate &amp; Free.","en","canada","country-hub","","WebPage+Breadcrumbs",635,"Low","Low","P2"
"https://freeaccuratecalculator.com/countries/canada/converter/",200,true,false,"INDEX,FOLLOW","https://freeaccuratecalculator.com/countries/canada/converter/",true,Yes,false,"Canada Converter Calculators — Free Online Tools (C$) | Free Accurate Calculator","Accurate Canada converter calculators customized with CAD (C$) currency; statutory formulas; and instant edge calculation. 100% free and private.","Canada Converter Calculators. Fast; Accurate &amp; Free.","en","canada","country-hub","","WebPage+Breadcrumbs",630,"Low","Low","P2"
"https://freeaccuratecalculator.com/countries/canada/ecology/",200,true,false,"INDEX,FOLLOW","https://freeaccuratecalculator.com/countries/canada/ecology/",true,Yes,false,"Canada Ecology Calculators — Free Online Tools (C$) | Free Accurate Calculator","Accurate Canada ecology calculators customized with CAD (C$) currency; statutory formulas; and instant edge calculation. 100% free and private.","Canada Ecology Calculators. Fast; Accurate &amp; Free.","en","canada","country-hub","","WebPage+Breadcrumbs",639,"Low","Low","P2"
"https://freeaccuratecalculator.com/countries/canada/everyday/",200,true,false,"INDEX,FOLLOW","https://freeaccuratecalculator.com/countries/canada/everyday/",true,Yes,false,"Canada Everyday Calculators — Free Online Tools (C$) | Free Accurate Calculator","Accurate Canada everyday calculators customized with CAD (C$) currency; statutory formulas; and instant edge calculation. 100% free and private.","Canada Everyday Calculators. Fast; Accurate &amp; Clean.","en","canada","country-hub","","WebPage+Breadcrumbs",652,"Low","Low","P2"
"https://freeaccuratecalculator.com/countries/canada/finance/401k-calculator/",200,true,false,"INDEX,FOLLOW","https://freeaccuratecalculator.com/countries/canada/finance/401k-calculator/",true,Yes,false,"Canada 401(k) Calculator (C$) — Free Online Calculator | Free Accurate Calculator","Accurate Canada 401(k) Calculator with CAD (C$) formatting and standard numerical precision. Free; instant client-side calculation.","Canada 401(k) Calculator","en","canada","finance","401k-calculator","SoftwareApplication+Breadcrumbs",798,"Low-Moderate (Localized Params)","Low","P2"
"https://freeaccuratecalculator.com/countries/canada/finance/auto-loan-calculator/",200,true,false,"INDEX,FOLLOW","https://freeaccuratecalculator.com/countries/canada/finance/auto-loan-calculator/",true,Yes,false,"Canada Auto Loan Calculator (C$) — Free Online Calculator | Free Accurate Calculator","Accurate Canada Auto Loan Calculator with CAD (C$) formatting and standard numerical precision. Free; instant client-side calculation.","Canada Auto Loan Calculator","en","canada","finance","auto-loan-calculator","SoftwareApplication+Breadcrumbs",753,"Low-Moderate (Localized Params)","Low","P2"
"https://freeaccuratecalculator.com/countries/canada/finance/compound-interest-calculator/",200,true,false,"INDEX,FOLLOW","https://freeaccuratecalculator.com/countries/canada/finance/compound-interest-calculator/",true,Yes,false,"Canada Compound Interest Calculator (C$) — Free Online Calculator | Free Accurate Calculator","Accurate Canada Compound Interest Calculator with CAD (C$) formatting and standard numerical precision. Free; instant client-side calculation.","Canada Compound Interest Calculator","en","canada","finance","compound-interest-calculator","SoftwareApplication+Breadcrumbs",815,"Low-Moderate (Localized Params)","Low","P2"
"https://freeaccuratecalculator.com/countries/canada/finance/income-tax-calculator/",200,true,false,"INDEX,FOLLOW","https://freeaccuratecalculator.com/countries/canada/finance/income-tax-calculator/",true,Yes,false,"Canada Salary Calculator (C$) — Free Online Calculator | Free Accurate Calculator","Accurate Canada Salary Calculator with CAD (C$) formatting and standard numerical precision. Free; instant client-side calculation.","Canada Salary Calculator","en","canada","finance","income-tax-calculator","SoftwareApplication+Breadcrumbs",706,"Low-Moderate (Localized Params)","Low","P2"
"https://freeaccuratecalculator.com/countries/canada/finance/",200,true,false,"INDEX,FOLLOW","https://freeaccuratecalculator.com/countries/canada/finance/",true,Yes,false,"Canada Finance Calculators — Free Online Tools (C$) | Free Accurate Calculator","Accurate Canada finance calculators customized with CAD (C$) currency; statutory formulas; and instant edge calculation. 100% free and private.","Canada Finance Calculators. Fast; Accurate &amp; Clean.","en","canada","country-hub","","WebPage+Breadcrumbs",828,"Low","Low","P2"
"https://freeaccuratecalculator.com/countries/canada/finance/mortgage-calculator/",200,true,false,"INDEX,FOLLOW","https://freeaccuratecalculator.com/countries/canada/finance/mortgage-calculator/",true,Yes,false,"Canada Mortgage Calculator (C$) — Free Online Calculator | Free Accurate Calculator","Accurate Canada Mortgage Calculator with CAD (C$) formatting and standard numerical precision. Free; instant client-side calculation.","Canada Mortgage Calculator","en","canada","finance","mortgage-calculator","SoftwareApplication+Breadcrumbs",845,"Low-Moderate (Localized Params)","Low","P2"
"https://freeaccuratecalculator.com/countries/canada/finance/roth-ira-calculator/",200,true,false,"INDEX,FOLLOW","https://freeaccuratecalculator.com/countries/canada/finance/roth-ira-calculator/",true,Yes,false,"Canada Roth IRA Calculator (C$) — Free Online Calculator | Free Accurate Calculator","Accurate Canada Roth IRA Calculator with CAD (C$) formatting and standard numerical precision. Free; instant client-side calculation.","Canada Roth IRA Calculator","en","canada","finance","roth-ira-calculator","SoftwareApplication+Breadcrumbs",787,"Low-Moderate (Localized Params)","Low","P2"
"https://freeaccuratecalculator.com/countries/canada/finance/salary-calculator/",200,true,false,"INDEX,FOLLOW","https://freeaccuratecalculator.com/countries/canada/finance/salary-calculator/",true,Yes,false,"Canada Salary Calculator (C$) — Free Online Calculator | Free Accurate Calculator","Accurate Canada Salary Calculator with CAD (C$) formatting and standard numerical precision. Free; instant client-side calculation.","Canada Salary Calculator","en","canada","finance","salary-calculator","SoftwareApplication+Breadcrumbs",706,"Low-Moderate (Localized Params)","Low","P2"
"https://freeaccuratecalculator.com/countries/canada/food/",200,true,false,"INDEX,FOLLOW","https://freeaccuratecalculator.com/countries/canada/food/",true,Yes,false,"Canada Food Calculators — Free Online Tools (C$) | Free Accurate Calculator","Accurate Canada food calculators customized with CAD (C$) currency; statutory formulas; and instant edge calculation. 100% free and private.","Canada Food Calculators. Fast; Accurate &amp; Free.","en","canada","country-hub","","WebPage+Breadcrumbs",643,"Low","Low","P2"
"https://freeaccuratecalculator.com/countries/canada/health/",200,true,false,"INDEX,FOLLOW","https://freeaccuratecalculator.com/countries/canada/health/",true,Yes,false,"Canada Health Calculators — Free Online Tools (C$) | Free Accurate Calculator","Accurate Canada health calculators customized with CAD (C$) currency; statutory formulas; and instant edge calculation. 100% free and private.","Canada Health Calculators. Fast; Accurate &amp; Private.","en","canada","country-hub","","WebPage+Breadcrumbs",656,"Low","Low","P2"
"https://freeaccuratecalculator.com/countries/canada/income-tax-calculator/",200,true,false,"INDEX,FOLLOW","https://freeaccuratecalculator.com/countries/canada/income-tax-calculator/",true,Yes,false,"Canada Salary Calculator (C$) — Free Online Calculator | Free Accurate Calculator","Accurate Canada Salary Calculator with CAD (C$) formatting and standard numerical precision. Free; instant client-side calculation.","Canada Salary Calculator","en","canada","country-hub","income-tax-calculator","SoftwareApplication+Breadcrumbs",706,"Low-Moderate (Localized Params)","Low","P2"
"https://freeaccuratecalculator.com/countries/canada/",200,true,false,"INDEX,FOLLOW","https://freeaccuratecalculator.com/countries/canada/",true,Yes,false,"Canada Calculators — Free Online Finance; Tax &amp; Utility Tools (C$) | Free Accurate Calculator","Mathematically verified online calculators for Canada. Customized with CAD (C$) currency; standard grouping; and statutory financial rules.","Canada Calculators. Fast; Accurate &amp; Clean.","en","canada","countries","","WebPage+Breadcrumbs",607,"Low","Low","P2"
"https://freeaccuratecalculator.com/countries/canada/insurance/",200,true,false,"INDEX,FOLLOW","https://freeaccuratecalculator.com/countries/canada/insurance/",true,Yes,false,"Canada Insurance Calculators — Free Online Tools (C$) | Free Accurate Calculator","Accurate Canada insurance calculators customized with CAD (C$) currency; statutory formulas; and instant edge calculation. 100% free and private.","Canada Insurance Calculators. Fast; Accurate &amp; Clean.","en","canada","country-hub","","WebPage+Breadcrumbs",704,"Low","Low","P2"
"https://freeaccuratecalculator.com/countries/canada/legal/",200,true,false,"INDEX,FOLLOW","https://freeaccuratecalculator.com/countries/canada/legal/",true,Yes,false,"Canada Legal Calculators — Free Online Tools (C$) | Free Accurate Calculator","Accurate Canada legal calculators customized with CAD (C$) currency; statutory formulas; and instant edge calculation. 100% free and private.","Canada Legal Calculators. Fast; Accurate &amp; Private.","en","canada","country-hub","","WebPage+Breadcrumbs",639,"Low","Low","P2"
"https://freeaccuratecalculator.com/countries/canada/love/",200,true,false,"INDEX,FOLLOW","https://freeaccuratecalculator.com/countries/canada/love/",true,Yes,false,"Canada Love Calculators — Free Online Tools (C$) | Free Accurate Calculator","Accurate Canada love calculators customized with CAD (C$) currency; statutory formulas; and instant edge calculation. 100% free and private.","Canada Love Calculators. Compatibility &amp; Connection.","en","canada","country-hub","","WebPage+Breadcrumbs",636,"Low","Low","P2"
"https://freeaccuratecalculator.com/countries/canada/marketing/",200,true,false,"INDEX,FOLLOW","https://freeaccuratecalculator.com/countries/canada/marketing/",true,Yes,false,"Canada Marketing Calculators — Free Online Tools (C$) | Free Accurate Calculator","Accurate Canada marketing calculators customized with CAD (C$) currency; statutory formulas; and instant edge calculation. 100% free and private.","Canada Marketing Calculators. Fast; Accurate &amp; Clean.","en","canada","country-hub","","WebPage+Breadcrumbs",629,"Low","Low","P2"
"https://freeaccuratecalculator.com/countries/canada/math/",200,true,false,"INDEX,FOLLOW","https://freeaccuratecalculator.com/countries/canada/math/",true,Yes,false,"Canada Math Calculators — Free Online Tools (C$) | Free Accurate Calculator","Accurate Canada math calculators customized with CAD (C$) currency; statutory formulas; and instant edge calculation. 100% free and private.","Canada Math Calculators. Fast; Accurate &amp; Free.","en","canada","country-hub","","WebPage+Breadcrumbs",618,"Low","Low","P2"
"https://freeaccuratecalculator.com/countries/canada/mortgage-calculator/",200,true,false,"INDEX,FOLLOW","https://freeaccuratecalculator.com/countries/canada/mortgage-calculator/",true,Yes,false,"Canada Mortgage Calculator (C$) — Free Online Calculator | Free Accurate Calculator","Accurate Canada Mortgage Calculator with CAD (C$) formatting and standard numerical precision. Free; instant client-side calculation.","Canada Mortgage Calculator","en","canada","country-hub","mortgage-calculator","SoftwareApplication+Breadcrumbs",845,"Low-Moderate (Localized Params)","Low","P2"
"https://freeaccuratecalculator.com/countries/canada/physics/",200,true,false,"INDEX,FOLLOW","https://freeaccuratecalculator.com/countries/canada/physics/",true,Yes,false,"Canada Physics Calculators — Free Online Tools (C$) | Free Accurate Calculator","Accurate Canada physics calculators customized with CAD (C$) currency; statutory formulas; and instant edge calculation. 100% free and private.","Canada Physics Calculators. Fast; Accurate &amp; Clean.","en","canada","country-hub","","WebPage+Breadcrumbs",629,"Low","Low","P2"
"https://freeaccuratecalculator.com/countries/canada/real-estate/",200,true,false,"INDEX,FOLLOW","https://freeaccuratecalculator.com/countries/canada/real-estate/",true,Yes,false,"Canada Real Estate Calculators — Free Online Tools (C$) | Free Accurate Calculator","Accurate Canada real estate calculators customized with CAD (C$) currency; statutory formulas; and instant edge calculation. 100% free and private.","Canada Real Estate Calculators. Fast; Accurate &amp; Clean.","en","canada","country-hub","","WebPage+Breadcrumbs",645,"Low","Low","P2"
"https://freeaccuratecalculator.com/countries/canada/roth-ira-calculator/",200,true,false,"INDEX,FOLLOW","https://freeaccuratecalculator.com/countries/canada/roth-ira-calculator/",true,Yes,false,"Canada Roth IRA Calculator (C$) — Free Online Calculator | Free Accurate Calculator","Accurate Canada Roth IRA Calculator with CAD (C$) formatting and standard numerical precision. Free; instant client-side calculation.","Canada Roth IRA Calculator","en","canada","country-hub","roth-ira-calculator","SoftwareApplication+Breadcrumbs",787,"Low-Moderate (Localized Params)","Low","P2"
"https://freeaccuratecalculator.com/countries/canada/salary-calculator/",200,true,false,"INDEX,FOLLOW","https://freeaccuratecalculator.com/countries/canada/salary-calculator/",true,Yes,false,"Canada Salary Calculator (C$) — Free Online Calculator | Free Accurate Calculator","Accurate Canada Salary Calculator with CAD (C$) formatting and standard numerical precision. Free; instant client-side calculation.","Canada Salary Calculator","en","canada","country-hub","salary-calculator","SoftwareApplication+Breadcrumbs",706,"Low-Moderate (Localized Params)","Low","P2"
"https://freeaccuratecalculator.com/countries/canada/sports/",200,true,false,"INDEX,FOLLOW","https://freeaccuratecalculator.com/countries/canada/sports/",true,Yes,false,"Canada Sports Calculators — Free Online Tools (C$) | Free Accurate Calculator","Accurate Canada sports calculators customized with CAD (C$) currency; statutory formulas; and instant edge calculation. 100% free and private.","Canada Sports Calculators. Fast; Accurate &amp; Clean.","en","canada","country-hub","","WebPage+Breadcrumbs",643,"Low","Low","P2"
"https://freeaccuratecalculator.com/countries/canada/statistics/",200,true,false,"INDEX,FOLLOW","https://freeaccuratecalculator.com/countries/canada/statistics/",true,Yes,false,"Canada Statistics Calculators — Free Online Tools (C$) | Free Accurate Calculator","Accurate Canada statistics calculators customized with CAD (C$) currency; statutory formulas; and instant edge calculation. 100% free and private.","Canada Statistics Calculators. Fast; Accurate &amp; Free.","en","canada","country-hub","","WebPage+Breadcrumbs",631,"Low","Low","P2"
"https://freeaccuratecalculator.com/countries/canada/technology/",200,true,false,"INDEX,FOLLOW","https://freeaccuratecalculator.com/countries/canada/technology/",true,Yes,false,"Canada Technology Calculators — Free Online Tools (C$) | Free Accurate Calculator","Accurate Canada technology calculators customized with CAD (C$) currency; statutory formulas; and instant edge calculation. 100% free and private.","Canada Technology Calculators. Fast; Accurate &amp; Free.","en","canada","country-hub","","WebPage+Breadcrumbs",626,"Low","Low","P2"
"https://freeaccuratecalculator.com/countries/colombia/automotive/",200,true,false,"INDEX,FOLLOW","https://freeaccuratecalculator.com/countries/colombia/automotive/",true,Yes,false,"Colombia Automotive Calculators — Free Online Tools ($) | Free Accurate Calculator","Accurate Colombia automotive calculators customized with USD ($) currency; statutory formulas; and instant edge calculation. 100% free and private.","Colombia Automotive Calculators. Fast; Accurate &amp; Clean.","en","colombia","country-hub","","WebPage+Breadcrumbs",797,"Low","Low","P2"
"https://freeaccuratecalculator.com/countries/colombia/biology/",200,true,false,"INDEX,FOLLOW","https://freeaccuratecalculator.com/countries/colombia/biology/",true,Yes,false,"Colombia Biology Calculators — Free Online Tools ($) | Free Accurate Calculator","Accurate Colombia biology calculators customized with USD ($) currency; statutory formulas; and instant edge calculation. 100% free and private.","Colombia Biology Calculators. Fast; Accurate &amp; Free.","en","colombia","country-hub","","WebPage+Breadcrumbs",789,"Low","Low","P2"
"https://freeaccuratecalculator.com/countries/colombia/business/",200,true,false,"INDEX,FOLLOW","https://freeaccuratecalculator.com/countries/colombia/business/",true,Yes,false,"Colombia Business Calculators — Free Online Tools ($) | Free Accurate Calculator","Accurate Colombia business calculators customized with USD ($) currency; statutory formulas; and instant edge calculation. 100% free and private.","Colombia Business Calculators. Fast; Accurate &amp; Clean.","en","colombia","country-hub","","WebPage+Breadcrumbs",792,"Low","Low","P2"
"https://freeaccuratecalculator.com/countries/colombia/chemistry/",200,true,false,"INDEX,FOLLOW","https://freeaccuratecalculator.com/countries/colombia/chemistry/",true,Yes,false,"Colombia Chemistry Calculators — Free Online Tools ($) | Free Accurate Calculator","Accurate Colombia chemistry calculators customized with USD ($) currency; statutory formulas; and instant edge calculation. 100% free and private.","Colombia Chemistry Calculators. Fast; Accurate &amp; Free.","en","colombia","country-hub","","WebPage+Breadcrumbs",798,"Low","Moderate (Intent Segmented)","P2"
"https://freeaccuratecalculator.com/countries/colombia/construction/",200,true,false,"INDEX,FOLLOW","https://freeaccuratecalculator.com/countries/colombia/construction/",true,Yes,false,"Colombia Construction Calculators — Free Online Tools ($) | Free Accurate Calculator","Accurate Colombia construction calculators customized with USD ($) currency; statutory formulas; and instant edge calculation. 100% free and private.","Colombia Construction Calculators. Fast; Accurate &amp; Free.","en","colombia","country-hub","","WebPage+Breadcrumbs",800,"Low","Low","P2"
"https://freeaccuratecalculator.com/countries/colombia/converter/",200,true,false,"INDEX,FOLLOW","https://freeaccuratecalculator.com/countries/colombia/converter/",true,Yes,false,"Colombia Converter Calculators — Free Online Tools ($) | Free Accurate Calculator","Accurate Colombia converter calculators customized with USD ($) currency; statutory formulas; and instant edge calculation. 100% free and private.","Colombia Converter Calculators. Fast; Accurate &amp; Free.","en","colombia","country-hub","","WebPage+Breadcrumbs",795,"Low","Low","P2"
"https://freeaccuratecalculator.com/countries/colombia/ecology/",200,true,false,"INDEX,FOLLOW","https://freeaccuratecalculator.com/countries/colombia/ecology/",true,Yes,false,"Colombia Ecology Calculators — Free Online Tools ($) | Free Accurate Calculator","Accurate Colombia ecology calculators customized with USD ($) currency; statutory formulas; and instant edge calculation. 100% free and private.","Colombia Ecology Calculators. Fast; Accurate &amp; Free.","en","colombia","country-hub","","WebPage+Breadcrumbs",804,"Low","Low","P2"
"https://freeaccuratecalculator.com/countries/colombia/emi-calculator/",200,true,false,"INDEX,FOLLOW","https://freeaccuratecalculator.com/countries/colombia/emi-calculator/",true,Yes,false,"Colombia Loan Calculator ($) — Free Online Calculator | Free Accurate Calculator","Accurate Colombia Loan Calculator with USD ($) formatting and standard numerical precision. Free; instant client-side calculation.","Colombia Loan Calculator","en","colombia","country-hub","emi-calculator","SoftwareApplication+Breadcrumbs",732,"Low-Moderate (Localized Params)","Moderate (Intent Segmented)","P2"
"https://freeaccuratecalculator.com/countries/colombia/everyday/",200,true,false,"INDEX,FOLLOW","https://freeaccuratecalculator.com/countries/colombia/everyday/",true,Yes,false,"Colombia Everyday Calculators — Free Online Tools ($) | Free Accurate Calculator","Accurate Colombia everyday calculators customized with USD ($) currency; statutory formulas; and instant edge calculation. 100% free and private.","Colombia Everyday Calculators. Fast; Accurate &amp; Clean.","en","colombia","country-hub","","WebPage+Breadcrumbs",817,"Low","Low","P2"
"https://freeaccuratecalculator.com/countries/colombia/finance/emi-calculator/",200,true,false,"INDEX,FOLLOW","https://freeaccuratecalculator.com/countries/colombia/finance/emi-calculator/",true,Yes,false,"Colombia Loan Calculator ($) — Free Online Calculator | Free Accurate Calculator","Accurate Colombia Loan Calculator with USD ($) formatting and standard numerical precision. Free; instant client-side calculation.","Colombia Loan Calculator","en","colombia","finance","emi-calculator","SoftwareApplication+Breadcrumbs",732,"Low-Moderate (Localized Params)","Moderate (Intent Segmented)","P2"
"https://freeaccuratecalculator.com/countries/colombia/finance/income-tax-calculator/",200,true,false,"INDEX,FOLLOW","https://freeaccuratecalculator.com/countries/colombia/finance/income-tax-calculator/",true,Yes,false,"Colombia Salary Calculator ($) — Free Online Calculator | Free Accurate Calculator","Accurate Colombia Salary Calculator with USD ($) formatting and standard numerical precision. Free; instant client-side calculation.","Colombia Salary Calculator","en","colombia","finance","income-tax-calculator","SoftwareApplication+Breadcrumbs",697,"Low-Moderate (Localized Params)","Low","P2"
"https://freeaccuratecalculator.com/countries/colombia/finance/",200,true,false,"INDEX,FOLLOW","https://freeaccuratecalculator.com/countries/colombia/finance/",true,Yes,false,"Colombia Finance Calculators — Free Online Tools ($) | Free Accurate Calculator","Accurate Colombia finance calculators customized with USD ($) currency; statutory formulas; and instant edge calculation. 100% free and private.","Colombia Finance Calculators. Fast; Accurate &amp; Clean.","en","colombia","country-hub","","WebPage+Breadcrumbs",993,"Low","Low","P2"
"https://freeaccuratecalculator.com/countries/colombia/finance/loan-calculator/",200,true,false,"INDEX,FOLLOW","https://freeaccuratecalculator.com/countries/colombia/finance/loan-calculator/",true,Yes,false,"Colombia Loan Calculator ($) — Free Online Calculator | Free Accurate Calculator","Accurate Colombia Loan Calculator with USD ($) formatting and standard numerical precision. Free; instant client-side calculation.","Colombia Loan Calculator","en","colombia","finance","loan-calculator","SoftwareApplication+Breadcrumbs",732,"Low-Moderate (Localized Params)","Low","P2"
"https://freeaccuratecalculator.com/countries/colombia/finance/mortgage-calculator/",200,true,false,"INDEX,FOLLOW","https://freeaccuratecalculator.com/countries/colombia/finance/mortgage-calculator/",true,Yes,false,"Colombia Mortgage Calculator ($) — Free Online Calculator | Free Accurate Calculator","Accurate Colombia Mortgage Calculator with USD ($) formatting and standard numerical precision. Free; instant client-side calculation.","Colombia Mortgage Calculator","en","colombia","finance","mortgage-calculator","SoftwareApplication+Breadcrumbs",836,"Low-Moderate (Localized Params)","Low","P2"
"https://freeaccuratecalculator.com/countries/colombia/finance/salary-calculator/",200,true,false,"INDEX,FOLLOW","https://freeaccuratecalculator.com/countries/colombia/finance/salary-calculator/",true,Yes,false,"Colombia Salary Calculator ($) — Free Online Calculator | Free Accurate Calculator","Accurate Colombia Salary Calculator with USD ($) formatting and standard numerical precision. Free; instant client-side calculation.","Colombia Salary Calculator","en","colombia","finance","salary-calculator","SoftwareApplication+Breadcrumbs",697,"Low-Moderate (Localized Params)","Low","P2"
"https://freeaccuratecalculator.com/countries/colombia/food/",200,true,false,"INDEX,FOLLOW","https://freeaccuratecalculator.com/countries/colombia/food/",true,Yes,false,"Colombia Food Calculators — Free Online Tools ($) | Free Accurate Calculator","Accurate Colombia food calculators customized with USD ($) currency; statutory formulas; and instant edge calculation. 100% free and private.","Colombia Food Calculators. Fast; Accurate &amp; Free.","en","colombia","country-hub","","WebPage+Breadcrumbs",808,"Low","Low","P2"
"https://freeaccuratecalculator.com/countries/colombia/health/",200,true,false,"INDEX,FOLLOW","https://freeaccuratecalculator.com/countries/colombia/health/",true,Yes,false,"Colombia Health Calculators — Free Online Tools ($) | Free Accurate Calculator","Accurate Colombia health calculators customized with USD ($) currency; statutory formulas; and instant edge calculation. 100% free and private.","Colombia Health Calculators. Fast; Accurate &amp; Private.","en","colombia","country-hub","","WebPage+Breadcrumbs",821,"Low","Low","P2"
"https://freeaccuratecalculator.com/countries/colombia/income-tax-calculator/",200,true,false,"INDEX,FOLLOW","https://freeaccuratecalculator.com/countries/colombia/income-tax-calculator/",true,Yes,false,"Colombia Salary Calculator ($) — Free Online Calculator | Free Accurate Calculator","Accurate Colombia Salary Calculator with USD ($) formatting and standard numerical precision. Free; instant client-side calculation.","Colombia Salary Calculator","en","colombia","country-hub","income-tax-calculator","SoftwareApplication+Breadcrumbs",697,"Low-Moderate (Localized Params)","Low","P2"
"https://freeaccuratecalculator.com/countries/colombia/",200,true,false,"INDEX,FOLLOW","https://freeaccuratecalculator.com/countries/colombia/",true,Yes,false,"Colombia Calculators — Free Online Finance; Tax &amp; Utility Tools ($) | Free Accurate Calculator","Mathematically verified online calculators for Colombia. Customized with USD ($) currency; standard grouping; and statutory financial rules.","Colombia Calculators. Fast; Accurate &amp; Clean.","en","colombia","countries","","WebPage+Breadcrumbs",772,"Low","Low","P2"
"https://freeaccuratecalculator.com/countries/colombia/insurance/",200,true,false,"INDEX,FOLLOW","https://freeaccuratecalculator.com/countries/colombia/insurance/",true,Yes,false,"Colombia Insurance Calculators — Free Online Tools ($) | Free Accurate Calculator","Accurate Colombia insurance calculators customized with USD ($) currency; statutory formulas; and instant edge calculation. 100% free and private.","Colombia Insurance Calculators. Fast; Accurate &amp; Clean.","en","colombia","country-hub","","WebPage+Breadcrumbs",869,"Low","Low","P2"
"https://freeaccuratecalculator.com/countries/colombia/legal/",200,true,false,"INDEX,FOLLOW","https://freeaccuratecalculator.com/countries/colombia/legal/",true,Yes,false,"Colombia Legal Calculators — Free Online Tools ($) | Free Accurate Calculator","Accurate Colombia legal calculators customized with USD ($) currency; statutory formulas; and instant edge calculation. 100% free and private.","Colombia Legal Calculators. Fast; Accurate &amp; Private.","en","colombia","country-hub","","WebPage+Breadcrumbs",804,"Low","Low","P2"
"https://freeaccuratecalculator.com/countries/colombia/loan-calculator/",200,true,false,"INDEX,FOLLOW","https://freeaccuratecalculator.com/countries/colombia/loan-calculator/",true,Yes,false,"Colombia Loan Calculator ($) — Free Online Calculator | Free Accurate Calculator","Accurate Colombia Loan Calculator with USD ($) formatting and standard numerical precision. Free; instant client-side calculation.","Colombia Loan Calculator","en","colombia","country-hub","loan-calculator","SoftwareApplication+Breadcrumbs",732,"Low-Moderate (Localized Params)","Low","P2"
"https://freeaccuratecalculator.com/countries/colombia/love/",200,true,false,"INDEX,FOLLOW","https://freeaccuratecalculator.com/countries/colombia/love/",true,Yes,false,"Colombia Love Calculators — Free Online Tools ($) | Free Accurate Calculator","Accurate Colombia love calculators customized with USD ($) currency; statutory formulas; and instant edge calculation. 100% free and private.","Colombia Love Calculators. Compatibility &amp; Connection.","en","colombia","country-hub","","WebPage+Breadcrumbs",801,"Low","Low","P2"
"https://freeaccuratecalculator.com/countries/colombia/marketing/",200,true,false,"INDEX,FOLLOW","https://freeaccuratecalculator.com/countries/colombia/marketing/",true,Yes,false,"Colombia Marketing Calculators — Free Online Tools ($) | Free Accurate Calculator","Accurate Colombia marketing calculators customized with USD ($) currency; statutory formulas; and instant edge calculation. 100% free and private.","Colombia Marketing Calculators. Fast; Accurate &amp; Clean.","en","colombia","country-hub","","WebPage+Breadcrumbs",794,"Low","Low","P2"
"https://freeaccuratecalculator.com/countries/colombia/math/",200,true,false,"INDEX,FOLLOW","https://freeaccuratecalculator.com/countries/colombia/math/",true,Yes,false,"Colombia Math Calculators — Free Online Tools ($) | Free Accurate Calculator","Accurate Colombia math calculators customized with USD ($) currency; statutory formulas; and instant edge calculation. 100% free and private.","Colombia Math Calculators. Fast; Accurate &amp; Free.","en","colombia","country-hub","","WebPage+Breadcrumbs",787,"Low","Low","P2"
"https://freeaccuratecalculator.com/countries/colombia/mortgage-calculator/",200,true,false,"INDEX,FOLLOW","https://freeaccuratecalculator.com/countries/colombia/mortgage-calculator/",true,Yes,false,"Colombia Mortgage Calculator ($) — Free Online Calculator | Free Accurate Calculator","Accurate Colombia Mortgage Calculator with USD ($) formatting and standard numerical precision. Free; instant client-side calculation.","Colombia Mortgage Calculator","en","colombia","country-hub","mortgage-calculator","SoftwareApplication+Breadcrumbs",836,"Low-Moderate (Localized Params)","Low","P2"
"https://freeaccuratecalculator.com/countries/colombia/physics/",200,true,false,"INDEX,FOLLOW","https://freeaccuratecalculator.com/countries/colombia/physics/",true,Yes,false,"Colombia Physics Calculators — Free Online Tools ($) | Free Accurate Calculator","Accurate Colombia physics calculators customized with USD ($) currency; statutory formulas; and instant edge calculation. 100% free and private.","Colombia Physics Calculators. Fast; Accurate &amp; Clean.","en","colombia","country-hub","","WebPage+Breadcrumbs",794,"Low","Low","P2"
"https://freeaccuratecalculator.com/countries/colombia/real-estate/",200,true,false,"INDEX,FOLLOW","https://freeaccuratecalculator.com/countries/colombia/real-estate/",true,Yes,false,"Colombia Real Estate Calculators — Free Online Tools ($) | Free Accurate Calculator","Accurate Colombia real estate calculators customized with USD ($) currency; statutory formulas; and instant edge calculation. 100% free and private.","Colombia Real Estate Calculators. Fast; Accurate &amp; Clean.","en","colombia","country-hub","","WebPage+Breadcrumbs",810,"Low","Low","P2"
"https://freeaccuratecalculator.com/countries/colombia/salary-calculator/",200,true,false,"INDEX,FOLLOW","https://freeaccuratecalculator.com/countries/colombia/salary-calculator/",true,Yes,false,"Colombia Salary Calculator ($) — Free Online Calculator | Free Accurate Calculator","Accurate Colombia Salary Calculator with USD ($) formatting and standard numerical precision. Free; instant client-side calculation.","Colombia Salary Calculator","en","colombia","country-hub","salary-calculator","SoftwareApplication+Breadcrumbs",697,"Low-Moderate (Localized Params)","Low","P2"
"https://freeaccuratecalculator.com/countries/colombia/sports/",200,true,false,"INDEX,FOLLOW","https://freeaccuratecalculator.com/countries/colombia/sports/",true,Yes,false,"Colombia Sports Calculators — Free Online Tools ($) | Free Accurate Calculator","Accurate Colombia sports calculators customized with USD ($) currency; statutory formulas; and instant edge calculation. 100% free and private.","Colombia Sports Calculators. Fast; Accurate &amp; Clean.","en","colombia","country-hub","","WebPage+Breadcrumbs",808,"Low","Low","P2"
"https://freeaccuratecalculator.com/countries/colombia/statistics/",200,true,false,"INDEX,FOLLOW","https://freeaccuratecalculator.com/countries/colombia/statistics/",true,Yes,false,"Colombia Statistics Calculators — Free Online Tools ($) | Free Accurate Calculator","Accurate Colombia statistics calculators customized with USD ($) currency; statutory formulas; and instant edge calculation. 100% free and private.","Colombia Statistics Calculators. Fast; Accurate &amp; Free.","en","colombia","country-hub","","WebPage+Breadcrumbs",796,"Low","Low","P2"
"https://freeaccuratecalculator.com/countries/colombia/technology/",200,true,false,"INDEX,FOLLOW","https://freeaccuratecalculator.com/countries/colombia/technology/",true,Yes,false,"Colombia Technology Calculators — Free Online Tools ($) | Free Accurate Calculator","Accurate Colombia technology calculators customized with USD ($) currency; statutory formulas; and instant edge calculation. 100% free and private.","Colombia Technology Calculators. Fast; Accurate &amp; Free.","en","colombia","country-hub","","WebPage+Breadcrumbs",791,"Low","Low","P2"
"https://freeaccuratecalculator.com/countries/france/alimony-calculator/",200,true,false,"INDEX,FOLLOW","https://freeaccuratecalculator.com/countries/france/alimony-calculator/",true,Yes,false,"Calculateur de Prestation Compensatoire France (€) — Calculateur Gratuit | Free Accurate Calculator","Estimation de la compensation financière post-divorce. Calculateur gratuit; instantané et conforme aux normes françaises.","Calculateur de Prestation Compensatoire France","fr-FR","france","country-hub","alimony-calculator","SoftwareApplication+Breadcrumbs",755,"Low","Low","P1"
"https://freeaccuratecalculator.com/countries/france/amortization-calculator/",200,true,false,"INDEX,FOLLOW","https://freeaccuratecalculator.com/countries/france/amortization-calculator/",true,Yes,false,"Calculateur de Tableau d’Amortissement France — Échéancier Mois par Mois | Free Accurate Calculator","Générez l’échéancier mensuel complet de votre prêt bancaire avec ventilation exacte entre part de capital amorti; intérêts payés et capital restant dû.","Calculateur de Tableau d’Amortissement France","fr-FR","france","country-hub","amortization-calculator","SoftwareApplication+Breadcrumbs",835,"Low","Low","P1"
"https://freeaccuratecalculator.com/countries/france/annuity-payout-calculator/",200,true,false,"INDEX,FOLLOW","https://freeaccuratecalculator.com/countries/france/annuity-payout-calculator/",true,Yes,false,"Simulateur de Rente Viagère France (€) — Calculateur Gratuit | Free Accurate Calculator","Estimez les versements réguliers issus de votre capital constitué. Calculateur gratuit; instantané et conforme aux normes françaises.","Simulateur de Rente Viagère France","fr-FR","france","country-hub","annuity-payout-calculator","SoftwareApplication+Breadcrumbs",761,"Low","Low","P1"
"https://freeaccuratecalculator.com/countries/france/auto-insurance-calculator/",200,true,false,"INDEX,FOLLOW","https://freeaccuratecalculator.com/countries/france/auto-insurance-calculator/",true,Yes,false,"Simulateur d’Assurance Auto France 2026 — Tous Risques &amp; Tiers | Free Accurate Calculator","Estimez le tarif de votre assurance automobile en France selon la valeur du véhicule; le kilométrage annuel et le niveau de franchise.","Simulateur d’Assurance Auto France","fr-FR","france","country-hub","auto-insurance-calculator","SoftwareApplication+Breadcrumbs",849,"Low","Low","P1"
"https://freeaccuratecalculator.com/countries/france/auto-loan-calculator/",200,true,false,"INDEX,FOLLOW","https://freeaccuratecalculator.com/countries/france/auto-loan-calculator/",true,Yes,false,"Simulateur de Prêt Auto France 2026 — Mensualités Véhicule &amp; Crédit | Free Accurate Calculator","Simulez vos mensualités de crédit automobile pour voiture neuve ou d’occasion avec prise en compte de l’apport personnel; de la reprise de votre ancien véhicule et du coût total du financement.","Simulateur de Prêt Auto France","fr-FR","france","country-hub","auto-loan-calculator","SoftwareApplication+Breadcrumbs",923,"Low","Low","P1"
"https://freeaccuratecalculator.com/countries/france/automotive/car-depreciation-calculator/",200,true,false,"INDEX,FOLLOW","https://freeaccuratecalculator.com/countries/france/automotive/car-depreciation-calculator/",true,Yes,false,"Calculateur de Décote Automobile France (€) — Calculateur Gratuit | Free Accurate Calculator","Perte de valeur argus annuelle de votre véhicule. Calculateur gratuit; instantané et conforme aux normes françaises.","Calculateur de Décote Automobile France","fr-FR","france","automotive","car-depreciation-calculator","SoftwareApplication+Breadcrumbs",739,"Low","Low","P1"
"https://freeaccuratecalculator.com/countries/france/automotive/fuel-cost-calculator/",200,true,false,"INDEX,FOLLOW","https://freeaccuratecalculator.com/countries/france/automotive/fuel-cost-calculator/",true,Yes,false,"Calculateur de Coût de Carburant France (€) — Calculateur Gratuit | Free Accurate Calculator","Prix du trajet selon la distance; consommation et prix au litre. Calculateur gratuit; instantané et conforme aux normes françaises.","Calculateur de Coût de Carburant France","fr-FR","france","automotive","fuel-cost-calculator","SoftwareApplication+Breadcrumbs",758,"Low","Low","P1"
"https://freeaccuratecalculator.com/countries/france/automotive/",200,true,false,"INDEX,FOLLOW","https://freeaccuratecalculator.com/countries/france/automotive/",true,Yes,false,"Calculatrices de Automobile Gratuites et Précises France 2026 | Free Accurate Calculator","Outils de calcul gratuits et précis pour la catégorie Automobile en France. 100% confidentiel; sans publicité et conforme aux normes françaises.","Calculatrices de Automobile pour la France","fr-FR","france","country-hub","","WebPage+Breadcrumbs",560,"Low","Low","P1"
"https://freeaccuratecalculator.com/countries/france/automotive/mpg-calculator/",200,true,false,"INDEX,FOLLOW","https://freeaccuratecalculator.com/countries/france/automotive/mpg-calculator/",true,Yes,false,"Calculateur de Consommation L/100km France (€) — Calculateur Gratuit | Free Accurate Calculator","Consommation moyenne aux 100 kilomètres de votre véhicule. Calculateur gratuit; instantané et conforme aux normes françaises.","Calculateur de Consommation L/100km France","fr-FR","france","automotive","mpg-calculator","SoftwareApplication+Breadcrumbs",742,"Low","Low","P1"
"https://freeaccuratecalculator.com/countries/france/bacterial-growth-calculator/",200,true,false,"INDEX,FOLLOW","https://freeaccuratecalculator.com/countries/france/bacterial-growth-calculator/",true,Yes,false,"Calculateur de Croissance Bactérienne France (€) — Calculateur Gratuit | Free Accurate Calculator","Cinétique de multiplication microbienne et temps de génération. Calculateur gratuit; instantané et conforme aux normes françaises.","Calculateur de Croissance Bactérienne France","fr-FR","france","country-hub","bacterial-growth-calculator","SoftwareApplication+Breadcrumbs",757,"Low","Low","P1"
"https://freeaccuratecalculator.com/countries/france/bakers-percentage-calculator/",200,true,false,"INDEX,FOLLOW","https://freeaccuratecalculator.com/countries/france/bakers-percentage-calculator/",true,Yes,false,"Calculateur de Pourcentage de Boulanger France (€) — Calculateur Gratuit | Free Accurate Calculator","Proportions de farine; eau; levain et sel pour panification. Calculateur gratuit; instantané et conforme aux normes françaises.","Calculateur de Pourcentage de Boulanger France","fr-FR","france","country-hub","bakers-percentage-calculator","SoftwareApplication+Breadcrumbs",779,"Low","Moderate (Intent Segmented)","P1"
"https://freeaccuratecalculator.com/countries/france/bandwidth-calculator/",200,true,false,"INDEX,FOLLOW","https://freeaccuratecalculator.com/countries/france/bandwidth-calculator/",true,Yes,false,"Calculateur de Bande Passante Réseau France (€) — Calculateur Gratuit | Free Accurate Calculator","Débit descendant et montant; transfert de données et saturation réseau. Calculateur gratuit; instantané et conforme aux normes françaises.","Calculateur de Bande Passante Réseau France","fr-FR","france","country-hub","bandwidth-calculator","SoftwareApplication+Breadcrumbs",748,"Low","Low","P1"
"https://freeaccuratecalculator.com/countries/france/biology/bacterial-growth-calculator/",200,true,false,"INDEX,FOLLOW","https://freeaccuratecalculator.com/countries/france/biology/bacterial-growth-calculator/",true,Yes,false,"Calculateur de Croissance Bactérienne France (€) — Calculateur Gratuit | Free Accurate Calculator","Cinétique de multiplication microbienne et temps de génération. Calculateur gratuit; instantané et conforme aux normes françaises.","Calculateur de Croissance Bactérienne France","fr-FR","france","biology","bacterial-growth-calculator","SoftwareApplication+Breadcrumbs",757,"Low","Low","P1"
"https://freeaccuratecalculator.com/countries/france/biology/hardy-weinberg-calculator/",200,true,false,"INDEX,FOLLOW","https://freeaccuratecalculator.com/countries/france/biology/hardy-weinberg-calculator/",true,Yes,false,"Calculateur d&#39;Équilibre de Hardy-Weinberg France (€) — Calculateur Gratuit | Free Accurate Calculator","Fréquences alléliques et génotypiques au sein d","Calculateur d&#39;Équilibre de Hardy-Weinberg France","fr-FR","france","biology","hardy-weinberg-calculator","SoftwareApplication+Breadcrumbs",740,"Low","Low","P1"
"https://freeaccuratecalculator.com/countries/france/biology/",200,true,false,"INDEX,FOLLOW","https://freeaccuratecalculator.com/countries/france/biology/",true,Yes,false,"Calculatrices de Biologie Gratuites et Précises France 2026 | Free Accurate Calculator","Outils de calcul gratuits et précis pour la catégorie Biologie en France. 100% confidentiel; sans publicité et conforme aux normes françaises.","Calculatrices de Biologie pour la France","fr-FR","france","country-hub","","WebPage+Breadcrumbs",560,"Low","Low","P1"
"https://freeaccuratecalculator.com/countries/france/biology/molecular-weight-calculator/",200,true,false,"INDEX,FOLLOW","https://freeaccuratecalculator.com/countries/france/biology/molecular-weight-calculator/",true,Yes,false,"Calculateur de Poids Moléculaire ADN / ARN France (€) — Calculateur Gratuit | Free Accurate Calculator","Masse molaire des séquences de nucléotides et oligonucléotides. Calculateur gratuit; instantané et conforme aux normes françaises.","Calculateur de Poids Moléculaire ADN / ARN France","fr-FR","france","biology","molecular-weight-calculator","SoftwareApplication+Breadcrumbs",763,"Low","Low","P1"
"https://freeaccuratecalculator.com/countries/france/biology/punnett-square-calculator/",200,true,false,"INDEX,FOLLOW","https://freeaccuratecalculator.com/countries/france/biology/punnett-square-calculator/",true,Yes,false,"Calculateur d&#39;Échiquier de Punnett France (€) — Calculateur Gratuit | Free Accurate Calculator","Probabilités de croisement génétique et transmission des allèles. Calculateur gratuit; instantané et conforme aux normes françaises.","Calculateur d&#39;Échiquier de Punnett France","fr-FR","france","biology","punnett-square-calculator","SoftwareApplication+Breadcrumbs",749,"Low","Low","P1"
"https://freeaccuratecalculator.com/countries/france/bmr-calculator/",200,true,false,"INDEX,FOLLOW","https://freeaccuratecalculator.com/countries/france/bmr-calculator/",true,Yes,false,"Calculateur de Métabolisme de Base (MB) France (€) — Calculateur Gratuit | Free Accurate Calculator","Dépense calorique minimale au repos selon les équations Mifflin-St Jeor. Calculateur gratuit; instantané et conforme aux normes françaises.","Calculateur de Métabolisme de Base (MB) France","fr-FR","france","country-hub","bmr-calculator","SoftwareApplication+Breadcrumbs",760,"Low","Low","P1"
"https://freeaccuratecalculator.com/countries/france/body-fat-calculator/",200,true,false,"INDEX,FOLLOW","https://freeaccuratecalculator.com/countries/france/body-fat-calculator/",true,Yes,false,"Calculateur de Masse Grasse France (€) — Calculateur Gratuit | Free Accurate Calculator","Pourcentage de tissu adipeux selon la formule de la marine américaine. Calculateur gratuit; instantané et conforme aux normes françaises.","Calculateur de Masse Grasse France","fr-FR","france","country-hub","body-fat-calculator","SoftwareApplication+Breadcrumbs",754,"Low","Low","P1"
"https://freeaccuratecalculator.com/countries/france/break-even-calculator/",200,true,false,"INDEX,FOLLOW","https://freeaccuratecalculator.com/countries/france/break-even-calculator/",true,Yes,false,"Calculateur de Seuil de Rentabilité France (€) — Calculateur Gratuit | Free Accurate Calculator","Point mort et chiffre d","Calculateur de Seuil de Rentabilité France","fr-FR","france","country-hub","break-even-calculator","SoftwareApplication+Breadcrumbs",779,"Low","Low","P1"
"https://freeaccuratecalculator.com/countries/france/brick-calculator/",200,true,false,"INDEX,FOLLOW","https://freeaccuratecalculator.com/countries/france/brick-calculator/",true,Yes,false,"Calculateur de Briques France (€) — Calculateur Gratuit | Free Accurate Calculator","Nombre de briques et quantité de mortier pour un mur. Calculateur gratuit; instantané et conforme aux normes françaises.","Calculateur de Briques France","fr-FR","france","country-hub","brick-calculator","SoftwareApplication+Breadcrumbs",747,"Low","Low","P1"
"https://freeaccuratecalculator.com/countries/france/business/break-even-calculator/",200,true,false,"INDEX,FOLLOW","https://freeaccuratecalculator.com/countries/france/business/break-even-calculator/",true,Yes,false,"Calculateur de Seuil de Rentabilité France (€) — Calculateur Gratuit | Free Accurate Calculator","Point mort et chiffre d","Calculateur de Seuil de Rentabilité France","fr-FR","france","business","break-even-calculator","SoftwareApplication+Breadcrumbs",779,"Low","Low","P1"
"https://freeaccuratecalculator.com/countries/france/business/business-valuation-calculator/",200,true,false,"INDEX,FOLLOW","https://freeaccuratecalculator.com/countries/france/business/business-valuation-calculator/",true,Yes,false,"Calculateur de Valorisation d&#39;Entreprise France (€) — Calculateur Gratuit | Free Accurate Calculator","Multiples d","Calculateur de Valorisation d&#39;Entreprise France","fr-FR","france","business","business-valuation-calculator","SoftwareApplication+Breadcrumbs",759,"Low","Low","P1"
"https://freeaccuratecalculator.com/countries/france/business/",200,true,false,"INDEX,FOLLOW","https://freeaccuratecalculator.com/countries/france/business/",true,Yes,false,"Calculatrices de Entreprise Gratuites et Précises France 2026 | Free Accurate Calculator","Outils de calcul gratuits et précis pour la catégorie Entreprise en France. 100% confidentiel; sans publicité et conforme aux normes françaises.","Calculatrices de Entreprise pour la France","fr-FR","france","country-hub","","WebPage+Breadcrumbs",562,"Low","Low","P1"
"https://freeaccuratecalculator.com/countries/france/business/roi-calculator/",200,true,false,"INDEX,FOLLOW","https://freeaccuratecalculator.com/countries/france/business/roi-calculator/",true,Yes,false,"Calculateur de Retour sur Investissement (ROI) France (€) — Calculateur Gratuit | Free Accurate Calculator","Mesurez la rentabilité financière de vos investissements. Calculateur gratuit; instantané et conforme aux normes françaises.","Calculateur de Retour sur Investissement (ROI) France","fr-FR","france","business","roi-calculator","SoftwareApplication+Breadcrumbs",780,"Low","Low","P1"
"https://freeaccuratecalculator.com/countries/france/business-valuation-calculator/",200,true,false,"INDEX,FOLLOW","https://freeaccuratecalculator.com/countries/france/business-valuation-calculator/",true,Yes,false,"Calculateur de Valorisation d&#39;Entreprise France (€) — Calculateur Gratuit | Free Accurate Calculator","Multiples d","Calculateur de Valorisation d&#39;Entreprise France","fr-FR","france","country-hub","business-valuation-calculator","SoftwareApplication+Breadcrumbs",759,"Low","Low","P1"
"https://freeaccuratecalculator.com/countries/france/cac-calculator/",200,true,false,"INDEX,FOLLOW","https://freeaccuratecalculator.com/countries/france/cac-calculator/",true,Yes,false,"Calculateur de Coût d&#39;Acquisition Client (CAC) France (€) — Calculateur Gratuit | Free Accurate Calculator","Coût marketing et commercial moyen pour recruter un nouveau client. Calculateur gratuit; instantané et conforme aux normes françaises.","Calculateur de Coût d&#39;Acquisition Client (CAC) France","fr-FR","france","country-hub","cac-calculator","SoftwareApplication+Breadcrumbs",768,"Low","Low","P1"
"https://freeaccuratecalculator.com/countries/france/calorie-per-serving-calculator/",200,true,false,"INDEX,FOLLOW","https://freeaccuratecalculator.com/countries/france/calorie-per-serving-calculator/",true,Yes,false,"Calculateur de Calories par Portion France (€) — Calculateur Gratuit | Free Accurate Calculator","Valeur calorique totale divisée par le nombre de parts servies. Calculateur gratuit; instantané et conforme aux normes françaises.","Calculateur de Calories par Portion France","fr-FR","france","country-hub","calorie-per-serving-calculator","SoftwareApplication+Breadcrumbs",743,"Low","Low","P1"
"https://freeaccuratecalculator.com/countries/france/cap-rate-calculator/",200,true,false,"INDEX,FOLLOW","https://freeaccuratecalculator.com/countries/france/cap-rate-calculator/",true,Yes,false,"Calculateur de Taux de Capitalisation France (€) — Calculateur Gratuit | Free Accurate Calculator","Évaluez le taux de rentabilité opérationnelle d","Calculateur de Taux de Capitalisation France","fr-FR","france","country-hub","cap-rate-calculator","SoftwareApplication+Breadcrumbs",765,"Low","Low","P1"
"https://freeaccuratecalculator.com/countries/france/capacite-emprunt-hcsf/",200,true,false,"INDEX,FOLLOW","https://freeaccuratecalculator.com/countries/france/capacite-emprunt-hcsf/",true,Yes,false,"Simulateur Capacité d&#39;Emprunt HCSF 35% 2026 Gratuit | Calcul Prêt Immobilier | Free Accurate Calculator","Calculez votre capacité d","Simulateur Capacité d'Emprunt HCSF 2026 : Règle des 35% & Taux d'Endettement","fr-FR","france","country-hub","","SoftwareApplication+Breadcrumbs",645,"Low","Low","P1"
"https://freeaccuratecalculator.com/countries/france/car-depreciation-calculator/",200,true,false,"INDEX,FOLLOW","https://freeaccuratecalculator.com/countries/france/car-depreciation-calculator/",true,Yes,false,"Calculateur de Décote Automobile France (€) — Calculateur Gratuit | Free Accurate Calculator","Perte de valeur argus annuelle de votre véhicule. Calculateur gratuit; instantané et conforme aux normes françaises.","Calculateur de Décote Automobile France","fr-FR","france","country-hub","car-depreciation-calculator","SoftwareApplication+Breadcrumbs",739,"Low","Low","P1"
"https://freeaccuratecalculator.com/countries/france/carbon-footprint-calculator/",200,true,false,"INDEX,FOLLOW","https://freeaccuratecalculator.com/countries/france/carbon-footprint-calculator/",true,Yes,false,"Calculateur d&#39;Empreinte Carbone Personnelle France (€) — Calculateur Gratuit | Free Accurate Calculator","Émissions annuelles en tonnes d","Calculateur d&#39;Empreinte Carbone Personnelle France","fr-FR","france","country-hub","carbon-footprint-calculator","SoftwareApplication+Breadcrumbs",769,"Low","Low","P1"
"https://freeaccuratecalculator.com/countries/france/chemistry/",200,true,false,"INDEX,FOLLOW","https://freeaccuratecalculator.com/countries/france/chemistry/",true,Yes,false,"Calculatrices de Chimie Gratuites et Précises France 2026 | Free Accurate Calculator","Outils de calcul gratuits et précis pour la catégorie Chimie en France. 100% confidentiel; sans publicité et conforme aux normes françaises.","Calculatrices de Chimie pour la France","fr-FR","france","country-hub","","WebPage+Breadcrumbs",564,"Low","Moderate (Intent Segmented)","P1"
"https://freeaccuratecalculator.com/countries/france/chemistry/molar-mass-calculator/",200,true,false,"INDEX,FOLLOW","https://freeaccuratecalculator.com/countries/france/chemistry/molar-mass-calculator/",true,Yes,false,"Calculateur de Masse Molaire France (€) — Calculateur Gratuit | Free Accurate Calculator","Masse molaire en g/mol selon la formule brute de la molécule. Calculateur gratuit; instantané et conforme aux normes françaises.","Calculateur de Masse Molaire France","fr-FR","france","chemistry","molar-mass-calculator","SoftwareApplication+Breadcrumbs",737,"Low","Moderate (Intent Segmented)","P1"
"https://freeaccuratecalculator.com/countries/france/chemistry/ph-calculator/",200,true,false,"INDEX,FOLLOW","https://freeaccuratecalculator.com/countries/france/chemistry/ph-calculator/",true,Yes,false,"Calculateur de pH &amp; pOH France (€) — Calculateur Gratuit | Free Accurate Calculator","Acidité; basicité et concentration en ions oxonium [H3O+] et hydroxyde. Calculateur gratuit; instantané et conforme aux normes françaises.","Calculateur de pH &amp; pOH France","fr-FR","france","chemistry","ph-calculator","SoftwareApplication+Breadcrumbs",736,"Low","Moderate (Intent Segmented)","P1"
"https://freeaccuratecalculator.com/countries/france/chemistry/solution-dilution-calculator/",200,true,false,"INDEX,FOLLOW","https://freeaccuratecalculator.com/countries/france/chemistry/solution-dilution-calculator/",true,Yes,false,"Calculateur de Dilution de Solution (C1V1 = C2V2) France (€) — Calculateur Gratuit | Free Accurate Calculator","Volume et concentration de solution mère à prélever pour dilution. Calculateur gratuit; instantané et conforme aux normes françaises.","Calculateur de Dilution de Solution (C1V1 = C2V2) France","fr-FR","france","chemistry","solution-dilution-calculator","SoftwareApplication+Breadcrumbs",794,"Low","Moderate (Intent Segmented)","P1"
"https://freeaccuratecalculator.com/countries/france/chemistry/stoichiometry-calculator/",200,true,false,"INDEX,FOLLOW","https://freeaccuratecalculator.com/countries/france/chemistry/stoichiometry-calculator/",true,Yes,false,"Calculateur de Stœchiométrie Chimique France (€) — Calculateur Gratuit | Free Accurate Calculator","Équilibrage de réaction; réactif limitant et rendement de synthèse. Calculateur gratuit; instantané et conforme aux normes françaises.","Calculateur de Stœchiométrie Chimique France","fr-FR","france","chemistry","stoichiometry-calculator","SoftwareApplication+Breadcrumbs",737,"Low","Moderate (Intent Segmented)","P1"
"https://freeaccuratecalculator.com/countries/france/child-support-calculator/",200,true,false,"INDEX,FOLLOW","https://freeaccuratecalculator.com/countries/france/child-support-calculator/",true,Yes,false,"Calculateur de Pension Alimentaire France (€) — Calculateur Gratuit | Free Accurate Calculator","Barème indicatif de pension alimentaire selon les revenus et la garde. Calculateur gratuit; instantané et conforme aux normes françaises.","Calculateur de Pension Alimentaire France","fr-FR","france","country-hub","child-support-calculator","SoftwareApplication+Breadcrumbs",766,"Low","Low","P1"
"https://freeaccuratecalculator.com/countries/france/compost-ratio-calculator/",200,true,false,"INDEX,FOLLOW","https://freeaccuratecalculator.com/countries/france/compost-ratio-calculator/",true,Yes,false,"Calculateur d&#39;Équilibre Carbone / Azote (C/N) France (€) — Calculateur Gratuit | Free Accurate Calculator","Équilibre matières brunes et vertes pour un compostage réussi. Calculateur gratuit; instantané et conforme aux normes françaises.","Calculateur d&#39;Équilibre Carbone / Azote (C/N) France","fr-FR","france","country-hub","compost-ratio-calculator","SoftwareApplication+Breadcrumbs",773,"Low","Low","P1"
"https://freeaccuratecalculator.com/countries/france/compound-interest-calculator/",200,true,false,"INDEX,FOLLOW","https://freeaccuratecalculator.com/countries/france/compound-interest-calculator/",true,Yes,false,"Calculateur d’Intérêts Composés France — Croissance du Capital &amp; Épargne | Free Accurate Calculator","Calculez la capitalisation de votre patrimoine avec versements complémentaires programmés; fréquence d’intérêts modulable (mensuelle; annuelle) et projection patrimoniale détaillée.","Calculateur d’Intérêts Composés France","fr-FR","france","country-hub","compound-interest-calculator","SoftwareApplication+Breadcrumbs",949,"Low","Low","P1"
"https://freeaccuratecalculator.com/countries/france/concrete-calculator/",200,true,false,"INDEX,FOLLOW","https://freeaccuratecalculator.com/countries/france/concrete-calculator/",true,Yes,false,"Calculateur de Béton France (€) — Calculateur Gratuit | Free Accurate Calculator","Volume de béton en m³ et sacs de ciment pour dalles et fondations. Calculateur gratuit; instantané et conforme aux normes françaises.","Calculateur de Béton France","fr-FR","france","country-hub","concrete-calculator","SoftwareApplication+Breadcrumbs",738,"Low","Low","P1"
"https://freeaccuratecalculator.com/countries/france/confidence-interval-calculator/",200,true,false,"INDEX,FOLLOW","https://freeaccuratecalculator.com/countries/france/confidence-interval-calculator/",true,Yes,false,"Calculateur d&#39;Intervalle de Confiance France (€) — Calculateur Gratuit | Free Accurate Calculator","Bornes d","Calculateur d&#39;Intervalle de Confiance France","fr-FR","france","country-hub","confidence-interval-calculator","SoftwareApplication+Breadcrumbs",766,"Low","Low","P1"
"https://freeaccuratecalculator.com/countries/france/construction/brick-calculator/",200,true,false,"INDEX,FOLLOW","https://freeaccuratecalculator.com/countries/france/construction/brick-calculator/",true,Yes,false,"Calculateur de Briques France (€) — Calculateur Gratuit | Free Accurate Calculator","Nombre de briques et quantité de mortier pour un mur. Calculateur gratuit; instantané et conforme aux normes françaises.","Calculateur de Briques France","fr-FR","france","construction","brick-calculator","SoftwareApplication+Breadcrumbs",747,"Low","Low","P1"
"https://freeaccuratecalculator.com/countries/france/construction/concrete-calculator/",200,true,false,"INDEX,FOLLOW","https://freeaccuratecalculator.com/countries/france/construction/concrete-calculator/",true,Yes,false,"Calculateur de Béton France (€) — Calculateur Gratuit | Free Accurate Calculator","Volume de béton en m³ et sacs de ciment pour dalles et fondations. Calculateur gratuit; instantané et conforme aux normes françaises.","Calculateur de Béton France","fr-FR","france","construction","concrete-calculator","SoftwareApplication+Breadcrumbs",738,"Low","Low","P1"
"https://freeaccuratecalculator.com/countries/france/construction/",200,true,false,"INDEX,FOLLOW","https://freeaccuratecalculator.com/countries/france/construction/",true,Yes,false,"Calculatrices de Construction Gratuites et Précises France 2026 | Free Accurate Calculator","Outils de calcul gratuits et précis pour la catégorie Construction en France. 100% confidentiel; sans publicité et conforme aux normes françaises.","Calculatrices de Construction pour la France","fr-FR","france","country-hub","","WebPage+Breadcrumbs",555,"Low","Low","P1"
"https://freeaccuratecalculator.com/countries/france/construction/paint-calculator/",200,true,false,"INDEX,FOLLOW","https://freeaccuratecalculator.com/countries/france/construction/paint-calculator/",true,Yes,false,"Calculateur de Peinture France (€) — Calculateur Gratuit | Free Accurate Calculator","Litres de peinture nécessaires selon la surface et les couches. Calculateur gratuit; instantané et conforme aux normes françaises.","Calculateur de Peinture France","fr-FR","france","construction","paint-calculator","SoftwareApplication+Breadcrumbs",772,"Low","Low","P1"
"https://freeaccuratecalculator.com/countries/france/construction/square-footage-calculator/",200,true,false,"INDEX,FOLLOW","https://freeaccuratecalculator.com/countries/france/construction/square-footage-calculator/",true,Yes,false,"Calculateur de Surface en Mètres Carrés France (€) — Calculateur Gratuit | Free Accurate Calculator","Calcul de surface de pièces; sols et murs en m². Calculateur gratuit; instantané et conforme aux normes françaises.","Calculateur de Surface en Mètres Carrés France","fr-FR","france","construction","square-footage-calculator","SoftwareApplication+Breadcrumbs",775,"Low","Low","P1"
"https://freeaccuratecalculator.com/countries/france/conversion-calculator/",200,true,false,"INDEX,FOLLOW","https://freeaccuratecalculator.com/countries/france/conversion-calculator/",true,Yes,false,"Calculateur Universel d&#39;Unités France (€) — Calculateur Gratuit | Free Accurate Calculator","Conversion rapide d","Calculateur Universel d&#39;Unités France","fr-FR","france","country-hub","conversion-calculator","SoftwareApplication+Breadcrumbs",755,"Low","Low","P1"
"https://freeaccuratecalculator.com/countries/france/conversion-rate-calculator/",200,true,false,"INDEX,FOLLOW","https://freeaccuratecalculator.com/countries/france/conversion-rate-calculator/",true,Yes,false,"Calculateur de Taux de Conversion France (€) — Calculateur Gratuit | Free Accurate Calculator","Pourcentage de visiteurs convertis en clients ou prospects. Calculateur gratuit; instantané et conforme aux normes françaises.","Calculateur de Taux de Conversion France","fr-FR","france","country-hub","conversion-rate-calculator","SoftwareApplication+Breadcrumbs",748,"Low","Low","P1"
"https://freeaccuratecalculator.com/countries/france/converter/conversion-calculator/",200,true,false,"INDEX,FOLLOW","https://freeaccuratecalculator.com/countries/france/converter/conversion-calculator/",true,Yes,false,"Calculateur Universel d&#39;Unités France (€) — Calculateur Gratuit | Free Accurate Calculator","Conversion rapide d","Calculateur Universel d&#39;Unités France","fr-FR","france","converter","conversion-calculator","SoftwareApplication+Breadcrumbs",755,"Low","Low","P1"
"https://freeaccuratecalculator.com/countries/france/converter/",200,true,false,"INDEX,FOLLOW","https://freeaccuratecalculator.com/countries/france/converter/",true,Yes,false,"Calculatrices de Convertisseur Gratuites et Précises France 2026 | Free Accurate Calculator","Outils de calcul gratuits et précis pour la catégorie Convertisseur en France. 100% confidentiel; sans publicité et conforme aux normes françaises.","Calculatrices de Convertisseur pour la France","fr-FR","france","country-hub","","WebPage+Breadcrumbs",557,"Low","Low","P1"
"https://freeaccuratecalculator.com/countries/france/converter/length-converter/",200,true,false,"INDEX,FOLLOW","https://freeaccuratecalculator.com/countries/france/converter/length-converter/",true,Yes,false,"Convertisseur de Longueur France (€) — Calculateur Gratuit | Free Accurate Calculator","Mètres; kilomètres; pouces; pieds; miles et centimètres. Calculateur gratuit; instantané et conforme aux normes françaises.","Convertisseur de Longueur France","fr-FR","france","converter","length-converter","SoftwareApplication+Breadcrumbs",752,"Low","Low","P1"
"https://freeaccuratecalculator.com/countries/france/converter/temperature-converter/",200,true,false,"INDEX,FOLLOW","https://freeaccuratecalculator.com/countries/france/converter/temperature-converter/",true,Yes,false,"Convertisseur de Température France (€) — Calculateur Gratuit | Free Accurate Calculator","Celsius (°C); Fahrenheit (°F) et Kelvin (K). Calculateur gratuit; instantané et conforme aux normes françaises.","Convertisseur de Température France","fr-FR","france","converter","temperature-converter","SoftwareApplication+Breadcrumbs",739,"Low","Low","P1"
"https://freeaccuratecalculator.com/countries/france/converter/weight-converter/",200,true,false,"INDEX,FOLLOW","https://freeaccuratecalculator.com/countries/france/converter/weight-converter/",true,Yes,false,"Convertisseur de Poids &amp; Masse France (€) — Calculateur Gratuit | Free Accurate Calculator","Grammes; kilogrammes; livres (lbs); onces et tonnes. Calculateur gratuit; instantané et conforme aux normes françaises.","Convertisseur de Poids &amp; Masse France","fr-FR","france","converter","weight-converter","SoftwareApplication+Breadcrumbs",758,"Low","Low","P1"
"https://freeaccuratecalculator.com/countries/france/data-transfer-calculator/",200,true,false,"INDEX,FOLLOW","https://freeaccuratecalculator.com/countries/france/data-transfer-calculator/",true,Yes,false,"Calculateur de Temps de Téléchargement France (€) — Calculateur Gratuit | Free Accurate Calculator","Estimation de la durée de téléchargement selon la vitesse de connexion. Calculateur gratuit; instantané et conforme aux normes françaises.","Calculateur de Temps de Téléchargement France","fr-FR","france","country-hub","data-transfer-calculator","SoftwareApplication+Breadcrumbs",746,"Low","Low","P1"
"https://freeaccuratecalculator.com/countries/france/disability-insurance-calculator/",200,true,false,"INDEX,FOLLOW","https://freeaccuratecalculator.com/countries/france/disability-insurance-calculator/",true,Yes,false,"Simulateur de Prévoyance Invalidité France — Rente &amp; Maintien de Salaire | Free Accurate Calculator","Calculez votre besoin de rente complémentaire d’invalidité pour maintenir votre revenu en cas d’incapacité de travail prolongée ou de maladie grave.","Simulateur de Prévoyance Invalidité France","fr-FR","france","country-hub","disability-insurance-calculator","SoftwareApplication+Breadcrumbs",832,"Low","Low","P1"
"https://freeaccuratecalculator.com/countries/france/due-date-calculator/",200,true,false,"INDEX,FOLLOW","https://freeaccuratecalculator.com/countries/france/due-date-calculator/",true,Yes,false,"Calculateur de Date d&#39;Accouchement France (€) — Calculateur Gratuit | Free Accurate Calculator","Date prévisionnelle de terme selon le premier jour des dernières règles. Calculateur gratuit; instantané et conforme aux normes françaises.","Calculateur de Date d&#39;Accouchement France","fr-FR","france","country-hub","due-date-calculator","SoftwareApplication+Breadcrumbs",747,"Low","Low","P1"
"https://freeaccuratecalculator.com/countries/france/ecology/carbon-footprint-calculator/",200,true,false,"INDEX,FOLLOW","https://freeaccuratecalculator.com/countries/france/ecology/carbon-footprint-calculator/",true,Yes,false,"Calculateur d&#39;Empreinte Carbone Personnelle France (€) — Calculateur Gratuit | Free Accurate Calculator","Émissions annuelles en tonnes d","Calculateur d&#39;Empreinte Carbone Personnelle France","fr-FR","france","ecology","carbon-footprint-calculator","SoftwareApplication+Breadcrumbs",769,"Low","Low","P1"
"https://freeaccuratecalculator.com/countries/france/ecology/compost-ratio-calculator/",200,true,false,"INDEX,FOLLOW","https://freeaccuratecalculator.com/countries/france/ecology/compost-ratio-calculator/",true,Yes,false,"Calculateur d&#39;Équilibre Carbone / Azote (C/N) France (€) — Calculateur Gratuit | Free Accurate Calculator","Équilibre matières brunes et vertes pour un compostage réussi. Calculateur gratuit; instantané et conforme aux normes françaises.","Calculateur d&#39;Équilibre Carbone / Azote (C/N) France","fr-FR","france","ecology","compost-ratio-calculator","SoftwareApplication+Breadcrumbs",773,"Low","Low","P1"
"https://freeaccuratecalculator.com/countries/france/ecology/",200,true,false,"INDEX,FOLLOW","https://freeaccuratecalculator.com/countries/france/ecology/",true,Yes,false,"Calculatrices de Écologie Gratuites et Précises France 2026 | Free Accurate Calculator","Outils de calcul gratuits et précis pour la catégorie Écologie en France. 100% confidentiel; sans publicité et conforme aux normes françaises.","Calculatrices de Écologie pour la France","fr-FR","france","country-hub","","WebPage+Breadcrumbs",562,"Low","Low","P1"
"https://freeaccuratecalculator.com/countries/france/ecology/solar-energy-calculator/",200,true,false,"INDEX,FOLLOW","https://freeaccuratecalculator.com/countries/france/ecology/solar-energy-calculator/",true,Yes,false,"Calculateur de Rendement Solaire Panneaux France (€) — Calculateur Gratuit | Free Accurate Calculator","Production d","Calculateur de Rendement Solaire Panneaux France","fr-FR","france","ecology","solar-energy-calculator","SoftwareApplication+Breadcrumbs",770,"Low","Low","P1"
"https://freeaccuratecalculator.com/countries/france/ecology/water-conservation-calculator/",200,true,false,"INDEX,FOLLOW","https://freeaccuratecalculator.com/countries/france/ecology/water-conservation-calculator/",true,Yes,false,"Calculateur d&#39;Économie d&#39;Eau France (€) — Calculateur Gratuit | Free Accurate Calculator","Volume d","Calculateur d&#39;Économie d&#39;Eau France","fr-FR","france","ecology","water-conservation-calculator","SoftwareApplication+Breadcrumbs",761,"Low","Low","P1"
"https://freeaccuratecalculator.com/countries/france/email-roi-calculator/",200,true,false,"INDEX,FOLLOW","https://freeaccuratecalculator.com/countries/france/email-roi-calculator/",true,Yes,false,"Calculateur de Rentabilité Emailing France (€) — Calculateur Gratuit | Free Accurate Calculator","Retour sur investissement de vos newsletters et campagnes marketing. Calculateur gratuit; instantané et conforme aux normes françaises.","Calculateur de Rentabilité Emailing France","fr-FR","france","country-hub","email-roi-calculator","SoftwareApplication+Breadcrumbs",743,"Low","Low","P1"
"https://freeaccuratecalculator.com/countries/france/emi-calculator/",200,true,false,"INDEX,FOLLOW","https://freeaccuratecalculator.com/countries/france/emi-calculator/",true,Yes,false,"Calculateur de Mensualités de Prêt France — Amortissement &amp; Échéances | Free Accurate Calculator","Calculez avec précision vos mensualités d’emprunt amortissable à capital décroissant; le coût global du crédit et les intérêts totaux pour la France.","Calculateur de Mensualités de Prêt France","fr-FR","france","country-hub","emi-calculator","SoftwareApplication+Breadcrumbs",829,"Low","Moderate (Intent Segmented)","P1"
"https://freeaccuratecalculator.com/countries/france/everyday/gpa-calculator/",200,true,false,"INDEX,FOLLOW","https://freeaccuratecalculator.com/countries/france/everyday/gpa-calculator/",true,Yes,false,"Calculateur de Moyenne Scolaire (GPA) France (€) — Calculateur Gratuit | Free Accurate Calculator","Moyenne générale pondérée avec coefficients. Calculateur gratuit; instantané et conforme aux normes françaises.","Calculateur de Moyenne Scolaire (GPA) France","fr-FR","france","everyday","gpa-calculator","SoftwareApplication+Breadcrumbs",770,"Low","Low","P1"
"https://freeaccuratecalculator.com/countries/france/everyday/grade-calculator/",200,true,false,"INDEX,FOLLOW","https://freeaccuratecalculator.com/countries/france/everyday/grade-calculator/",true,Yes,false,"Calculateur de Notes &amp; Moyenne France (€) — Calculateur Gratuit | Free Accurate Calculator","Moyenne scolaire pondérée avec coefficients et barèmes. Calculateur gratuit; instantané et conforme aux normes françaises.","Calculateur de Notes &amp; Moyenne France","fr-FR","france","everyday","grade-calculator","SoftwareApplication+Breadcrumbs",762,"Low","Low","P1"
"https://freeaccuratecalculator.com/countries/france/everyday/hours-calculator/",200,true,false,"INDEX,FOLLOW","https://freeaccuratecalculator.com/countries/france/everyday/hours-calculator/",true,Yes,false,"Calculateur d&#39;Heures de Travail France (€) — Calculateur Gratuit | Free Accurate Calculator","Comptabilisation des heures de présence et temps de pause. Calculateur gratuit; instantané et conforme aux normes françaises.","Calculateur d&#39;Heures de Travail France","fr-FR","france","everyday","hours-calculator","SoftwareApplication+Breadcrumbs",760,"Low","Low","P1"
"https://freeaccuratecalculator.com/countries/france/everyday/",200,true,false,"INDEX,FOLLOW","https://freeaccuratecalculator.com/countries/france/everyday/",true,Yes,false,"Calculatrices de Quotidien Gratuites et Précises France 2026 | Free Accurate Calculator","Outils de calcul gratuits et précis pour la catégorie Quotidien en France. 100% confidentiel; sans publicité et conforme aux normes françaises.","Calculatrices de Quotidien pour la France","fr-FR","france","country-hub","","WebPage+Breadcrumbs",561,"Low","Low","P1"
"https://freeaccuratecalculator.com/countries/france/everyday/time-calculator/",200,true,false,"INDEX,FOLLOW","https://freeaccuratecalculator.com/countries/france/everyday/time-calculator/",true,Yes,false,"Calculateur de Durée &amp; Heures France (€) — Calculateur Gratuit | Free Accurate Calculator","Addition et soustraction d","Calculateur de Durée &amp; Heures France","fr-FR","france","everyday","time-calculator","SoftwareApplication+Breadcrumbs",754,"Low","Low","P1"
"https://freeaccuratecalculator.com/countries/france/finance/amortization-calculator/",200,true,false,"INDEX,FOLLOW","https://freeaccuratecalculator.com/countries/france/finance/amortization-calculator/",true,Yes,false,"Calculateur de Tableau d’Amortissement France — Échéancier Mois par Mois | Free Accurate Calculator","Générez l’échéancier mensuel complet de votre prêt bancaire avec ventilation exacte entre part de capital amorti; intérêts payés et capital restant dû.","Calculateur de Tableau d’Amortissement France","fr-FR","france","finance","amortization-calculator","SoftwareApplication+Breadcrumbs",835,"Low","Low","P1"
"https://freeaccuratecalculator.com/countries/france/finance/auto-loan-calculator/",200,true,false,"INDEX,FOLLOW","https://freeaccuratecalculator.com/countries/france/finance/auto-loan-calculator/",true,Yes,false,"Simulateur de Prêt Auto France 2026 — Mensualités Véhicule &amp; Crédit | Free Accurate Calculator","Simulez vos mensualités de crédit automobile pour voiture neuve ou d’occasion avec prise en compte de l’apport personnel; de la reprise de votre ancien véhicule et du coût total du financement.","Simulateur de Prêt Auto France","fr-FR","france","finance","auto-loan-calculator","SoftwareApplication+Breadcrumbs",923,"Low","Low","P1"
"https://freeaccuratecalculator.com/countries/france/finance/compound-interest-calculator/",200,true,false,"INDEX,FOLLOW","https://freeaccuratecalculator.com/countries/france/finance/compound-interest-calculator/",true,Yes,false,"Calculateur d’Intérêts Composés France — Croissance du Capital &amp; Épargne | Free Accurate Calculator","Calculez la capitalisation de votre patrimoine avec versements complémentaires programmés; fréquence d’intérêts modulable (mensuelle; annuelle) et projection patrimoniale détaillée.","Calculateur d’Intérêts Composés France","fr-FR","france","finance","compound-interest-calculator","SoftwareApplication+Breadcrumbs",949,"Low","Low","P1"
"https://freeaccuratecalculator.com/countries/france/finance/emi-calculator/",200,true,false,"INDEX,FOLLOW","https://freeaccuratecalculator.com/countries/france/finance/emi-calculator/",true,Yes,false,"Calculateur de Mensualités de Prêt France — Amortissement &amp; Échéances | Free Accurate Calculator","Calculez avec précision vos mensualités d’emprunt amortissable à capital décroissant; le coût global du crédit et les intérêts totaux pour la France.","Calculateur de Mensualités de Prêt France","fr-FR","france","finance","emi-calculator","SoftwareApplication+Breadcrumbs",829,"Low","Moderate (Intent Segmented)","P1"
"https://freeaccuratecalculator.com/countries/france/finance/finance-calculator/",200,true,false,"INDEX,FOLLOW","https://freeaccuratecalculator.com/countries/france/finance/finance-calculator/",true,Yes,false,"Calculateur Financier Universel France (€) — Calculateur Gratuit | Free Accurate Calculator","Outil financier polyvalent pour prêts; investissements et flux de trésorerie. Calculateur gratuit; instantané et conforme aux normes françaises.","Calculateur Financier Universel France","fr-FR","france","finance","finance-calculator","SoftwareApplication+Breadcrumbs",758,"Low","Low","P1"
"https://freeaccuratecalculator.com/countries/france/finance/income-tax-calculator/",200,true,false,"INDEX,FOLLOW","https://freeaccuratecalculator.com/countries/france/finance/income-tax-calculator/",true,Yes,false,"Calculateur Salaire Brut en Net France 2026 — Fiche de Paie &amp; Charges | Free Accurate Calculator","Convertissez instantanément votre salaire brut en net mensuel ou annuel; en intégrant les cotisations salariales moyennes (22% non-cadre; 25% cadre) et la base légale de 35 heures.","Calculateur Salaire Brut en Net France","fr-FR","france","finance","income-tax-calculator","SoftwareApplication+Breadcrumbs",993,"Low","Low","P1"
"https://freeaccuratecalculator.com/countries/france/finance/",200,true,false,"INDEX,FOLLOW","https://freeaccuratecalculator.com/countries/france/finance/",true,Yes,false,"Calculatrices Financières France 2026 | Prêt; TVA; Salaire Net; Impôt | Free Accurate Calculator","Calculatrices financières gratuites et précises pour la France : simulation de prêt immobilier; mensualités crédit; TVA; impôt sur le revenu et salaire net.","Calculatrices Financières pour la France. Rapides; Précises et Fiables.","fr-FR","france","country-hub","","WebPage+Breadcrumbs",1221,"Low","Low","P1"
"https://freeaccuratecalculator.com/countries/france/finance/inflation-calculator/",200,true,false,"INDEX,FOLLOW","https://freeaccuratecalculator.com/countries/france/finance/inflation-calculator/",true,Yes,false,"Calculateur d’Inflation France — Érosion Monétaire &amp; Pouvoir d’Achat | Free Accurate Calculator","Mesurez l’impact de l’inflation sur votre pouvoir d’achat en euros et projetez le coût futur équivalent de vos dépenses selon les tendances de l’INSEE.","Calculateur d’Inflation France","fr-FR","france","finance","inflation-calculator","SoftwareApplication+Breadcrumbs",807,"Low","Low","P1"
"https://freeaccuratecalculator.com/countries/france/finance/interest-calculator/",200,true,false,"INDEX,FOLLOW","https://freeaccuratecalculator.com/countries/france/finance/interest-calculator/",true,Yes,false,"Calculateur d’Intérêts Bancaires France — Livret A; LDDS &amp; Comptes d’Épargne | Free Accurate Calculator","Calculez facilement le rendement et les intérêts générés par vos livrets bancaires français (Livret A; LDDS; LEP) et comptes d’épargne rémunérés.","Calculateur d’Intérêts Bancaires France","fr-FR","france","finance","interest-calculator","SoftwareApplication+Breadcrumbs",879,"Low","Low","P1"
"https://freeaccuratecalculator.com/countries/france/finance/interest-rate-calculator/",200,true,false,"INDEX,FOLLOW","https://freeaccuratecalculator.com/countries/france/finance/interest-rate-calculator/",true,Yes,false,"Calculateur de Taux d&#39;Intérêt France (€) — Calculateur Gratuit | Free Accurate Calculator","Déterminez le taux d","Calculateur de Taux d&#39;Intérêt France","fr-FR","france","finance","interest-rate-calculator","SoftwareApplication+Breadcrumbs",750,"Low","Low","P1"
"https://freeaccuratecalculator.com/countries/france/finance/investment-calculator/",200,true,false,"INDEX,FOLLOW","https://freeaccuratecalculator.com/countries/france/finance/investment-calculator/",true,Yes,false,"Calculateur de Rendement d’Investissement France — Plus-Values &amp; Portefeuille | Free Accurate Calculator","Simulez le rendement global de vos investissements financiers (PEA; compte-titres; assurance-vie; ETF; immobilier) et visualisez la croissance de votre capital.","Calculateur de Rendement d’Investissement France","fr-FR","france","finance","investment-calculator","SoftwareApplication+Breadcrumbs",827,"Low","Low","P1"
"https://freeaccuratecalculator.com/countries/france/finance/loan-calculator/",200,true,false,"INDEX,FOLLOW","https://freeaccuratecalculator.com/countries/france/finance/loan-calculator/",true,Yes,false,"Simulateur de Prêt Personnel France 2026 — Mensualités &amp; Taux Fixe | Free Accurate Calculator","Calculez facilement les mensualités de votre prêt personnel; crédit consommation ou prêt travaux selon le montant emprunté; le taux annuel et la durée en mois.","Simulateur de Prêt Personnel France","fr-FR","france","finance","loan-calculator","SoftwareApplication+Breadcrumbs",862,"Low","Low","P1"
"https://freeaccuratecalculator.com/countries/france/finance/lumpsum-calculator/",200,true,false,"INDEX,FOLLOW","https://freeaccuratecalculator.com/countries/france/finance/lumpsum-calculator/",true,Yes,false,"Simulateur de Placement Forfaitaire France — Rendement Versement Unique | Free Accurate Calculator","Projetez la valorisation future d’un capital placé en une seule fois (héritage; donation; prime ou cession) grâce à la puissance des intérêts composés.","Simulateur de Placement Forfaitaire France","fr-FR","france","finance","lumpsum-calculator","SoftwareApplication+Breadcrumbs",836,"Low","Low","P1"
"https://freeaccuratecalculator.com/countries/france/finance/mortgage-calculator/",200,true,false,"INDEX,FOLLOW","https://freeaccuratecalculator.com/countries/france/finance/mortgage-calculator/",true,Yes,false,"Simulateur de Prêt Immobilier France 2026 — Mensualités &amp; Amortissement | Free Accurate Calculator","Simulez vos mensualités d’emprunt immobilier avec tableau d’amortissement complet; taux d’intérêt fixe; apport personnel et assurance emprunteur selon les normes HCSF (endettement max 35%).","Simulateur de Prêt Immobilier France","fr-FR","france","finance","mortgage-calculator","SoftwareApplication+Breadcrumbs",1079,"Low","Low","P1"
"https://freeaccuratecalculator.com/countries/france/finance/payment-calculator/",200,true,false,"INDEX,FOLLOW","https://freeaccuratecalculator.com/countries/france/finance/payment-calculator/",true,Yes,false,"Calculateur de Mensualités de Crédit France (€) — Calculateur Gratuit | Free Accurate Calculator","Échéances d","Calculateur de Mensualités de Crédit France","fr-FR","france","finance","payment-calculator","SoftwareApplication+Breadcrumbs",775,"Low","Low","P1"
"https://freeaccuratecalculator.com/countries/france/finance/profit-margin-calculator/",200,true,false,"INDEX,FOLLOW","https://freeaccuratecalculator.com/countries/france/finance/profit-margin-calculator/",true,Yes,false,"Calculateur de Marge Bénéficiaire France (€) — Calculateur Gratuit | Free Accurate Calculator","Marge commerciale brute; nette et taux de marque pour entreprises. Calculateur gratuit; instantané et conforme aux normes françaises.","Calculateur de Marge Bénéficiaire France","fr-FR","france","finance","profit-margin-calculator","SoftwareApplication+Breadcrumbs",763,"Low","Low","P1"
"https://freeaccuratecalculator.com/countries/france/finance/retirement-calculator/",200,true,false,"INDEX,FOLLOW","https://freeaccuratecalculator.com/countries/france/finance/retirement-calculator/",true,Yes,false,"Simulateur d’Épargne Retraite France — Capital Cible &amp; Rente Future | Free Accurate Calculator","Évaluez le capital patrimonial nécessaire pour maintenir votre niveau de vie à la retraite et compléter votre pension des régimes obligatoires français.","Simulateur d’Épargne Retraite France","fr-FR","france","finance","retirement-calculator","SoftwareApplication+Breadcrumbs",888,"Low","Low","P1"
"https://freeaccuratecalculator.com/countries/france/finance/salary-calculator/",200,true,false,"INDEX,FOLLOW","https://freeaccuratecalculator.com/countries/france/finance/salary-calculator/",true,Yes,false,"Calculateur Salaire Brut en Net France 2026 — Fiche de Paie &amp; Charges | Free Accurate Calculator","Convertissez instantanément votre salaire brut en net mensuel ou annuel; en intégrant les cotisations salariales moyennes (22% non-cadre; 25% cadre) et la base légale de 35 heures.","Calculateur Salaire Brut en Net France","fr-FR","france","finance","salary-calculator","SoftwareApplication+Breadcrumbs",993,"Low","Low","P1"
"https://freeaccuratecalculator.com/countries/france/finance/sales-tax-calculator/",200,true,false,"INDEX,FOLLOW","https://freeaccuratecalculator.com/countries/france/finance/sales-tax-calculator/",true,Yes,false,"Calculateur de Taxe &amp; TVA France (20%; 10%; 5;5%) | Free Accurate Calculator","Calculez instantanément le montant Hors Taxe (HT); Toutes Taxes Comprises (TTC) et la TVA pour la France selon les taux légaux 20%; 10% et 5;5%.","Calculateur de Taxe &amp; TVA France","fr-FR","france","finance","sales-tax-calculator","SoftwareApplication+Breadcrumbs",786,"Low","Low","P1"
"https://freeaccuratecalculator.com/countries/france/finance/simple-interest-calculator/",200,true,false,"INDEX,FOLLOW","https://freeaccuratecalculator.com/countries/france/finance/simple-interest-calculator/",true,Yes,false,"Calculateur d’Intérêts Simples France — Rendement Linéaire Fixe | Free Accurate Calculator","Calculez directement les intérêts linéaires produits par un capital fixe sur une durée donnée; sans réinvestissement des gains périodiques.","Calculateur d’Intérêts Simples France","fr-FR","france","finance","simple-interest-calculator","SoftwareApplication+Breadcrumbs",811,"Low","Low","P1"
"https://freeaccuratecalculator.com/countries/france/finance/sip-calculator/",200,true,false,"INDEX,FOLLOW","https://freeaccuratecalculator.com/countries/france/finance/sip-calculator/",true,Yes,false,"Calculateur d’Épargne Programmée France — Versements Périodiques &amp; Rendement | Free Accurate Calculator","Simulez l’enrichissement de votre patrimoine grâce à des versements réguliers mensuels sur assurance-vie; PEA; compte-titres ou fonds indiciels avec réinvestissement des plus-values.","Calculateur d’Épargne Programmée France","fr-FR","france","finance","sip-calculator","SoftwareApplication+Breadcrumbs",843,"Low","Moderate (Intent Segmented)","P1"
"https://freeaccuratecalculator.com/countries/france/finance/step-up-sip-calculator/",200,true,false,"INDEX,FOLLOW","https://freeaccuratecalculator.com/countries/france/finance/step-up-sip-calculator/",true,Yes,false,"Calculateur d’Épargne avec Boost Annuel France — Versements Progressifs | Free Accurate Calculator","Simulez l’accélération de votre patrimoine en augmentant automatiquement vos versements d’épargne chaque année à mesure que vos revenus progressent.","Calculateur d’Épargne avec Boost Annuel France","fr-FR","france","finance","step-up-sip-calculator","SoftwareApplication+Breadcrumbs",851,"Low","Moderate (Intent Segmented)","P1"
"https://freeaccuratecalculator.com/countries/france/finance/swp-calculator/",200,true,false,"INDEX,FOLLOW","https://freeaccuratecalculator.com/countries/france/finance/swp-calculator/",true,Yes,false,"Simulateur de Rente &amp; Retrait Périodique (SWP) France — Capital Résiduel | Free Accurate Calculator","Calculez la pérennité de votre capital placé tout en prélevant un revenu mensuel régulier pour financer votre retraite ou vos projets.","Simulateur de Retrait Régulier France (SWP)","fr-FR","france","finance","swp-calculator","SoftwareApplication+Breadcrumbs",894,"Low","Low","P1"
"https://freeaccuratecalculator.com/countries/france/finance/vat-calculator/",200,true,false,"INDEX,FOLLOW","https://freeaccuratecalculator.com/countries/france/finance/vat-calculator/",true,Yes,false,"Calculateur de TVA France (20%; 10%; 5;5%) — Montant HT &amp; TTC | Free Accurate Calculator","Calculez instantanément le montant Hors Taxe (HT); Toutes Taxes Comprises (TTC) et la TVA pour la France selon les taux légaux 20%; 10% et 5;5%.","Calculateur de TVA France (20%; 10%; 5;5%)","fr-FR","france","finance","vat-calculator","SoftwareApplication+Breadcrumbs",961,"Low","Low","P1"
"https://freeaccuratecalculator.com/countries/france/finance-calculator/",200,true,false,"INDEX,FOLLOW","https://freeaccuratecalculator.com/countries/france/finance-calculator/",true,Yes,false,"Calculateur Financier Universel France (€) — Calculateur Gratuit | Free Accurate Calculator","Outil financier polyvalent pour prêts; investissements et flux de trésorerie. Calculateur gratuit; instantané et conforme aux normes françaises.","Calculateur Financier Universel France","fr-FR","france","country-hub","finance-calculator","SoftwareApplication+Breadcrumbs",758,"Low","Low","P1"
"https://freeaccuratecalculator.com/countries/france/food/bakers-percentage-calculator/",200,true,false,"INDEX,FOLLOW","https://freeaccuratecalculator.com/countries/france/food/bakers-percentage-calculator/",true,Yes,false,"Calculateur de Pourcentage de Boulanger France (€) — Calculateur Gratuit | Free Accurate Calculator","Proportions de farine; eau; levain et sel pour panification. Calculateur gratuit; instantané et conforme aux normes françaises.","Calculateur de Pourcentage de Boulanger France","fr-FR","france","food","bakers-percentage-calculator","SoftwareApplication+Breadcrumbs",779,"Low","Moderate (Intent Segmented)","P1"
"https://freeaccuratecalculator.com/countries/france/food/calorie-per-serving-calculator/",200,true,false,"INDEX,FOLLOW","https://freeaccuratecalculator.com/countries/france/food/calorie-per-serving-calculator/",true,Yes,false,"Calculateur de Calories par Portion France (€) — Calculateur Gratuit | Free Accurate Calculator","Valeur calorique totale divisée par le nombre de parts servies. Calculateur gratuit; instantané et conforme aux normes françaises.","Calculateur de Calories par Portion France","fr-FR","france","food","calorie-per-serving-calculator","SoftwareApplication+Breadcrumbs",743,"Low","Low","P1"
"https://freeaccuratecalculator.com/countries/france/food/",200,true,false,"INDEX,FOLLOW","https://freeaccuratecalculator.com/countries/france/food/",true,Yes,false,"Calculatrices de Alimentation Gratuites et Précises France 2026 | Free Accurate Calculator","Outils de calcul gratuits et précis pour la catégorie Alimentation en France. 100% confidentiel; sans publicité et conforme aux normes françaises.","Calculatrices de Alimentation pour la France","fr-FR","france","country-hub","","WebPage+Breadcrumbs",563,"Low","Low","P1"
"https://freeaccuratecalculator.com/countries/france/food/macronutrient-calculator/",200,true,false,"INDEX,FOLLOW","https://freeaccuratecalculator.com/countries/france/food/macronutrient-calculator/",true,Yes,false,"Calculateur de Ratio Nutritionnel France (€) — Calculateur Gratuit | Free Accurate Calculator","Répartition énergétique en glucides; lipides et protéines d","Calculateur de Ratio Nutritionnel France","fr-FR","france","food","macronutrient-calculator","SoftwareApplication+Breadcrumbs",761,"Low","Low","P1"
"https://freeaccuratecalculator.com/countries/france/food/recipe-scaler-calculator/",200,true,false,"INDEX,FOLLOW","https://freeaccuratecalculator.com/countries/france/food/recipe-scaler-calculator/",true,Yes,false,"Calculateur de Proportions de Recette France (€) — Calculateur Gratuit | Free Accurate Calculator","Ajustez les quantités d","Calculateur de Proportions de Recette France","fr-FR","france","food","recipe-scaler-calculator","SoftwareApplication+Breadcrumbs",758,"Low","Low","P1"
"https://freeaccuratecalculator.com/countries/france/fraction-calculator/",200,true,false,"INDEX,FOLLOW","https://freeaccuratecalculator.com/countries/france/fraction-calculator/",true,Yes,false,"Calculateur de Fractions France (€) — Calculateur Gratuit | Free Accurate Calculator","Addition; soustraction; multiplication et simplification de fractions. Calculateur gratuit; instantané et conforme aux normes françaises.","Calculateur de Fractions France","fr-FR","france","country-hub","fraction-calculator","SoftwareApplication+Breadcrumbs",757,"Low","Low","P1"
"https://freeaccuratecalculator.com/countries/france/frais-de-notaire/",200,true,false,"INDEX,FOLLOW","https://freeaccuratecalculator.com/countries/france/frais-de-notaire/",true,Yes,false,"Simulateur Frais de Notaire 2026 Gratuit | Calcul Officiel Immobilier &amp; DMTO | Free Accurate Calculator","Calculez gratuitement vos frais de notaire 2026 pour un achat immobilier ancien ou neuf. Émoluments réglementés; droits de mutation (DMTO); économie sur le mobilier et barèmes officiels.","Simulateur Frais de Notaire 2026 : Calculez Vos Droits d'Acquisition","fr-FR","france","country-hub","","SoftwareApplication+Breadcrumbs",929,"Low","Low","P1"
"https://freeaccuratecalculator.com/countries/france/frais-notaire/bordeaux/",200,true,false,"INDEX,FOLLOW","https://freeaccuratecalculator.com/countries/france/frais-notaire/bordeaux/",true,Yes,false,"Frais de Notaire Bordeaux 2026 : Calcul Gratuit &amp; Barème 33 | Free Accurate Calculator","Calculez les frais de notaire exacts pour votre achat immobilier à Bordeaux (33000). Droits de mutation DMTO (4.5%); émoluments 2026 et optimisation mobilier.","Simulateur Frais de Notaire à Bordeaux (2026) : Calcul Achat 33","fr-FR","france","frais-notaire","","SoftwareApplication+Breadcrumbs",595,"Low","Low","P1"
"https://freeaccuratecalculator.com/countries/france/frais-notaire/lille/",200,true,false,"INDEX,FOLLOW","https://freeaccuratecalculator.com/countries/france/frais-notaire/lille/",true,Yes,false,"Frais de Notaire Lille 2026 : Calcul Gratuit &amp; Barème 59 | Free Accurate Calculator","Calculez les frais de notaire exacts pour votre achat immobilier à Lille (59000). Droits de mutation DMTO (4.5%); émoluments 2026 et optimisation mobilier.","Simulateur Frais de Notaire à Lille (2026) : Calcul Achat 59","fr-FR","france","frais-notaire","","SoftwareApplication+Breadcrumbs",595,"Low","Low","P1"
"https://freeaccuratecalculator.com/countries/france/frais-notaire/lyon/",200,true,false,"INDEX,FOLLOW","https://freeaccuratecalculator.com/countries/france/frais-notaire/lyon/",true,Yes,false,"Frais de Notaire Lyon 2026 : Calcul Gratuit &amp; Barème 69 | Free Accurate Calculator","Calculez les frais de notaire exacts pour votre achat immobilier à Lyon (69000). Droits de mutation DMTO (4.5%); émoluments 2026 et optimisation mobilier.","Simulateur Frais de Notaire à Lyon (2026) : Calcul Achat 69","fr-FR","france","frais-notaire","","SoftwareApplication+Breadcrumbs",610,"Low","Low","P1"
"https://freeaccuratecalculator.com/countries/france/frais-notaire/marseille/",200,true,false,"INDEX,FOLLOW","https://freeaccuratecalculator.com/countries/france/frais-notaire/marseille/",true,Yes,false,"Frais de Notaire Marseille 2026 : Calcul Gratuit &amp; Barème 13 | Free Accurate Calculator","Calculez les frais de notaire exacts pour votre achat immobilier à Marseille (13000). Droits de mutation DMTO (4.5%); émoluments 2026 et optimisation mobilier.","Simulateur Frais de Notaire à Marseille (2026) : Calcul Achat 13","fr-FR","france","frais-notaire","","SoftwareApplication+Breadcrumbs",601,"Low","Low","P1"
"https://freeaccuratecalculator.com/countries/france/frais-notaire/montpellier/",200,true,false,"INDEX,FOLLOW","https://freeaccuratecalculator.com/countries/france/frais-notaire/montpellier/",true,Yes,false,"Frais de Notaire Montpellier 2026 : Calcul Gratuit &amp; Barème 34 | Free Accurate Calculator","Calculez les frais de notaire exacts pour votre achat immobilier à Montpellier (34000). Droits de mutation DMTO (4.5%); émoluments 2026 et optimisation mobilier.","Simulateur Frais de Notaire à Montpellier (2026) : Calcul Achat 34","fr-FR","france","frais-notaire","","SoftwareApplication+Breadcrumbs",588,"Low","Low","P1"
"https://freeaccuratecalculator.com/countries/france/frais-notaire/nantes/",200,true,false,"INDEX,FOLLOW","https://freeaccuratecalculator.com/countries/france/frais-notaire/nantes/",true,Yes,false,"Frais de Notaire Nantes 2026 : Calcul Gratuit &amp; Barème 44 | Free Accurate Calculator","Calculez les frais de notaire exacts pour votre achat immobilier à Nantes (44000). Droits de mutation DMTO (4.5%); émoluments 2026 et optimisation mobilier.","Simulateur Frais de Notaire à Nantes (2026) : Calcul Achat 44","fr-FR","france","frais-notaire","","SoftwareApplication+Breadcrumbs",591,"Low","Low","P1"
"https://freeaccuratecalculator.com/countries/france/frais-notaire/nice/",200,true,false,"INDEX,FOLLOW","https://freeaccuratecalculator.com/countries/france/frais-notaire/nice/",true,Yes,false,"Frais de Notaire Nice 2026 : Calcul Gratuit &amp; Barème 06 | Free Accurate Calculator","Calculez les frais de notaire exacts pour votre achat immobilier à Nice (06000). Droits de mutation DMTO (4.5%); émoluments 2026 et optimisation mobilier.","Simulateur Frais de Notaire à Nice (2026) : Calcul Achat 06","fr-FR","france","frais-notaire","","SoftwareApplication+Breadcrumbs",600,"Low","Low","P1"
"https://freeaccuratecalculator.com/countries/france/frais-notaire/paris/",200,true,false,"INDEX,FOLLOW","https://freeaccuratecalculator.com/countries/france/frais-notaire/paris/",true,Yes,false,"Frais de Notaire Paris 2026 : Calcul Gratuit &amp; Barème 75 | Free Accurate Calculator","Calculez les frais de notaire exacts pour votre achat immobilier à Paris (75000). Droits de mutation DMTO (4.5%); émoluments 2026 et optimisation mobilier.","Simulateur Frais de Notaire à Paris (2026) : Calcul Achat 75","fr-FR","france","frais-notaire","","SoftwareApplication+Breadcrumbs",612,"Low","Low","P1"
"https://freeaccuratecalculator.com/countries/france/frais-notaire/strasbourg/",200,true,false,"INDEX,FOLLOW","https://freeaccuratecalculator.com/countries/france/frais-notaire/strasbourg/",true,Yes,false,"Frais de Notaire Strasbourg 2026 : Calcul Gratuit &amp; Barème 67 | Free Accurate Calculator","Calculez les frais de notaire exacts pour votre achat immobilier à Strasbourg (67000). Droits de mutation DMTO (4.5%); émoluments 2026 et optimisation mobilier.","Simulateur Frais de Notaire à Strasbourg (2026) : Calcul Achat 67","fr-FR","france","frais-notaire","","SoftwareApplication+Breadcrumbs",590,"Low","Low","P1"
"https://freeaccuratecalculator.com/countries/france/frais-notaire/toulouse/",200,true,false,"INDEX,FOLLOW","https://freeaccuratecalculator.com/countries/france/frais-notaire/toulouse/",true,Yes,false,"Frais de Notaire Toulouse 2026 : Calcul Gratuit &amp; Barème 31 | Free Accurate Calculator","Calculez les frais de notaire exacts pour votre achat immobilier à Toulouse (31000). Droits de mutation DMTO (4.5%); émoluments 2026 et optimisation mobilier.","Simulateur Frais de Notaire à Toulouse (2026) : Calcul Achat 31","fr-FR","france","frais-notaire","","SoftwareApplication+Breadcrumbs",595,"Low","Low","P1"
"https://freeaccuratecalculator.com/countries/france/frais-reels-abattement/",200,true,false,"INDEX,FOLLOW","https://freeaccuratecalculator.com/countries/france/frais-reels-abattement/",true,Yes,false,"Comparateur Frais Réels vs Abattement 10% 2026 | Optimisation Impôt France | Free Accurate Calculator","Comparez gratuitement vos frais réels et l","Comparateur Frais Réels vs Abattement Forfaitaire de 10%","fr-FR","france","country-hub","","WebPage+Breadcrumbs",682,"Low","Low","P1"
"https://freeaccuratecalculator.com/countries/france/fuel-cost-calculator/",200,true,false,"INDEX,FOLLOW","https://freeaccuratecalculator.com/countries/france/fuel-cost-calculator/",true,Yes,false,"Calculateur de Coût de Carburant France (€) — Calculateur Gratuit | Free Accurate Calculator","Prix du trajet selon la distance; consommation et prix au litre. Calculateur gratuit; instantané et conforme aux normes françaises.","Calculateur de Coût de Carburant France","fr-FR","france","country-hub","fuel-cost-calculator","SoftwareApplication+Breadcrumbs",758,"Low","Low","P1"
"https://freeaccuratecalculator.com/countries/france/golf-handicap-calculator/",200,true,false,"INDEX,FOLLOW","https://freeaccuratecalculator.com/countries/france/golf-handicap-calculator/",true,Yes,false,"Calculateur de Handicap de Golf France (€) — Calculateur Gratuit | Free Accurate Calculator","Index de jeu selon les scores de parcours et le slope officiel. Calculateur gratuit; instantané et conforme aux normes françaises.","Calculateur de Handicap de Golf France","fr-FR","france","country-hub","golf-handicap-calculator","SoftwareApplication+Breadcrumbs",750,"Low","Low","P1"
"https://freeaccuratecalculator.com/countries/france/gpa-calculator/",200,true,false,"INDEX,FOLLOW","https://freeaccuratecalculator.com/countries/france/gpa-calculator/",true,Yes,false,"Calculateur de Moyenne Scolaire (GPA) France (€) — Calculateur Gratuit | Free Accurate Calculator","Moyenne générale pondérée avec coefficients. Calculateur gratuit; instantané et conforme aux normes françaises.","Calculateur de Moyenne Scolaire (GPA) France","fr-FR","france","country-hub","gpa-calculator","SoftwareApplication+Breadcrumbs",770,"Low","Low","P1"
"https://freeaccuratecalculator.com/countries/france/grade-calculator/",200,true,false,"INDEX,FOLLOW","https://freeaccuratecalculator.com/countries/france/grade-calculator/",true,Yes,false,"Calculateur de Notes &amp; Moyenne France (€) — Calculateur Gratuit | Free Accurate Calculator","Moyenne scolaire pondérée avec coefficients et barèmes. Calculateur gratuit; instantané et conforme aux normes françaises.","Calculateur de Notes &amp; Moyenne France","fr-FR","france","country-hub","grade-calculator","SoftwareApplication+Breadcrumbs",762,"Low","Low","P1"
"https://freeaccuratecalculator.com/countries/france/guides/assurance-emprunteur-loi-lemoine/",200,true,false,"INDEX,FOLLOW","https://freeaccuratecalculator.com/countries/france/guides/assurance-emprunteur-loi-lemoine/",true,Yes,false,"Assurance Emprunteur &amp; Loi Lemoine 2026 : Résiliation et Économies | Free Accurate Calculator","Changez d","Assurance Emprunteur &amp; Loi Lemoine : Comment Économiser Jusqu&#39;à 15 000 € en 2026","fr-FR","france","guides","","WebPage+Breadcrumbs",767,"Low","Low","P1"
"https://freeaccuratecalculator.com/countries/france/guides/bareme-impot-revenu-2026/",200,true,false,"INDEX,FOLLOW","https://freeaccuratecalculator.com/countries/france/guides/bareme-impot-revenu-2026/",true,Yes,false,"Impôt sur le Revenu 2026 : Guide Complet - Barèmes; Calcul et Optimisation | Free Accurate Calculator","Guide complet sur l","Impôt sur le Revenu 2026 : Guide Complet - Barèmes; Calcul et Optimisation","fr-FR","france","guides","","WebPage+Breadcrumbs",1391,"Low","Low","P1"
"https://freeaccuratecalculator.com/countries/france/guides/bareme-kilometrique-dgfip-2026/",200,true,false,"INDEX,FOLLOW","https://freeaccuratecalculator.com/countries/france/guides/bareme-kilometrique-dgfip-2026/",true,Yes,false,"Barème Kilométrique 2026 : Calcul DGFIP; Voitures; Motos et Bonus Électrique | Free Accurate Calculator","Guide complet sur les indemnités kilométriques 2026 en France. Découvrez les formules officielles DGFIP par CV; la majoration de 20% pour les véhicules électriques et les règles de déduction fiscale.","Indemnités Kilométriques 2026 : Barème Officiel DGFIP; Calcul et Majoration Électrique","fr-FR","france","guides","","WebPage+Breadcrumbs",1307,"Low","Low","P1"
"https://freeaccuratecalculator.com/countries/france/guides/calcul-tva-france-taux-formules/",200,true,false,"INDEX,FOLLOW","https://freeaccuratecalculator.com/countries/france/guides/calcul-tva-france-taux-formules/",true,Yes,false,"Calculateur de TVA France 2026 : Formules HT/TTC; Extraction et Taux Officiels | Free Accurate Calculator","Guide complet sur la TVA en France en 2026. Maîtrisez le calcul HT vers TTC; l","Calcul de TVA en France : Formules HT/TTC; Extraction et les 4 Taux Officiels 2026","fr-FR","france","guides","","WebPage+Breadcrumbs",996,"Low","Low","P1"
"https://freeaccuratecalculator.com/countries/france/guides/conversion-salaire-brut-en-net-france/",200,true,false,"INDEX,FOLLOW","https://freeaccuratecalculator.com/countries/france/guides/conversion-salaire-brut-en-net-france/",true,Yes,false,"Calcul Salaire Brut en Net 2026 : Simulateur Cadre; Non-Cadre et Impôts | Free Accurate Calculator","Convertissez instantanément votre salaire brut en net en France en 2026. Découvrez les taux de cotisations salariales (22% vs 25%); le salaire super-brut et l","Convertir un Salaire Brut en Net en France : Simulateur Cadre et Non-Cadre 2026","fr-FR","france","guides","","WebPage+Breadcrumbs",685,"Low","Low","P1"
"https://freeaccuratecalculator.com/countries/france/guides/frais-reels-vs-abattement-10/",200,true,false,"INDEX,FOLLOW","https://freeaccuratecalculator.com/countries/france/guides/frais-reels-vs-abattement-10/",true,Yes,false,"Frais Réels 2026 : Guide Complet - Déductions Impôts et Optimisation | Free Accurate Calculator","Guide complet sur les frais réels déductibles 2026. Découvrez comment déduire vos frais professionnels; kilométriques; repas et réduire votre impôt sur le revenu légalement.","Frais Réels 2026 : Guide Complet - Déductions Impôts et Optimisation","fr-FR","france","guides","","WebPage+Breadcrumbs",1279,"Low","Low","P1"
"https://freeaccuratecalculator.com/countries/france/guides/indemnite-legale-licenciement-code-travail/",200,true,false,"INDEX,FOLLOW","https://freeaccuratecalculator.com/countries/france/guides/indemnite-legale-licenciement-code-travail/",true,Yes,false,"Calcul Indemnité de Licenciement 2026 : Formule Légale Code du Travail | Free Accurate Calculator","Guide complet sur le calcul de l","Indemnité de Licenciement : Formule Légale du Code du Travail et Fiscalité 2026","fr-FR","france","guides","","WebPage+Breadcrumbs",725,"Low","Low","P1"
"https://freeaccuratecalculator.com/countries/france/guides/",200,true,false,"INDEX,FOLLOW","https://freeaccuratecalculator.com/countries/france/guides/",true,Yes,false,"Guides Pratiques France 2026 | Fiscalité; Immobilier; Salaires &amp; Droit Social | Free Accurate Calculator","Dossiers complets; méthodologies officielles et analyses chiffrées pour la France : impôt sur le revenu 2026; frais réels; TVA; APL; prêt HCSF; indemnité de licenciement et conversion brut en net.","Guides Pratiques & Décisions Chiffrées pour la France","fr","france","country-hub","","WebPage+Breadcrumbs",1357,"Low","Low","P1"
"https://freeaccuratecalculator.com/countries/france/guides/interets-composes-epargne-france/",200,true,false,"INDEX,FOLLOW","https://freeaccuratecalculator.com/countries/france/guides/interets-composes-epargne-france/",true,Yes,false,"Intérêts Composés 2026 : Simulateur d&#39;Épargne (Livret A; PEA; LEP) | Free Accurate Calculator","Faites travailler votre argent. Simulez la croissance de votre capital avec les intérêts composés sur Livret A; LEP; PEA et Assurance-Vie en 2026.","Intérêts Composés &amp; Épargne en France : Multiplier son Capital en 2026","fr-FR","france","guides","","WebPage+Breadcrumbs",784,"Low","Low","P1"
"https://freeaccuratecalculator.com/countries/france/guides/pret-immobilier-normes-hcsf-2026/",200,true,false,"INDEX,FOLLOW","https://freeaccuratecalculator.com/countries/france/guides/pret-immobilier-normes-hcsf-2026/",true,Yes,false,"Prêt Immobilier 2026 : Règles HCSF 35%; Capacité d&#39;Emprunt et Mensualités | Free Accurate Calculator","Guide complet sur le prêt immobilier en 2026 en France. Découvrez les normes contraignantes HCSF à 35% d","Prêt Immobilier 2026 : Règles HCSF; Taux d&#39;Endettement 35% et Capacité d&#39;Emprunt","fr-FR","france","guides","","WebPage+Breadcrumbs",1004,"Low","Low","P1"
"https://freeaccuratecalculator.com/countries/france/guides/reforme-retraite-france-64-ans/",200,true,false,"INDEX,FOLLOW","https://freeaccuratecalculator.com/countries/france/guides/reforme-retraite-france-64-ans/",true,Yes,false,"Calcul Retraite France 2026 : Âge Légal 64 Ans; 172 Trimestres et Pension | Free Accurate Calculator","Guide complet sur la retraite en France en 2026. Comprenez l","Retraite en France 2026 : Âge Légal à 64 Ans; 172 Trimestres et Simulateur","fr-FR","france","guides","","WebPage+Breadcrumbs",755,"Low","Low","P1"
"https://freeaccuratecalculator.com/countries/france/guides/simulateur-apl-baremes-caf-2026/",200,true,false,"INDEX,FOLLOW","https://freeaccuratecalculator.com/countries/france/guides/simulateur-apl-baremes-caf-2026/",true,Yes,false,"Simulateur APL 2026 : Calcul CAF; Zones 1; 2; 3 et Montant des Droits | Free Accurate Calculator","Guide complet sur l","Simulateur APL 2026 : Barèmes CAF; Découpage par Zone et Calcul des Droits","fr-FR","france","guides","simulateur-apl-baremes-caf-2026","WebPage+Breadcrumbs",874,"Low","Low","P1"
"https://freeaccuratecalculator.com/countries/france/guides/taxe-amenagement-baremes-2026/",200,true,false,"INDEX,FOLLOW","https://freeaccuratecalculator.com/countries/france/guides/taxe-amenagement-baremes-2026/",true,Yes,false,"Taxe d&#39;Aménagement 2026 : Calcul; Abattement 50% et Barèmes Officiels | Free Accurate Calculator","Guide complet sur la taxe d","Taxe d&#39;Aménagement 2026 : Valeurs Forfaitaires; Abattement 50% et Modalités DGFIP","fr-FR","france","guides","","WebPage+Breadcrumbs",719,"Low","Low","P1"
"https://freeaccuratecalculator.com/countries/france/hardy-weinberg-calculator/",200,true,false,"INDEX,FOLLOW","https://freeaccuratecalculator.com/countries/france/hardy-weinberg-calculator/",true,Yes,false,"Calculateur d&#39;Équilibre de Hardy-Weinberg France (€) — Calculateur Gratuit | Free Accurate Calculator","Fréquences alléliques et génotypiques au sein d","Calculateur d&#39;Équilibre de Hardy-Weinberg France","fr-FR","france","country-hub","hardy-weinberg-calculator","SoftwareApplication+Breadcrumbs",740,"Low","Low","P1"
"https://freeaccuratecalculator.com/countries/france/health/bmr-calculator/",200,true,false,"INDEX,FOLLOW","https://freeaccuratecalculator.com/countries/france/health/bmr-calculator/",true,Yes,false,"Calculateur de Métabolisme de Base (MB) France (€) — Calculateur Gratuit | Free Accurate Calculator","Dépense calorique minimale au repos selon les équations Mifflin-St Jeor. Calculateur gratuit; instantané et conforme aux normes françaises.","Calculateur de Métabolisme de Base (MB) France","fr-FR","france","health","bmr-calculator","SoftwareApplication+Breadcrumbs",760,"Low","Low","P1"
"https://freeaccuratecalculator.com/countries/france/health/body-fat-calculator/",200,true,false,"INDEX,FOLLOW","https://freeaccuratecalculator.com/countries/france/health/body-fat-calculator/",true,Yes,false,"Calculateur de Masse Grasse France (€) — Calculateur Gratuit | Free Accurate Calculator","Pourcentage de tissu adipeux selon la formule de la marine américaine. Calculateur gratuit; instantané et conforme aux normes françaises.","Calculateur de Masse Grasse France","fr-FR","france","health","body-fat-calculator","SoftwareApplication+Breadcrumbs",754,"Low","Low","P1"
"https://freeaccuratecalculator.com/countries/france/health/due-date-calculator/",200,true,false,"INDEX,FOLLOW","https://freeaccuratecalculator.com/countries/france/health/due-date-calculator/",true,Yes,false,"Calculateur de Date d&#39;Accouchement France (€) — Calculateur Gratuit | Free Accurate Calculator","Date prévisionnelle de terme selon le premier jour des dernières règles. Calculateur gratuit; instantané et conforme aux normes françaises.","Calculateur de Date d&#39;Accouchement France","fr-FR","france","health","due-date-calculator","SoftwareApplication+Breadcrumbs",747,"Low","Low","P1"
"https://freeaccuratecalculator.com/countries/france/health/ideal-weight-calculator/",200,true,false,"INDEX,FOLLOW","https://freeaccuratecalculator.com/countries/france/health/ideal-weight-calculator/",true,Yes,false,"Calculateur de Poids Idéal France (€) — Calculateur Gratuit | Free Accurate Calculator","Poids de référence selon les formules Lorentz; Devine et Miller. Calculateur gratuit; instantané et conforme aux normes françaises.","Calculateur de Poids Idéal France","fr-FR","france","health","ideal-weight-calculator","SoftwareApplication+Breadcrumbs",731,"Low","Low","P1"
"https://freeaccuratecalculator.com/countries/france/health/",200,true,false,"INDEX,FOLLOW","https://freeaccuratecalculator.com/countries/france/health/",true,Yes,false,"Calculatrices de Santé Gratuites et Précises France 2026 | Free Accurate Calculator","Outils de calcul gratuits et précis pour la catégorie Santé en France. 100% confidentiel; sans publicité et conforme aux normes françaises.","Calculatrices de Santé pour la France","fr-FR","france","country-hub","","WebPage+Breadcrumbs",599,"Low","Low","P1"
"https://freeaccuratecalculator.com/countries/france/health/pace-calculator/",200,true,false,"INDEX,FOLLOW","https://freeaccuratecalculator.com/countries/france/health/pace-calculator/",true,Yes,false,"Calculateur d&#39;Allure de Course France (€) — Calculateur Gratuit | Free Accurate Calculator","Vitesse moyenne en min/km et temps de passage 5k; 10k; semi et marathon. Calculateur gratuit; instantané et conforme aux normes françaises.","Calculateur d&#39;Allure de Course France","fr-FR","france","health","pace-calculator","SoftwareApplication+Breadcrumbs",737,"Low","Low","P1"
"https://freeaccuratecalculator.com/countries/france/health/pregnancy-calculator/",200,true,false,"INDEX,FOLLOW","https://freeaccuratecalculator.com/countries/france/health/pregnancy-calculator/",true,Yes,false,"Calculateur de Grossesse &amp; Suivi France (€) — Calculateur Gratuit | Free Accurate Calculator","Calendrier de grossesse; semaines d","Calculateur de Grossesse &amp; Suivi France","fr-FR","france","health","pregnancy-calculator","SoftwareApplication+Breadcrumbs",732,"Low","Low","P1"
"https://freeaccuratecalculator.com/countries/france/health/pregnancy-conception-calculator/",200,true,false,"INDEX,FOLLOW","https://freeaccuratecalculator.com/countries/france/health/pregnancy-conception-calculator/",true,Yes,false,"Calculateur de Date de Conception France (€) — Calculateur Gratuit | Free Accurate Calculator","Période d","Calculateur de Date de Conception France","fr-FR","france","health","pregnancy-conception-calculator","SoftwareApplication+Breadcrumbs",759,"Low","Low","P1"
"https://freeaccuratecalculator.com/countries/france/health-insurance-calculator/",200,true,false,"INDEX,FOLLOW","https://freeaccuratecalculator.com/countries/france/health-insurance-calculator/",true,Yes,false,"Simulateur de Mutuelle Santé France 2026 — Cotisations; BRSS &amp; Reste à Charge | Free Accurate Calculator","Estimez vos cotisations de mutuelle santé; la prise en charge de la Sécurité Sociale (BRSS); les forfaits optique et dentaire; et votre reste à charge annuel réel en toute transparence.","Simulateur de Mutuelle Santé France","fr-FR","france","country-hub","health-insurance-calculator","SoftwareApplication+Breadcrumbs",1187,"Low","Low","P1"
"https://freeaccuratecalculator.com/countries/france/heart-rate-zone-calculator/",200,true,false,"INDEX,FOLLOW","https://freeaccuratecalculator.com/countries/france/heart-rate-zone-calculator/",true,Yes,false,"Calculateur de Zones Cardio Sport France (€) — Calculateur Gratuit | Free Accurate Calculator","Zones d","Calculateur de Zones Cardio Sport France","fr-FR","france","country-hub","heart-rate-zone-calculator","SoftwareApplication+Breadcrumbs",742,"Low","Low","P1"
"https://freeaccuratecalculator.com/countries/france/homeowners-insurance-calculator/",200,true,false,"INDEX,FOLLOW","https://freeaccuratecalculator.com/countries/france/homeowners-insurance-calculator/",true,Yes,false,"Simulateur d’Assurance Habitation France (MRH) — Tarif &amp; Cotisation Propriétaire | Free Accurate Calculator","Estimez votre prime annuelle d’assurance Multirisque Habitation (MRH) selon la surface en m²; le nombre de pièces; la valeur de vos biens mobiliers et le niveau de franchise.","Simulateur d’Assurance Habitation France","fr-FR","france","country-hub","homeowners-insurance-calculator","SoftwareApplication+Breadcrumbs",1063,"Low","Low","P1"
"https://freeaccuratecalculator.com/countries/france/hours-calculator/",200,true,false,"INDEX,FOLLOW","https://freeaccuratecalculator.com/countries/france/hours-calculator/",true,Yes,false,"Calculateur d&#39;Heures de Travail France (€) — Calculateur Gratuit | Free Accurate Calculator","Comptabilisation des heures de présence et temps de pause. Calculateur gratuit; instantané et conforme aux normes françaises.","Calculateur d&#39;Heures de Travail France","fr-FR","france","country-hub","hours-calculator","SoftwareApplication+Breadcrumbs",760,"Low","Low","P1"
"https://freeaccuratecalculator.com/countries/france/ideal-weight-calculator/",200,true,false,"INDEX,FOLLOW","https://freeaccuratecalculator.com/countries/france/ideal-weight-calculator/",true,Yes,false,"Calculateur de Poids Idéal France (€) — Calculateur Gratuit | Free Accurate Calculator","Poids de référence selon les formules Lorentz; Devine et Miller. Calculateur gratuit; instantané et conforme aux normes françaises.","Calculateur de Poids Idéal France","fr-FR","france","country-hub","ideal-weight-calculator","SoftwareApplication+Breadcrumbs",731,"Low","Low","P1"
"https://freeaccuratecalculator.com/countries/france/income-tax-calculator/",200,true,false,"INDEX,FOLLOW","https://freeaccuratecalculator.com/countries/france/income-tax-calculator/",true,Yes,false,"Calculateur Salaire Brut en Net France 2026 — Fiche de Paie &amp; Charges | Free Accurate Calculator","Convertissez instantanément votre salaire brut en net mensuel ou annuel; en intégrant les cotisations salariales moyennes (22% non-cadre; 25% cadre) et la base légale de 35 heures.","Calculateur Salaire Brut en Net France","fr-FR","france","country-hub","income-tax-calculator","SoftwareApplication+Breadcrumbs",993,"Low","Low","P1"
"https://freeaccuratecalculator.com/countries/france/indemnite-licenciement/",200,true,false,"INDEX,FOLLOW","https://freeaccuratecalculator.com/countries/france/indemnite-licenciement/",true,Yes,false,"Calculateur Indemnité de Licenciement 2026 | Code du Travail France | Free Accurate Calculator","Calculez gratuitement votre indemnité légale de licenciement selon le Code du travail (art. R1234-2). Estimation de l","Calculateur d'Indemnité Légale de Licenciement 2026","fr-FR","france","country-hub","","SoftwareApplication+Breadcrumbs",601,"Low","Low","P1"
"https://freeaccuratecalculator.com/countries/france/indemnites-kilometriques/",200,true,false,"INDEX,FOLLOW","https://freeaccuratecalculator.com/countries/france/indemnites-kilometriques/",true,Yes,false,"Calculateur Indemnités Kilométriques 2026 | Barème Fiscal Officiel France | Free Accurate Calculator","Calculez gratuitement vos indemnités kilométriques selon le barème officiel des impôts (DGFiP 2026). Prise en compte de la puissance fiscale (CV) et bonus électrique (+20%).","Calculateur d'Indemnités Kilométriques 2026","fr-FR","france","country-hub","","WebPage+Breadcrumbs",594,"Low","Low","P1"
"https://freeaccuratecalculator.com/countries/france/",200,true,false,"INDEX,FOLLOW","https://freeaccuratecalculator.com/countries/france/",true,Yes,false,"Calculatrices Financières Gratuites France 2026 | TVA; Salaire Net; Prêt Immobilier | Free Accurate Calculator","Calculatrices précises et gratuites pour la France : salaire net; TVA; prêt immobilier; impôts et retraite. 100% confidentiel; sans publicité et conforme aux normes françaises.","Calculatrices pour la France. Rapides; Précises et Fiables.","fr-FR","france","countries","","WebPage+Breadcrumbs",983,"Low","Low","P1"
"https://freeaccuratecalculator.com/countries/france/inflation-calculator/",200,true,false,"INDEX,FOLLOW","https://freeaccuratecalculator.com/countries/france/inflation-calculator/",true,Yes,false,"Calculateur d’Inflation France — Érosion Monétaire &amp; Pouvoir d’Achat | Free Accurate Calculator","Mesurez l’impact de l’inflation sur votre pouvoir d’achat en euros et projetez le coût futur équivalent de vos dépenses selon les tendances de l’INSEE.","Calculateur d’Inflation France","fr-FR","france","country-hub","inflation-calculator","SoftwareApplication+Breadcrumbs",807,"Low","Low","P1"
"https://freeaccuratecalculator.com/countries/france/insurance/annuity-payout-calculator/",200,true,false,"INDEX,FOLLOW","https://freeaccuratecalculator.com/countries/france/insurance/annuity-payout-calculator/",true,Yes,false,"Simulateur de Rente Viagère France (€) — Calculateur Gratuit | Free Accurate Calculator","Estimez les versements réguliers issus de votre capital constitué. Calculateur gratuit; instantané et conforme aux normes françaises.","Simulateur de Rente Viagère France","fr-FR","france","insurance","annuity-payout-calculator","SoftwareApplication+Breadcrumbs",761,"Low","Low","P1"
"https://freeaccuratecalculator.com/countries/france/insurance/auto-insurance-calculator/",200,true,false,"INDEX,FOLLOW","https://freeaccuratecalculator.com/countries/france/insurance/auto-insurance-calculator/",true,Yes,false,"Simulateur d’Assurance Auto France 2026 — Tous Risques &amp; Tiers | Free Accurate Calculator","Estimez le tarif de votre assurance automobile en France selon la valeur du véhicule; le kilométrage annuel et le niveau de franchise.","Simulateur d’Assurance Auto France","fr-FR","france","insurance","auto-insurance-calculator","SoftwareApplication+Breadcrumbs",849,"Low","Low","P1"
"https://freeaccuratecalculator.com/countries/france/insurance/disability-insurance-calculator/",200,true,false,"INDEX,FOLLOW","https://freeaccuratecalculator.com/countries/france/insurance/disability-insurance-calculator/",true,Yes,false,"Simulateur de Prévoyance Invalidité France — Rente &amp; Maintien de Salaire | Free Accurate Calculator","Calculez votre besoin de rente complémentaire d’invalidité pour maintenir votre revenu en cas d’incapacité de travail prolongée ou de maladie grave.","Simulateur de Prévoyance Invalidité France","fr-FR","france","insurance","disability-insurance-calculator","SoftwareApplication+Breadcrumbs",832,"Low","Low","P1"
"https://freeaccuratecalculator.com/countries/france/insurance/health-insurance-calculator/",200,true,false,"INDEX,FOLLOW","https://freeaccuratecalculator.com/countries/france/insurance/health-insurance-calculator/",true,Yes,false,"Simulateur de Mutuelle Santé France 2026 — Cotisations; BRSS &amp; Reste à Charge | Free Accurate Calculator","Estimez vos cotisations de mutuelle santé; la prise en charge de la Sécurité Sociale (BRSS); les forfaits optique et dentaire; et votre reste à charge annuel réel en toute transparence.","Simulateur de Mutuelle Santé France","fr-FR","france","insurance","health-insurance-calculator","SoftwareApplication+Breadcrumbs",1187,"Low","Low","P1"
"https://freeaccuratecalculator.com/countries/france/insurance/homeowners-insurance-calculator/",200,true,false,"INDEX,FOLLOW","https://freeaccuratecalculator.com/countries/france/insurance/homeowners-insurance-calculator/",true,Yes,false,"Simulateur d’Assurance Habitation France (MRH) — Tarif &amp; Cotisation Propriétaire | Free Accurate Calculator","Estimez votre prime annuelle d’assurance Multirisque Habitation (MRH) selon la surface en m²; le nombre de pièces; la valeur de vos biens mobiliers et le niveau de franchise.","Simulateur d’Assurance Habitation France","fr-FR","france","insurance","homeowners-insurance-calculator","SoftwareApplication+Breadcrumbs",1063,"Low","Low","P1"
"https://freeaccuratecalculator.com/countries/france/insurance/",200,true,false,"INDEX,FOLLOW","https://freeaccuratecalculator.com/countries/france/insurance/",true,Yes,false,"Calculatrices de Assurance Gratuites et Précises France 2026 | Free Accurate Calculator","Outils de calcul gratuits et précis pour la catégorie Assurance en France. 100% confidentiel; sans publicité et conforme aux normes françaises.","Calculatrices de Assurance pour la France","fr-FR","france","country-hub","","WebPage+Breadcrumbs",632,"Low","Low","P1"
"https://freeaccuratecalculator.com/countries/france/insurance/renters-insurance-calculator/",200,true,false,"INDEX,FOLLOW","https://freeaccuratecalculator.com/countries/france/insurance/renters-insurance-calculator/",true,Yes,false,"Simulateur d’Assurance Locataire France — Risques Locatifs &amp; Mobilier | Free Accurate Calculator","Calculez le coût de votre assurance habitation locataire obligatoire (garantie risques locatifs; responsabilité civile et biens mobiliers) selon votre logement.","Simulateur d’Assurance Locataire France","fr-FR","france","insurance","renters-insurance-calculator","SoftwareApplication+Breadcrumbs",1008,"Low","Low","P1"
"https://freeaccuratecalculator.com/countries/france/insurance/term-life-insurance-calculator/",200,true,false,"INDEX,FOLLOW","https://freeaccuratecalculator.com/countries/france/insurance/term-life-insurance-calculator/",true,Yes,false,"Simulateur de Prévoyance Décès France — Capital Recommandé &amp; Rente Familiale | Free Accurate Calculator","Calculez le capital décès recommandé pour protéger votre famille; maintenir le niveau de vie de vos proches et solder vos crédits immobiliers en cas de disparition.","Simulateur de Prévoyance &amp; Capital Décès","fr-FR","france","insurance","term-life-insurance-calculator","SoftwareApplication+Breadcrumbs",1107,"Low","Low","P1"
"https://freeaccuratecalculator.com/countries/france/insurance/umbrella-insurance-calculator/",200,true,false,"INDEX,FOLLOW","https://freeaccuratecalculator.com/countries/france/insurance/umbrella-insurance-calculator/",true,Yes,false,"Simulateur d&#39;Assurance Responsabilité Civile France (€) — Calculateur Gratuit | Free Accurate Calculator","Protection complémentaire contre les sinistres et litiges majeurs. Calculateur gratuit; instantané et conforme aux normes françaises.","Simulateur d&#39;Assurance Responsabilité Civile France","fr-FR","france","insurance","umbrella-insurance-calculator","SoftwareApplication+Breadcrumbs",760,"Low","Low","P1"
"https://freeaccuratecalculator.com/countries/france/insurance/whole-life-insurance-calculator/",200,true,false,"INDEX,FOLLOW","https://freeaccuratecalculator.com/countries/france/insurance/whole-life-insurance-calculator/",true,Yes,false,"Simulateur d&#39;Assurance Vie Entière France (€) — Calculateur Gratuit | Free Accurate Calculator","Épargne et transmission de capital avec fiscalité avantageuse. Calculateur gratuit; instantané et conforme aux normes françaises.","Simulateur d&#39;Assurance Vie Entière France","fr-FR","france","insurance","whole-life-insurance-calculator","SoftwareApplication+Breadcrumbs",772,"Low","Low","P1"
"https://freeaccuratecalculator.com/countries/france/interest-calculator/",200,true,false,"INDEX,FOLLOW","https://freeaccuratecalculator.com/countries/france/interest-calculator/",true,Yes,false,"Calculateur d’Intérêts Bancaires France — Livret A; LDDS &amp; Comptes d’Épargne | Free Accurate Calculator","Calculez facilement le rendement et les intérêts générés par vos livrets bancaires français (Livret A; LDDS; LEP) et comptes d’épargne rémunérés.","Calculateur d’Intérêts Bancaires France","fr-FR","france","country-hub","interest-calculator","SoftwareApplication+Breadcrumbs",879,"Low","Low","P1"
"https://freeaccuratecalculator.com/countries/france/interest-rate-calculator/",200,true,false,"INDEX,FOLLOW","https://freeaccuratecalculator.com/countries/france/interest-rate-calculator/",true,Yes,false,"Calculateur de Taux d&#39;Intérêt France (€) — Calculateur Gratuit | Free Accurate Calculator","Déterminez le taux d","Calculateur de Taux d&#39;Intérêt France","fr-FR","france","country-hub","interest-rate-calculator","SoftwareApplication+Breadcrumbs",750,"Low","Low","P1"
"https://freeaccuratecalculator.com/countries/france/investment-calculator/",200,true,false,"INDEX,FOLLOW","https://freeaccuratecalculator.com/countries/france/investment-calculator/",true,Yes,false,"Calculateur de Rendement d’Investissement France — Plus-Values &amp; Portefeuille | Free Accurate Calculator","Simulez le rendement global de vos investissements financiers (PEA; compte-titres; assurance-vie; ETF; immobilier) et visualisez la croissance de votre capital.","Calculateur de Rendement d’Investissement France","fr-FR","france","country-hub","investment-calculator","SoftwareApplication+Breadcrumbs",827,"Low","Low","P1"
"https://freeaccuratecalculator.com/countries/france/kinetic-energy-calculator/",200,true,false,"INDEX,FOLLOW","https://freeaccuratecalculator.com/countries/france/kinetic-energy-calculator/",true,Yes,false,"Calculateur d&#39;Énergie Cinétique France (€) — Calculateur Gratuit | Free Accurate Calculator","Énergie en Joules (J) selon la masse et la vitesse de l","Calculateur d&#39;Énergie Cinétique France","fr-FR","france","country-hub","kinetic-energy-calculator","SoftwareApplication+Breadcrumbs",733,"Low","Low","P1"
"https://freeaccuratecalculator.com/countries/france/legal/alimony-calculator/",200,true,false,"INDEX,FOLLOW","https://freeaccuratecalculator.com/countries/france/legal/alimony-calculator/",true,Yes,false,"Calculateur de Prestation Compensatoire France (€) — Calculateur Gratuit | Free Accurate Calculator","Estimation de la compensation financière post-divorce. Calculateur gratuit; instantané et conforme aux normes françaises.","Calculateur de Prestation Compensatoire France","fr-FR","france","legal","alimony-calculator","SoftwareApplication+Breadcrumbs",755,"Low","Low","P1"
"https://freeaccuratecalculator.com/countries/france/legal/child-support-calculator/",200,true,false,"INDEX,FOLLOW","https://freeaccuratecalculator.com/countries/france/legal/child-support-calculator/",true,Yes,false,"Calculateur de Pension Alimentaire France (€) — Calculateur Gratuit | Free Accurate Calculator","Barème indicatif de pension alimentaire selon les revenus et la garde. Calculateur gratuit; instantané et conforme aux normes françaises.","Calculateur de Pension Alimentaire France","fr-FR","france","legal","child-support-calculator","SoftwareApplication+Breadcrumbs",766,"Low","Low","P1"
"https://freeaccuratecalculator.com/countries/france/legal/",200,true,false,"INDEX,FOLLOW","https://freeaccuratecalculator.com/countries/france/legal/",true,Yes,false,"Calculatrices de Juridique Gratuites et Précises France 2026 | Free Accurate Calculator","Outils de calcul gratuits et précis pour la catégorie Juridique en France. 100% confidentiel; sans publicité et conforme aux normes françaises.","Calculatrices de Juridique pour la France","fr-FR","france","country-hub","","WebPage+Breadcrumbs",558,"Low","Low","P1"
"https://freeaccuratecalculator.com/countries/france/legal/legal-fee-calculator/",200,true,false,"INDEX,FOLLOW","https://freeaccuratecalculator.com/countries/france/legal/legal-fee-calculator/",true,Yes,false,"Calculateur d&#39;Honoraires d&#39;Avocat France (€) — Calculateur Gratuit | Free Accurate Calculator","Estimation des frais de justice et honoraires juridiques. Calculateur gratuit; instantané et conforme aux normes françaises.","Calculateur d&#39;Honoraires d&#39;Avocat France","fr-FR","france","legal","legal-fee-calculator","SoftwareApplication+Breadcrumbs",749,"Low","Low","P1"
"https://freeaccuratecalculator.com/countries/france/legal/settlement-value-calculator/",200,true,false,"INDEX,FOLLOW","https://freeaccuratecalculator.com/countries/france/legal/settlement-value-calculator/",true,Yes,false,"Calculateur d&#39;Indemnités de Sinistre France (€) — Calculateur Gratuit | Free Accurate Calculator","Évaluation du préjudice corporel et matériel. Calculateur gratuit; instantané et conforme aux normes françaises.","Calculateur d&#39;Indemnités de Sinistre France","fr-FR","france","legal","settlement-value-calculator","SoftwareApplication+Breadcrumbs",777,"Low","Low","P1"
"https://freeaccuratecalculator.com/countries/france/legal-fee-calculator/",200,true,false,"INDEX,FOLLOW","https://freeaccuratecalculator.com/countries/france/legal-fee-calculator/",true,Yes,false,"Calculateur d&#39;Honoraires d&#39;Avocat France (€) — Calculateur Gratuit | Free Accurate Calculator","Estimation des frais de justice et honoraires juridiques. Calculateur gratuit; instantané et conforme aux normes françaises.","Calculateur d&#39;Honoraires d&#39;Avocat France","fr-FR","france","country-hub","legal-fee-calculator","SoftwareApplication+Breadcrumbs",749,"Low","Low","P1"
"https://freeaccuratecalculator.com/countries/france/length-converter/",200,true,false,"INDEX,FOLLOW","https://freeaccuratecalculator.com/countries/france/length-converter/",true,Yes,false,"Convertisseur de Longueur France (€) — Calculateur Gratuit | Free Accurate Calculator","Mètres; kilomètres; pouces; pieds; miles et centimètres. Calculateur gratuit; instantané et conforme aux normes françaises.","Convertisseur de Longueur France","fr-FR","france","country-hub","length-converter","SoftwareApplication+Breadcrumbs",752,"Low","Low","P1"
"https://freeaccuratecalculator.com/countries/france/loan-calculator/",200,true,false,"INDEX,FOLLOW","https://freeaccuratecalculator.com/countries/france/loan-calculator/",true,Yes,false,"Simulateur de Prêt Personnel France 2026 — Mensualités &amp; Taux Fixe | Free Accurate Calculator","Calculez facilement les mensualités de votre prêt personnel; crédit consommation ou prêt travaux selon le montant emprunté; le taux annuel et la durée en mois.","Simulateur de Prêt Personnel France","fr-FR","france","country-hub","loan-calculator","SoftwareApplication+Breadcrumbs",862,"Low","Low","P1"
"https://freeaccuratecalculator.com/countries/france/love/",200,true,false,"INDEX,FOLLOW","https://freeaccuratecalculator.com/countries/france/love/",true,Yes,false,"Calculatrices de Amour Gratuites et Précises France 2026 | Free Accurate Calculator","Outils de calcul gratuits et précis pour la catégorie Amour en France. 100% confidentiel; sans publicité et conforme aux normes françaises.","Calculatrices de Amour pour la France","fr-FR","france","country-hub","","WebPage+Breadcrumbs",557,"Low","Low","P1"
"https://freeaccuratecalculator.com/countries/france/love/love-calculator/",200,true,false,"INDEX,FOLLOW","https://freeaccuratecalculator.com/countries/france/love/love-calculator/",true,Yes,false,"Love Calculator France (€) — Calculateur Gratuit | Free Accurate Calculator","Calculateur de précision pour la France en Euro (€). Calcul instantané 100% côté client sans stockage de données.","Love Calculator France","fr-FR","france","love","love-calculator","SoftwareApplication+Breadcrumbs",721,"Low","Low","P1"
"https://freeaccuratecalculator.com/countries/france/love/love-compatibility-calculator/",200,true,false,"INDEX,FOLLOW","https://freeaccuratecalculator.com/countries/france/love/love-compatibility-calculator/",true,Yes,false,"Love Compatibility Calculator France (€) — Calculateur Gratuit | Free Accurate Calculator","Calculateur de précision pour la France en Euro (€). Calcul instantané 100% côté client sans stockage de données.","Love Compatibility Calculator France","fr-FR","france","love","love-compatibility-calculator","SoftwareApplication+Breadcrumbs",720,"Low","Low","P1"
"https://freeaccuratecalculator.com/countries/france/love/relationship-counter/",200,true,false,"INDEX,FOLLOW","https://freeaccuratecalculator.com/countries/france/love/relationship-counter/",true,Yes,false,"Relationship Days Counter France (€) — Calculateur Gratuit | Free Accurate Calculator","Calculateur de précision pour la France en Euro (€). Calcul instantané 100% côté client sans stockage de données.","Relationship Days Counter France","fr-FR","france","love","","SoftwareApplication+Breadcrumbs",723,"Low","Low","P1"
"https://freeaccuratecalculator.com/countries/france/love-calculator/",200,true,false,"INDEX,FOLLOW","https://freeaccuratecalculator.com/countries/france/love-calculator/",true,Yes,false,"Love Calculator France (€) — Calculateur Gratuit | Free Accurate Calculator","Calculateur de précision pour la France en Euro (€). Calcul instantané 100% côté client sans stockage de données.","Love Calculator France","fr-FR","france","country-hub","love-calculator","SoftwareApplication+Breadcrumbs",721,"Low","Low","P1"
"https://freeaccuratecalculator.com/countries/france/love-compatibility-calculator/",200,true,false,"INDEX,FOLLOW","https://freeaccuratecalculator.com/countries/france/love-compatibility-calculator/",true,Yes,false,"Love Compatibility Calculator France (€) — Calculateur Gratuit | Free Accurate Calculator","Calculateur de précision pour la France en Euro (€). Calcul instantané 100% côté client sans stockage de données.","Love Compatibility Calculator France","fr-FR","france","country-hub","love-compatibility-calculator","SoftwareApplication+Breadcrumbs",720,"Low","Low","P1"
"https://freeaccuratecalculator.com/countries/france/lumpsum-calculator/",200,true,false,"INDEX,FOLLOW","https://freeaccuratecalculator.com/countries/france/lumpsum-calculator/",true,Yes,false,"Simulateur de Placement Forfaitaire France — Rendement Versement Unique | Free Accurate Calculator","Projetez la valorisation future d’un capital placé en une seule fois (héritage; donation; prime ou cession) grâce à la puissance des intérêts composés.","Simulateur de Placement Forfaitaire France","fr-FR","france","country-hub","lumpsum-calculator","SoftwareApplication+Breadcrumbs",836,"Low","Low","P1"
"https://freeaccuratecalculator.com/countries/france/macronutrient-calculator/",200,true,false,"INDEX,FOLLOW","https://freeaccuratecalculator.com/countries/france/macronutrient-calculator/",true,Yes,false,"Calculateur de Ratio Nutritionnel France (€) — Calculateur Gratuit | Free Accurate Calculator","Répartition énergétique en glucides; lipides et protéines d","Calculateur de Ratio Nutritionnel France","fr-FR","france","country-hub","macronutrient-calculator","SoftwareApplication+Breadcrumbs",761,"Low","Low","P1"
"https://freeaccuratecalculator.com/countries/france/marketing/cac-calculator/",200,true,false,"INDEX,FOLLOW","https://freeaccuratecalculator.com/countries/france/marketing/cac-calculator/",true,Yes,false,"Calculateur de Coût d&#39;Acquisition Client (CAC) France (€) — Calculateur Gratuit | Free Accurate Calculator","Coût marketing et commercial moyen pour recruter un nouveau client. Calculateur gratuit; instantané et conforme aux normes françaises.","Calculateur de Coût d&#39;Acquisition Client (CAC) France","fr-FR","france","marketing","cac-calculator","SoftwareApplication+Breadcrumbs",768,"Low","Low","P1"
"https://freeaccuratecalculator.com/countries/france/marketing/conversion-rate-calculator/",200,true,false,"INDEX,FOLLOW","https://freeaccuratecalculator.com/countries/france/marketing/conversion-rate-calculator/",true,Yes,false,"Calculateur de Taux de Conversion France (€) — Calculateur Gratuit | Free Accurate Calculator","Pourcentage de visiteurs convertis en clients ou prospects. Calculateur gratuit; instantané et conforme aux normes françaises.","Calculateur de Taux de Conversion France","fr-FR","france","marketing","conversion-rate-calculator","SoftwareApplication+Breadcrumbs",748,"Low","Low","P1"
"https://freeaccuratecalculator.com/countries/france/marketing/email-roi-calculator/",200,true,false,"INDEX,FOLLOW","https://freeaccuratecalculator.com/countries/france/marketing/email-roi-calculator/",true,Yes,false,"Calculateur de Rentabilité Emailing France (€) — Calculateur Gratuit | Free Accurate Calculator","Retour sur investissement de vos newsletters et campagnes marketing. Calculateur gratuit; instantané et conforme aux normes françaises.","Calculateur de Rentabilité Emailing France","fr-FR","france","marketing","email-roi-calculator","SoftwareApplication+Breadcrumbs",743,"Low","Low","P1"
"https://freeaccuratecalculator.com/countries/france/marketing/",200,true,false,"INDEX,FOLLOW","https://freeaccuratecalculator.com/countries/france/marketing/",true,Yes,false,"Calculatrices de Marketing Gratuites et Précises France 2026 | Free Accurate Calculator","Outils de calcul gratuits et précis pour la catégorie Marketing en France. 100% confidentiel; sans publicité et conforme aux normes françaises.","Calculatrices de Marketing pour la France","fr-FR","france","country-hub","","WebPage+Breadcrumbs",564,"Low","Low","P1"
"https://freeaccuratecalculator.com/countries/france/marketing/roas-calculator/",200,true,false,"INDEX,FOLLOW","https://freeaccuratecalculator.com/countries/france/marketing/roas-calculator/",true,Yes,false,"Calculateur de ROAS (Retour sur Dépenses Publicitaires) France (€) — Calculateur Gratuit | Free Accurate Calculator","Mesure de l","Calculateur de ROAS (Retour sur Dépenses Publicitaires) France","fr-FR","france","marketing","roas-calculator","SoftwareApplication+Breadcrumbs",763,"Low","Low","P1"
"https://freeaccuratecalculator.com/countries/france/math/fraction-calculator/",200,true,false,"INDEX,FOLLOW","https://freeaccuratecalculator.com/countries/france/math/fraction-calculator/",true,Yes,false,"Calculateur de Fractions France (€) — Calculateur Gratuit | Free Accurate Calculator","Addition; soustraction; multiplication et simplification de fractions. Calculateur gratuit; instantané et conforme aux normes françaises.","Calculateur de Fractions France","fr-FR","france","math","fraction-calculator","SoftwareApplication+Breadcrumbs",757,"Low","Low","P1"
"https://freeaccuratecalculator.com/countries/france/math/",200,true,false,"INDEX,FOLLOW","https://freeaccuratecalculator.com/countries/france/math/",true,Yes,false,"Calculatrices de Mathématiques Gratuites et Précises France 2026 | Free Accurate Calculator","Outils de calcul gratuits et précis pour la catégorie Mathématiques en France. 100% confidentiel; sans publicité et conforme aux normes françaises.","Calculatrices de Mathématiques pour la France","fr-FR","france","country-hub","","WebPage+Breadcrumbs",555,"Low","Low","P1"
"https://freeaccuratecalculator.com/countries/france/math/random-number-generator/",200,true,false,"INDEX,FOLLOW","https://freeaccuratecalculator.com/countries/france/math/random-number-generator/",true,Yes,false,"Générateur de Nombres Aléatoires France (€) — Calculateur Gratuit | Free Accurate Calculator","Tirage au sort sécurisé avec bornes personnalisées et sans doublons. Calculateur gratuit; instantané et conforme aux normes françaises.","Générateur de Nombres Aléatoires France","fr-FR","france","math","","SoftwareApplication+Breadcrumbs",731,"Low","Low","P1"
"https://freeaccuratecalculator.com/countries/france/math/scientific-calculator/",200,true,false,"INDEX,FOLLOW","https://freeaccuratecalculator.com/countries/france/math/scientific-calculator/",true,Yes,false,"Calculatrice Scientifique France (€) — Calculateur Gratuit | Free Accurate Calculator","Trigonométrie; logarithmes; factorielles et calculs complexes. Calculateur gratuit; instantané et conforme aux normes françaises.","Calculatrice Scientifique France","fr-FR","france","math","scientific-calculator","SoftwareApplication+Breadcrumbs",732,"Low","Low","P1"
"https://freeaccuratecalculator.com/countries/france/math/triangle-calculator/",200,true,false,"INDEX,FOLLOW","https://freeaccuratecalculator.com/countries/france/math/triangle-calculator/",true,Yes,false,"Calculateur de Triangle France (€) — Calculateur Gratuit | Free Accurate Calculator","Angles; côtés; aire; périmètre et théorème de Pythagore. Calculateur gratuit; instantané et conforme aux normes françaises.","Calculateur de Triangle France","fr-FR","france","math","triangle-calculator","SoftwareApplication+Breadcrumbs",734,"Low","Low","P1"
"https://freeaccuratecalculator.com/countries/france/molar-mass-calculator/",200,true,false,"INDEX,FOLLOW","https://freeaccuratecalculator.com/countries/france/molar-mass-calculator/",true,Yes,false,"Calculateur de Masse Molaire France (€) — Calculateur Gratuit | Free Accurate Calculator","Masse molaire en g/mol selon la formule brute de la molécule. Calculateur gratuit; instantané et conforme aux normes françaises.","Calculateur de Masse Molaire France","fr-FR","france","country-hub","molar-mass-calculator","SoftwareApplication+Breadcrumbs",737,"Low","Low","P1"
"https://freeaccuratecalculator.com/countries/france/molecular-weight-calculator/",200,true,false,"INDEX,FOLLOW","https://freeaccuratecalculator.com/countries/france/molecular-weight-calculator/",true,Yes,false,"Calculateur de Poids Moléculaire ADN / ARN France (€) — Calculateur Gratuit | Free Accurate Calculator","Masse molaire des séquences de nucléotides et oligonucléotides. Calculateur gratuit; instantané et conforme aux normes françaises.","Calculateur de Poids Moléculaire ADN / ARN France","fr-FR","france","country-hub","molecular-weight-calculator","SoftwareApplication+Breadcrumbs",763,"Low","Low","P1"
"https://freeaccuratecalculator.com/countries/france/mortgage-calculator/",200,true,false,"INDEX,FOLLOW","https://freeaccuratecalculator.com/countries/france/mortgage-calculator/",true,Yes,false,"Simulateur de Prêt Immobilier France 2026 — Mensualités &amp; Amortissement | Free Accurate Calculator","Simulez vos mensualités d’emprunt immobilier avec tableau d’amortissement complet; taux d’intérêt fixe; apport personnel et assurance emprunteur selon les normes HCSF (endettement max 35%).","Simulateur de Prêt Immobilier France","fr-FR","france","country-hub","mortgage-calculator","SoftwareApplication+Breadcrumbs",1079,"Low","Low","P1"
"https://freeaccuratecalculator.com/countries/france/mpg-calculator/",200,true,false,"INDEX,FOLLOW","https://freeaccuratecalculator.com/countries/france/mpg-calculator/",true,Yes,false,"Calculateur de Consommation L/100km France (€) — Calculateur Gratuit | Free Accurate Calculator","Consommation moyenne aux 100 kilomètres de votre véhicule. Calculateur gratuit; instantané et conforme aux normes françaises.","Calculateur de Consommation L/100km France","fr-FR","france","country-hub","mpg-calculator","SoftwareApplication+Breadcrumbs",742,"Low","Low","P1"
"https://freeaccuratecalculator.com/countries/france/ohms-law-calculator/",200,true,false,"INDEX,FOLLOW","https://freeaccuratecalculator.com/countries/france/ohms-law-calculator/",true,Yes,false,"Calculateur de la Loi d&#39;Ohm (U = R × I) France (€) — Calculateur Gratuit | Free Accurate Calculator","Tension en volts; intensité en ampères et résistance en ohms. Calculateur gratuit; instantané et conforme aux normes françaises.","Calculateur de la Loi d&#39;Ohm (U = R × I) France","fr-FR","france","country-hub","ohms-law-calculator","SoftwareApplication+Breadcrumbs",783,"Low","Low","P1"
"https://freeaccuratecalculator.com/countries/france/one-rep-max-calculator/",200,true,false,"INDEX,FOLLOW","https://freeaccuratecalculator.com/countries/france/one-rep-max-calculator/",true,Yes,false,"Calculateur de Max en Musculation (1RM) France (€) — Calculateur Gratuit | Free Accurate Calculator","Charge maximale théorique (formules Brzycki; Epley et Lander). Calculateur gratuit; instantané et conforme aux normes françaises.","Calculateur de Max en Musculation (1RM) France","fr-FR","france","country-hub","one-rep-max-calculator","SoftwareApplication+Breadcrumbs",749,"Low","Low","P1"
"https://freeaccuratecalculator.com/countries/france/pace-calculator/",200,true,false,"INDEX,FOLLOW","https://freeaccuratecalculator.com/countries/france/pace-calculator/",true,Yes,false,"Calculateur d&#39;Allure de Course France (€) — Calculateur Gratuit | Free Accurate Calculator","Vitesse moyenne en min/km et temps de passage 5k; 10k; semi et marathon. Calculateur gratuit; instantané et conforme aux normes françaises.","Calculateur d&#39;Allure de Course France","fr-FR","france","country-hub","pace-calculator","SoftwareApplication+Breadcrumbs",737,"Low","Low","P1"
"https://freeaccuratecalculator.com/countries/france/paint-calculator/",200,true,false,"INDEX,FOLLOW","https://freeaccuratecalculator.com/countries/france/paint-calculator/",true,Yes,false,"Calculateur de Peinture France (€) — Calculateur Gratuit | Free Accurate Calculator","Litres de peinture nécessaires selon la surface et les couches. Calculateur gratuit; instantané et conforme aux normes françaises.","Calculateur de Peinture France","fr-FR","france","country-hub","paint-calculator","SoftwareApplication+Breadcrumbs",772,"Low","Low","P1"
"https://freeaccuratecalculator.com/countries/france/password-generator/",200,true,false,"INDEX,FOLLOW","https://freeaccuratecalculator.com/countries/france/password-generator/",true,Yes,false,"Générateur de Mots de Passe Sécurisés France (€) — Calculateur Gratuit | Free Accurate Calculator","Générez des mots de passe ultra-sécurisés et cryptographiquement forts. Calculateur gratuit; instantané et conforme aux normes françaises.","Générateur de Mots de Passe Sécurisés France","fr-FR","france","country-hub","","SoftwareApplication+Breadcrumbs",741,"Low","Low","P1"
"https://freeaccuratecalculator.com/countries/france/payment-calculator/",200,true,false,"INDEX,FOLLOW","https://freeaccuratecalculator.com/countries/france/payment-calculator/",true,Yes,false,"Calculateur de Mensualités de Crédit France (€) — Calculateur Gratuit | Free Accurate Calculator","Échéances d","Calculateur de Mensualités de Crédit France","fr-FR","france","country-hub","payment-calculator","SoftwareApplication+Breadcrumbs",775,"Low","Low","P1"
"https://freeaccuratecalculator.com/countries/france/ph-calculator/",200,true,false,"INDEX,FOLLOW","https://freeaccuratecalculator.com/countries/france/ph-calculator/",true,Yes,false,"Calculateur de pH &amp; pOH France (€) — Calculateur Gratuit | Free Accurate Calculator","Acidité; basicité et concentration en ions oxonium [H3O+] et hydroxyde. Calculateur gratuit; instantané et conforme aux normes françaises.","Calculateur de pH &amp; pOH France","fr-FR","france","country-hub","ph-calculator","SoftwareApplication+Breadcrumbs",736,"Low","Low","P1"
"https://freeaccuratecalculator.com/countries/france/physics/",200,true,false,"INDEX,FOLLOW","https://freeaccuratecalculator.com/countries/france/physics/",true,Yes,false,"Calculatrices de Physique Gratuites et Précises France 2026 | Free Accurate Calculator","Outils de calcul gratuits et précis pour la catégorie Physique en France. 100% confidentiel; sans publicité et conforme aux normes françaises.","Calculatrices de Physique pour la France","fr-FR","france","country-hub","","WebPage+Breadcrumbs",567,"Low","Low","P1"
"https://freeaccuratecalculator.com/countries/france/physics/kinetic-energy-calculator/",200,true,false,"INDEX,FOLLOW","https://freeaccuratecalculator.com/countries/france/physics/kinetic-energy-calculator/",true,Yes,false,"Calculateur d&#39;Énergie Cinétique France (€) — Calculateur Gratuit | Free Accurate Calculator","Énergie en Joules (J) selon la masse et la vitesse de l","Calculateur d&#39;Énergie Cinétique France","fr-FR","france","physics","kinetic-energy-calculator","SoftwareApplication+Breadcrumbs",733,"Low","Low","P1"
"https://freeaccuratecalculator.com/countries/france/physics/ohms-law-calculator/",200,true,false,"INDEX,FOLLOW","https://freeaccuratecalculator.com/countries/france/physics/ohms-law-calculator/",true,Yes,false,"Calculateur de la Loi d&#39;Ohm (U = R × I) France (€) — Calculateur Gratuit | Free Accurate Calculator","Tension en volts; intensité en ampères et résistance en ohms. Calculateur gratuit; instantané et conforme aux normes françaises.","Calculateur de la Loi d&#39;Ohm (U = R × I) France","fr-FR","france","physics","ohms-law-calculator","SoftwareApplication+Breadcrumbs",783,"Low","Low","P1"
"https://freeaccuratecalculator.com/countries/france/physics/projectile-motion-calculator/",200,true,false,"INDEX,FOLLOW","https://freeaccuratecalculator.com/countries/france/physics/projectile-motion-calculator/",true,Yes,false,"Calculateur de Tir Balistique &amp; Portée France (€) — Calculateur Gratuit | Free Accurate Calculator","Trajectoire; portée maximale et flèche d","Calculateur de Tir Balistique &amp; Portée France","fr-FR","france","physics","projectile-motion-calculator","SoftwareApplication+Breadcrumbs",748,"Low","Low","P1"
"https://freeaccuratecalculator.com/countries/france/physics/velocity-acceleration-calculator/",200,true,false,"INDEX,FOLLOW","https://freeaccuratecalculator.com/countries/france/physics/velocity-acceleration-calculator/",true,Yes,false,"Calculateur de Vitesse &amp; Accélération France (€) — Calculateur Gratuit | Free Accurate Calculator","Cinématique du mouvement rectiligne uniforme et uniformément accéléré. Calculateur gratuit; instantané et conforme aux normes françaises.","Calculateur de Vitesse &amp; Accélération France","fr-FR","france","physics","velocity-acceleration-calculator","SoftwareApplication+Breadcrumbs",754,"Low","Low","P1"
"https://freeaccuratecalculator.com/countries/france/pregnancy-calculator/",200,true,false,"INDEX,FOLLOW","https://freeaccuratecalculator.com/countries/france/pregnancy-calculator/",true,Yes,false,"Calculateur de Grossesse &amp; Suivi France (€) — Calculateur Gratuit | Free Accurate Calculator","Calendrier de grossesse; semaines d","Calculateur de Grossesse &amp; Suivi France","fr-FR","france","country-hub","pregnancy-calculator","SoftwareApplication+Breadcrumbs",732,"Low","Low","P1"
"https://freeaccuratecalculator.com/countries/france/pregnancy-conception-calculator/",200,true,false,"INDEX,FOLLOW","https://freeaccuratecalculator.com/countries/france/pregnancy-conception-calculator/",true,Yes,false,"Calculateur de Date de Conception France (€) — Calculateur Gratuit | Free Accurate Calculator","Période d","Calculateur de Date de Conception France","fr-FR","france","country-hub","pregnancy-conception-calculator","SoftwareApplication+Breadcrumbs",759,"Low","Low","P1"
"https://freeaccuratecalculator.com/countries/france/probability-calculator/",200,true,false,"INDEX,FOLLOW","https://freeaccuratecalculator.com/countries/france/probability-calculator/",true,Yes,false,"Calculateur de Probabilités France (€) — Calculateur Gratuit | Free Accurate Calculator","Combinaisons; permutations et probabilités conditionnelles. Calculateur gratuit; instantané et conforme aux normes françaises.","Calculateur de Probabilités France","fr-FR","france","country-hub","probability-calculator","SoftwareApplication+Breadcrumbs",738,"Low","Low","P1"
"https://freeaccuratecalculator.com/countries/france/profit-margin-calculator/",200,true,false,"INDEX,FOLLOW","https://freeaccuratecalculator.com/countries/france/profit-margin-calculator/",true,Yes,false,"Calculateur de Marge Bénéficiaire France (€) — Calculateur Gratuit | Free Accurate Calculator","Marge commerciale brute; nette et taux de marque pour entreprises. Calculateur gratuit; instantané et conforme aux normes françaises.","Calculateur de Marge Bénéficiaire France","fr-FR","france","country-hub","profit-margin-calculator","SoftwareApplication+Breadcrumbs",763,"Low","Low","P1"
"https://freeaccuratecalculator.com/countries/france/projectile-motion-calculator/",200,true,false,"INDEX,FOLLOW","https://freeaccuratecalculator.com/countries/france/projectile-motion-calculator/",true,Yes,false,"Calculateur de Tir Balistique &amp; Portée France (€) — Calculateur Gratuit | Free Accurate Calculator","Trajectoire; portée maximale et flèche d","Calculateur de Tir Balistique &amp; Portée France","fr-FR","france","country-hub","projectile-motion-calculator","SoftwareApplication+Breadcrumbs",748,"Low","Low","P1"
"https://freeaccuratecalculator.com/countries/france/property-tax-calculator/",200,true,false,"INDEX,FOLLOW","https://freeaccuratecalculator.com/countries/france/property-tax-calculator/",true,Yes,false,"Calculateur de Taxe Foncière France (€) — Calculateur Gratuit | Free Accurate Calculator","Estimation de la fiscalité locale et valeur locative cadastrale. Calculateur gratuit; instantané et conforme aux normes françaises.","Calculateur de Taxe Foncière France","fr-FR","france","country-hub","property-tax-calculator","SoftwareApplication+Breadcrumbs",743,"Low","Low","P1"
"https://freeaccuratecalculator.com/countries/france/punnett-square-calculator/",200,true,false,"INDEX,FOLLOW","https://freeaccuratecalculator.com/countries/france/punnett-square-calculator/",true,Yes,false,"Calculateur d&#39;Échiquier de Punnett France (€) — Calculateur Gratuit | Free Accurate Calculator","Probabilités de croisement génétique et transmission des allèles. Calculateur gratuit; instantané et conforme aux normes françaises.","Calculateur d&#39;Échiquier de Punnett France","fr-FR","france","country-hub","punnett-square-calculator","SoftwareApplication+Breadcrumbs",749,"Low","Low","P1"
"https://freeaccuratecalculator.com/countries/france/random-number-generator/",200,true,false,"INDEX,FOLLOW","https://freeaccuratecalculator.com/countries/france/random-number-generator/",true,Yes,false,"Générateur de Nombres Aléatoires France (€) — Calculateur Gratuit | Free Accurate Calculator","Tirage au sort sécurisé avec bornes personnalisées et sans doublons. Calculateur gratuit; instantané et conforme aux normes françaises.","Générateur de Nombres Aléatoires France","fr-FR","france","country-hub","","SoftwareApplication+Breadcrumbs",731,"Low","Low","P1"
"https://freeaccuratecalculator.com/countries/france/real-estate/cap-rate-calculator/",200,true,false,"INDEX,FOLLOW","https://freeaccuratecalculator.com/countries/france/real-estate/cap-rate-calculator/",true,Yes,false,"Calculateur de Taux de Capitalisation France (€) — Calculateur Gratuit | Free Accurate Calculator","Évaluez le taux de rentabilité opérationnelle d","Calculateur de Taux de Capitalisation France","fr-FR","france","real-estate","cap-rate-calculator","SoftwareApplication+Breadcrumbs",765,"Low","Low","P1"
"https://freeaccuratecalculator.com/countries/france/real-estate/",200,true,false,"INDEX,FOLLOW","https://freeaccuratecalculator.com/countries/france/real-estate/",true,Yes,false,"Calculatrices de Immobilier Gratuites et Précises France 2026 | Free Accurate Calculator","Outils de calcul gratuits et précis pour la catégorie Immobilier en France. 100% confidentiel; sans publicité et conforme aux normes françaises.","Calculatrices de Immobilier pour la France","fr-FR","france","country-hub","","WebPage+Breadcrumbs",562,"Low","Low","P1"
"https://freeaccuratecalculator.com/countries/france/real-estate/property-tax-calculator/",200,true,false,"INDEX,FOLLOW","https://freeaccuratecalculator.com/countries/france/real-estate/property-tax-calculator/",true,Yes,false,"Calculateur de Taxe Foncière France (€) — Calculateur Gratuit | Free Accurate Calculator","Estimation de la fiscalité locale et valeur locative cadastrale. Calculateur gratuit; instantané et conforme aux normes françaises.","Calculateur de Taxe Foncière France","fr-FR","france","real-estate","property-tax-calculator","SoftwareApplication+Breadcrumbs",743,"Low","Low","P1"
"https://freeaccuratecalculator.com/countries/france/real-estate/rental-yield-calculator/",200,true,false,"INDEX,FOLLOW","https://freeaccuratecalculator.com/countries/france/real-estate/rental-yield-calculator/",true,Yes,false,"Calculateur de Rendement Locatif France (€) — Calculateur Gratuit | Free Accurate Calculator","Rentabilité brute et nette pour investissement immobilier locatif. Calculateur gratuit; instantané et conforme aux normes françaises.","Calculateur de Rendement Locatif France","fr-FR","france","real-estate","rental-yield-calculator","SoftwareApplication+Breadcrumbs",785,"Low","Low","P1"
"https://freeaccuratecalculator.com/countries/france/recipe-scaler-calculator/",200,true,false,"INDEX,FOLLOW","https://freeaccuratecalculator.com/countries/france/recipe-scaler-calculator/",true,Yes,false,"Calculateur de Proportions de Recette France (€) — Calculateur Gratuit | Free Accurate Calculator","Ajustez les quantités d","Calculateur de Proportions de Recette France","fr-FR","france","country-hub","recipe-scaler-calculator","SoftwareApplication+Breadcrumbs",758,"Low","Low","P1"
"https://freeaccuratecalculator.com/countries/france/relationship-counter/",200,true,false,"INDEX,FOLLOW","https://freeaccuratecalculator.com/countries/france/relationship-counter/",true,Yes,false,"Relationship Days Counter France (€) — Calculateur Gratuit | Free Accurate Calculator","Calculateur de précision pour la France en Euro (€). Calcul instantané 100% côté client sans stockage de données.","Relationship Days Counter France","fr-FR","france","country-hub","","SoftwareApplication+Breadcrumbs",723,"Low","Low","P1"
"https://freeaccuratecalculator.com/countries/france/rental-yield-calculator/",200,true,false,"INDEX,FOLLOW","https://freeaccuratecalculator.com/countries/france/rental-yield-calculator/",true,Yes,false,"Calculateur de Rendement Locatif France (€) — Calculateur Gratuit | Free Accurate Calculator","Rentabilité brute et nette pour investissement immobilier locatif. Calculateur gratuit; instantané et conforme aux normes françaises.","Calculateur de Rendement Locatif France","fr-FR","france","country-hub","rental-yield-calculator","SoftwareApplication+Breadcrumbs",785,"Low","Low","P1"
"https://freeaccuratecalculator.com/countries/france/renters-insurance-calculator/",200,true,false,"INDEX,FOLLOW","https://freeaccuratecalculator.com/countries/france/renters-insurance-calculator/",true,Yes,false,"Simulateur d’Assurance Locataire France — Risques Locatifs &amp; Mobilier | Free Accurate Calculator","Calculez le coût de votre assurance habitation locataire obligatoire (garantie risques locatifs; responsabilité civile et biens mobiliers) selon votre logement.","Simulateur d’Assurance Locataire France","fr-FR","france","country-hub","renters-insurance-calculator","SoftwareApplication+Breadcrumbs",1008,"Low","Low","P1"
"https://freeaccuratecalculator.com/countries/france/retirement-calculator/",200,true,false,"INDEX,FOLLOW","https://freeaccuratecalculator.com/countries/france/retirement-calculator/",true,Yes,false,"Simulateur d’Épargne Retraite France — Capital Cible &amp; Rente Future | Free Accurate Calculator","Évaluez le capital patrimonial nécessaire pour maintenir votre niveau de vie à la retraite et compléter votre pension des régimes obligatoires français.","Simulateur d’Épargne Retraite France","fr-FR","france","country-hub","retirement-calculator","SoftwareApplication+Breadcrumbs",888,"Low","Low","P1"
"https://freeaccuratecalculator.com/countries/france/roas-calculator/",200,true,false,"INDEX,FOLLOW","https://freeaccuratecalculator.com/countries/france/roas-calculator/",true,Yes,false,"Calculateur de ROAS (Retour sur Dépenses Publicitaires) France (€) — Calculateur Gratuit | Free Accurate Calculator","Mesure de l","Calculateur de ROAS (Retour sur Dépenses Publicitaires) France","fr-FR","france","country-hub","roas-calculator","SoftwareApplication+Breadcrumbs",763,"Low","Low","P1"
"https://freeaccuratecalculator.com/countries/france/roi-calculator/",200,true,false,"INDEX,FOLLOW","https://freeaccuratecalculator.com/countries/france/roi-calculator/",true,Yes,false,"Calculateur de Retour sur Investissement (ROI) France (€) — Calculateur Gratuit | Free Accurate Calculator","Mesurez la rentabilité financière de vos investissements. Calculateur gratuit; instantané et conforme aux normes françaises.","Calculateur de Retour sur Investissement (ROI) France","fr-FR","france","country-hub","roi-calculator","SoftwareApplication+Breadcrumbs",780,"Low","Low","P1"
"https://freeaccuratecalculator.com/countries/france/salary-calculator/",200,true,false,"INDEX,FOLLOW","https://freeaccuratecalculator.com/countries/france/salary-calculator/",true,Yes,false,"Calculateur Salaire Brut en Net France 2026 — Fiche de Paie &amp; Charges | Free Accurate Calculator","Convertissez instantanément votre salaire brut en net mensuel ou annuel; en intégrant les cotisations salariales moyennes (22% non-cadre; 25% cadre) et la base légale de 35 heures.","Calculateur Salaire Brut en Net France","fr-FR","france","country-hub","salary-calculator","SoftwareApplication+Breadcrumbs",993,"Low","Low","P1"
"https://freeaccuratecalculator.com/countries/france/sales-tax-calculator/",200,true,false,"INDEX,FOLLOW","https://freeaccuratecalculator.com/countries/france/sales-tax-calculator/",true,Yes,false,"Calculateur de Taxe &amp; TVA France (20%; 10%; 5;5%) | Free Accurate Calculator","Calculez instantanément le montant Hors Taxe (HT); Toutes Taxes Comprises (TTC) et la TVA pour la France selon les taux légaux 20%; 10% et 5;5%.","Calculateur de Taxe &amp; TVA France","fr-FR","france","country-hub","sales-tax-calculator","SoftwareApplication+Breadcrumbs",786,"Low","Low","P1"
"https://freeaccuratecalculator.com/countries/france/sample-size-calculator/",200,true,false,"INDEX,FOLLOW","https://freeaccuratecalculator.com/countries/france/sample-size-calculator/",true,Yes,false,"Calculateur de Taille d&#39;Échantillon France (€) — Calculateur Gratuit | Free Accurate Calculator","Nombre de répondants requis selon la marge d","Calculateur de Taille d&#39;Échantillon France","fr-FR","france","country-hub","sample-size-calculator","SoftwareApplication+Breadcrumbs",777,"Low","Low","P1"
"https://freeaccuratecalculator.com/countries/france/scientific-calculator/",200,true,false,"INDEX,FOLLOW","https://freeaccuratecalculator.com/countries/france/scientific-calculator/",true,Yes,false,"Calculatrice Scientifique France (€) — Calculateur Gratuit | Free Accurate Calculator","Trigonométrie; logarithmes; factorielles et calculs complexes. Calculateur gratuit; instantané et conforme aux normes françaises.","Calculatrice Scientifique France","fr-FR","france","country-hub","scientific-calculator","SoftwareApplication+Breadcrumbs",732,"Low","Low","P1"
"https://freeaccuratecalculator.com/countries/france/settlement-value-calculator/",200,true,false,"INDEX,FOLLOW","https://freeaccuratecalculator.com/countries/france/settlement-value-calculator/",true,Yes,false,"Calculateur d&#39;Indemnités de Sinistre France (€) — Calculateur Gratuit | Free Accurate Calculator","Évaluation du préjudice corporel et matériel. Calculateur gratuit; instantané et conforme aux normes françaises.","Calculateur d&#39;Indemnités de Sinistre France","fr-FR","france","country-hub","settlement-value-calculator","SoftwareApplication+Breadcrumbs",777,"Low","Low","P1"
"https://freeaccuratecalculator.com/countries/france/simple-interest-calculator/",200,true,false,"INDEX,FOLLOW","https://freeaccuratecalculator.com/countries/france/simple-interest-calculator/",true,Yes,false,"Calculateur d’Intérêts Simples France — Rendement Linéaire Fixe | Free Accurate Calculator","Calculez directement les intérêts linéaires produits par un capital fixe sur une durée donnée; sans réinvestissement des gains périodiques.","Calculateur d’Intérêts Simples France","fr-FR","france","country-hub","simple-interest-calculator","SoftwareApplication+Breadcrumbs",811,"Low","Low","P1"
"https://freeaccuratecalculator.com/countries/france/simulateur-apl/",200,true,false,"INDEX,FOLLOW","https://freeaccuratecalculator.com/countries/france/simulateur-apl/",true,Yes,false,"Simulateur APL 2026 Gratuit | Calcul CAF Aide au Logement France | Free Accurate Calculator","Estimez gratuitement votre montant d","Simulateur APL 2026 : Estimez votre Aide au Logement","fr-FR","france","country-hub","simulateur-apl","SoftwareApplication+Breadcrumbs",702,"Low","Low","P1"
"https://freeaccuratecalculator.com/countries/france/simulateur-lmnp-reel-micro-bic/",200,true,false,"INDEX,FOLLOW","https://freeaccuratecalculator.com/countries/france/simulateur-lmnp-reel-micro-bic/",true,Yes,false,"Simulateur LMNP Réel vs Micro-BIC 2026 Gratuit | Calcul Amortissement &amp; Fiscalité | Free Accurate Calculator","Comparez instantanément le régime Réel Simplifié et le Micro-BIC pour votre location meublée (LMNP 2026). Calcul d","Simulateur LMNP 2026 : Réel Simplifié vs Micro-BIC","fr-FR","france","country-hub","simulateur-lmnp-reel-micro-bic","SoftwareApplication+Breadcrumbs",876,"Low","Low","P1"
"https://freeaccuratecalculator.com/countries/france/simulateur-ptz/",200,true,false,"INDEX,FOLLOW","https://freeaccuratecalculator.com/countries/france/simulateur-ptz/",true,Yes,false,"Simulateur PTZ 2026 Gratuit | Éligibilité; Montant &amp; Barème Prêt à Taux Zéro | Free Accurate Calculator","Calculez gratuitement votre droit au Prêt à Taux Zéro (PTZ 2026). Test d","Simulateur PTZ 2026 : Calculez Votre Prêt à Taux Zéro","fr-FR","france","country-hub","simulateur-ptz","SoftwareApplication+Breadcrumbs",729,"Low","Low","P1"
"https://freeaccuratecalculator.com/countries/france/simulateur-salaire-brut-net/",200,true,false,"INDEX,FOLLOW","https://freeaccuratecalculator.com/countries/france/simulateur-salaire-brut-net/",true,Yes,false,"Simulateur Salaire Brut en Net 2026 Gratuit | Cadre; Non-Cadre &amp; Impôt PAS | Free Accurate Calculator","Convertissez instantanément votre salaire Brut en Net 2026 (Cadre; Non-cadre; Fonctionnaire). Calcul précis des cotisations sociales; impôt à la source (PAS) et coût total employeur.","Simulateur Salaire Brut en Net 2026 : Cadre; Non-Cadre & Coût Employeur","fr-FR","france","country-hub","simulateur-salaire-brut-net","SoftwareApplication+Breadcrumbs",633,"Low","Low","P1"
"https://freeaccuratecalculator.com/countries/france/sip-calculator/",200,true,false,"INDEX,FOLLOW","https://freeaccuratecalculator.com/countries/france/sip-calculator/",true,Yes,false,"Calculateur d’Épargne Programmée France — Versements Périodiques &amp; Rendement | Free Accurate Calculator","Simulez l’enrichissement de votre patrimoine grâce à des versements réguliers mensuels sur assurance-vie; PEA; compte-titres ou fonds indiciels avec réinvestissement des plus-values.","Calculateur d’Épargne Programmée France","fr-FR","france","country-hub","sip-calculator","SoftwareApplication+Breadcrumbs",843,"Low","Moderate (Intent Segmented)","P1"
"https://freeaccuratecalculator.com/countries/france/solar-energy-calculator/",200,true,false,"INDEX,FOLLOW","https://freeaccuratecalculator.com/countries/france/solar-energy-calculator/",true,Yes,false,"Calculateur de Rendement Solaire Panneaux France (€) — Calculateur Gratuit | Free Accurate Calculator","Production d","Calculateur de Rendement Solaire Panneaux France","fr-FR","france","country-hub","solar-energy-calculator","SoftwareApplication+Breadcrumbs",770,"Low","Low","P1"
"https://freeaccuratecalculator.com/countries/france/solution-dilution-calculator/",200,true,false,"INDEX,FOLLOW","https://freeaccuratecalculator.com/countries/france/solution-dilution-calculator/",true,Yes,false,"Calculateur de Dilution de Solution (C1V1 = C2V2) France (€) — Calculateur Gratuit | Free Accurate Calculator","Volume et concentration de solution mère à prélever pour dilution. Calculateur gratuit; instantané et conforme aux normes françaises.","Calculateur de Dilution de Solution (C1V1 = C2V2) France","fr-FR","france","country-hub","solution-dilution-calculator","SoftwareApplication+Breadcrumbs",794,"Low","Low","P1"
"https://freeaccuratecalculator.com/countries/france/sports/golf-handicap-calculator/",200,true,false,"INDEX,FOLLOW","https://freeaccuratecalculator.com/countries/france/sports/golf-handicap-calculator/",true,Yes,false,"Calculateur de Handicap de Golf France (€) — Calculateur Gratuit | Free Accurate Calculator","Index de jeu selon les scores de parcours et le slope officiel. Calculateur gratuit; instantané et conforme aux normes françaises.","Calculateur de Handicap de Golf France","fr-FR","france","sports","golf-handicap-calculator","SoftwareApplication+Breadcrumbs",750,"Low","Low","P1"
"https://freeaccuratecalculator.com/countries/france/sports/heart-rate-zone-calculator/",200,true,false,"INDEX,FOLLOW","https://freeaccuratecalculator.com/countries/france/sports/heart-rate-zone-calculator/",true,Yes,false,"Calculateur de Zones Cardio Sport France (€) — Calculateur Gratuit | Free Accurate Calculator","Zones d","Calculateur de Zones Cardio Sport France","fr-FR","france","sports","heart-rate-zone-calculator","SoftwareApplication+Breadcrumbs",742,"Low","Low","P1"
"https://freeaccuratecalculator.com/countries/france/sports/",200,true,false,"INDEX,FOLLOW","https://freeaccuratecalculator.com/countries/france/sports/",true,Yes,false,"Calculatrices de Sports Gratuites et Précises France 2026 | Free Accurate Calculator","Outils de calcul gratuits et précis pour la catégorie Sports en France. 100% confidentiel; sans publicité et conforme aux normes françaises.","Calculatrices de Sports pour la France","fr-FR","france","country-hub","","WebPage+Breadcrumbs",565,"Low","Low","P1"
"https://freeaccuratecalculator.com/countries/france/sports/one-rep-max-calculator/",200,true,false,"INDEX,FOLLOW","https://freeaccuratecalculator.com/countries/france/sports/one-rep-max-calculator/",true,Yes,false,"Calculateur de Max en Musculation (1RM) France (€) — Calculateur Gratuit | Free Accurate Calculator","Charge maximale théorique (formules Brzycki; Epley et Lander). Calculateur gratuit; instantané et conforme aux normes françaises.","Calculateur de Max en Musculation (1RM) France","fr-FR","france","sports","one-rep-max-calculator","SoftwareApplication+Breadcrumbs",749,"Low","Low","P1"
"https://freeaccuratecalculator.com/countries/france/square-footage-calculator/",200,true,false,"INDEX,FOLLOW","https://freeaccuratecalculator.com/countries/france/square-footage-calculator/",true,Yes,false,"Calculateur de Surface en Mètres Carrés France (€) — Calculateur Gratuit | Free Accurate Calculator","Calcul de surface de pièces; sols et murs en m². Calculateur gratuit; instantané et conforme aux normes françaises.","Calculateur de Surface en Mètres Carrés France","fr-FR","france","country-hub","square-footage-calculator","SoftwareApplication+Breadcrumbs",775,"Low","Low","P1"
"https://freeaccuratecalculator.com/countries/france/standard-deviation-calculator/",200,true,false,"INDEX,FOLLOW","https://freeaccuratecalculator.com/countries/france/standard-deviation-calculator/",true,Yes,false,"Calculateur d&#39;Écart-Type France (€) — Calculateur Gratuit | Free Accurate Calculator","Variance; écart-type échantillon et population. Calculateur gratuit; instantané et conforme aux normes françaises.","Calculateur d&#39;Écart-Type France","fr-FR","france","country-hub","standard-deviation-calculator","SoftwareApplication+Breadcrumbs",740,"Low","Low","P1"
"https://freeaccuratecalculator.com/countries/france/statistics/confidence-interval-calculator/",200,true,false,"INDEX,FOLLOW","https://freeaccuratecalculator.com/countries/france/statistics/confidence-interval-calculator/",true,Yes,false,"Calculateur d&#39;Intervalle de Confiance France (€) — Calculateur Gratuit | Free Accurate Calculator","Bornes d","Calculateur d&#39;Intervalle de Confiance France","fr-FR","france","statistics","confidence-interval-calculator","SoftwareApplication+Breadcrumbs",766,"Low","Low","P1"
"https://freeaccuratecalculator.com/countries/france/statistics/",200,true,false,"INDEX,FOLLOW","https://freeaccuratecalculator.com/countries/france/statistics/",true,Yes,false,"Calculatrices de Statistiques Gratuites et Précises France 2026 | Free Accurate Calculator","Outils de calcul gratuits et précis pour la catégorie Statistiques en France. 100% confidentiel; sans publicité et conforme aux normes françaises.","Calculatrices de Statistiques pour la France","fr-FR","france","country-hub","","WebPage+Breadcrumbs",556,"Low","Low","P1"
"https://freeaccuratecalculator.com/countries/france/statistics/probability-calculator/",200,true,false,"INDEX,FOLLOW","https://freeaccuratecalculator.com/countries/france/statistics/probability-calculator/",true,Yes,false,"Calculateur de Probabilités France (€) — Calculateur Gratuit | Free Accurate Calculator","Combinaisons; permutations et probabilités conditionnelles. Calculateur gratuit; instantané et conforme aux normes françaises.","Calculateur de Probabilités France","fr-FR","france","statistics","probability-calculator","SoftwareApplication+Breadcrumbs",738,"Low","Low","P1"
"https://freeaccuratecalculator.com/countries/france/statistics/sample-size-calculator/",200,true,false,"INDEX,FOLLOW","https://freeaccuratecalculator.com/countries/france/statistics/sample-size-calculator/",true,Yes,false,"Calculateur de Taille d&#39;Échantillon France (€) — Calculateur Gratuit | Free Accurate Calculator","Nombre de répondants requis selon la marge d","Calculateur de Taille d&#39;Échantillon France","fr-FR","france","statistics","sample-size-calculator","SoftwareApplication+Breadcrumbs",777,"Low","Low","P1"
"https://freeaccuratecalculator.com/countries/france/statistics/standard-deviation-calculator/",200,true,false,"INDEX,FOLLOW","https://freeaccuratecalculator.com/countries/france/statistics/standard-deviation-calculator/",true,Yes,false,"Calculateur d&#39;Écart-Type France (€) — Calculateur Gratuit | Free Accurate Calculator","Variance; écart-type échantillon et population. Calculateur gratuit; instantané et conforme aux normes françaises.","Calculateur d&#39;Écart-Type France","fr-FR","france","statistics","standard-deviation-calculator","SoftwareApplication+Breadcrumbs",740,"Low","Low","P1"
"https://freeaccuratecalculator.com/countries/france/step-up-sip-calculator/",200,true,false,"INDEX,FOLLOW","https://freeaccuratecalculator.com/countries/france/step-up-sip-calculator/",true,Yes,false,"Calculateur d’Épargne avec Boost Annuel France — Versements Progressifs | Free Accurate Calculator","Simulez l’accélération de votre patrimoine en augmentant automatiquement vos versements d’épargne chaque année à mesure que vos revenus progressent.","Calculateur d’Épargne avec Boost Annuel France","fr-FR","france","country-hub","step-up-sip-calculator","SoftwareApplication+Breadcrumbs",851,"Low","Moderate (Intent Segmented)","P1"
"https://freeaccuratecalculator.com/countries/france/stoichiometry-calculator/",200,true,false,"INDEX,FOLLOW","https://freeaccuratecalculator.com/countries/france/stoichiometry-calculator/",true,Yes,false,"Calculateur de Stœchiométrie Chimique France (€) — Calculateur Gratuit | Free Accurate Calculator","Équilibrage de réaction; réactif limitant et rendement de synthèse. Calculateur gratuit; instantané et conforme aux normes françaises.","Calculateur de Stœchiométrie Chimique France","fr-FR","france","country-hub","stoichiometry-calculator","SoftwareApplication+Breadcrumbs",737,"Low","Low","P1"
"https://freeaccuratecalculator.com/countries/france/subnet-calculator/",200,true,false,"INDEX,FOLLOW","https://freeaccuratecalculator.com/countries/france/subnet-calculator/",true,Yes,false,"Calculateur de Sous-Réseau IP France (€) — Calculateur Gratuit | Free Accurate Calculator","Adresses réseau; masque de sous-réseau; broadcast et plages d","Calculateur de Sous-Réseau IP France","fr-FR","france","country-hub","subnet-calculator","SoftwareApplication+Breadcrumbs",731,"Low","Low","P1"
"https://freeaccuratecalculator.com/countries/france/swp-calculator/",200,true,false,"INDEX,FOLLOW","https://freeaccuratecalculator.com/countries/france/swp-calculator/",true,Yes,false,"Simulateur de Rente &amp; Retrait Périodique (SWP) France — Capital Résiduel | Free Accurate Calculator","Calculez la pérennité de votre capital placé tout en prélevant un revenu mensuel régulier pour financer votre retraite ou vos projets.","Simulateur de Retrait Régulier France (SWP)","fr-FR","france","country-hub","swp-calculator","SoftwareApplication+Breadcrumbs",894,"Low","Low","P1"
"https://freeaccuratecalculator.com/countries/france/taxe-amenagement/",200,true,false,"INDEX,FOLLOW","https://freeaccuratecalculator.com/countries/france/taxe-amenagement/",true,Yes,false,"Simulateur Taxe d&#39;Aménagement 2026 Gratuit | Calcul Officiel Urbanisme France | Free Accurate Calculator","Calculez gratuitement le montant exact de votre taxe d","Simulateur Taxe d'Aménagement 2026 : Calculez Vos Frais d'Urbanisme","fr-FR","france","country-hub","","SoftwareApplication+Breadcrumbs",2046,"Low","Low","P1"
"https://freeaccuratecalculator.com/countries/france/technology/bandwidth-calculator/",200,true,false,"INDEX,FOLLOW","https://freeaccuratecalculator.com/countries/france/technology/bandwidth-calculator/",true,Yes,false,"Calculateur de Bande Passante Réseau France (€) — Calculateur Gratuit | Free Accurate Calculator","Débit descendant et montant; transfert de données et saturation réseau. Calculateur gratuit; instantané et conforme aux normes françaises.","Calculateur de Bande Passante Réseau France","fr-FR","france","technology","bandwidth-calculator","SoftwareApplication+Breadcrumbs",748,"Low","Low","P1"
"https://freeaccuratecalculator.com/countries/france/technology/data-transfer-calculator/",200,true,false,"INDEX,FOLLOW","https://freeaccuratecalculator.com/countries/france/technology/data-transfer-calculator/",true,Yes,false,"Calculateur de Temps de Téléchargement France (€) — Calculateur Gratuit | Free Accurate Calculator","Estimation de la durée de téléchargement selon la vitesse de connexion. Calculateur gratuit; instantané et conforme aux normes françaises.","Calculateur de Temps de Téléchargement France","fr-FR","france","technology","data-transfer-calculator","SoftwareApplication+Breadcrumbs",746,"Low","Low","P1"
"https://freeaccuratecalculator.com/countries/france/technology/",200,true,false,"INDEX,FOLLOW","https://freeaccuratecalculator.com/countries/france/technology/",true,Yes,false,"Calculatrices de Technologie Gratuites et Précises France 2026 | Free Accurate Calculator","Outils de calcul gratuits et précis pour la catégorie Technologie en France. 100% confidentiel; sans publicité et conforme aux normes françaises.","Calculatrices de Technologie pour la France","fr-FR","france","country-hub","","WebPage+Breadcrumbs",562,"Low","Low","P1"
"https://freeaccuratecalculator.com/countries/france/technology/password-generator/",200,true,false,"INDEX,FOLLOW","https://freeaccuratecalculator.com/countries/france/technology/password-generator/",true,Yes,false,"Générateur de Mots de Passe Sécurisés France (€) — Calculateur Gratuit | Free Accurate Calculator","Générez des mots de passe ultra-sécurisés et cryptographiquement forts. Calculateur gratuit; instantané et conforme aux normes françaises.","Générateur de Mots de Passe Sécurisés France","fr-FR","france","technology","","SoftwareApplication+Breadcrumbs",741,"Low","Low","P1"
"https://freeaccuratecalculator.com/countries/france/technology/subnet-calculator/",200,true,false,"INDEX,FOLLOW","https://freeaccuratecalculator.com/countries/france/technology/subnet-calculator/",true,Yes,false,"Calculateur de Sous-Réseau IP France (€) — Calculateur Gratuit | Free Accurate Calculator","Adresses réseau; masque de sous-réseau; broadcast et plages d","Calculateur de Sous-Réseau IP France","fr-FR","france","technology","subnet-calculator","SoftwareApplication+Breadcrumbs",731,"Low","Low","P1"
"https://freeaccuratecalculator.com/countries/france/temperature-converter/",200,true,false,"INDEX,FOLLOW","https://freeaccuratecalculator.com/countries/france/temperature-converter/",true,Yes,false,"Convertisseur de Température France (€) — Calculateur Gratuit | Free Accurate Calculator","Celsius (°C); Fahrenheit (°F) et Kelvin (K). Calculateur gratuit; instantané et conforme aux normes françaises.","Convertisseur de Température France","fr-FR","france","country-hub","temperature-converter","SoftwareApplication+Breadcrumbs",739,"Low","Low","P1"
"https://freeaccuratecalculator.com/countries/france/term-life-insurance-calculator/",200,true,false,"INDEX,FOLLOW","https://freeaccuratecalculator.com/countries/france/term-life-insurance-calculator/",true,Yes,false,"Simulateur de Prévoyance Décès France — Capital Recommandé &amp; Rente Familiale | Free Accurate Calculator","Calculez le capital décès recommandé pour protéger votre famille; maintenir le niveau de vie de vos proches et solder vos crédits immobiliers en cas de disparition.","Simulateur de Prévoyance &amp; Capital Décès","fr-FR","france","country-hub","term-life-insurance-calculator","SoftwareApplication+Breadcrumbs",1107,"Low","Low","P1"
"https://freeaccuratecalculator.com/countries/france/time-calculator/",200,true,false,"INDEX,FOLLOW","https://freeaccuratecalculator.com/countries/france/time-calculator/",true,Yes,false,"Calculateur de Durée &amp; Heures France (€) — Calculateur Gratuit | Free Accurate Calculator","Addition et soustraction d","Calculateur de Durée &amp; Heures France","fr-FR","france","country-hub","time-calculator","SoftwareApplication+Breadcrumbs",754,"Low","Low","P1"
"https://freeaccuratecalculator.com/countries/france/triangle-calculator/",200,true,false,"INDEX,FOLLOW","https://freeaccuratecalculator.com/countries/france/triangle-calculator/",true,Yes,false,"Calculateur de Triangle France (€) — Calculateur Gratuit | Free Accurate Calculator","Angles; côtés; aire; périmètre et théorème de Pythagore. Calculateur gratuit; instantané et conforme aux normes françaises.","Calculateur de Triangle France","fr-FR","france","country-hub","triangle-calculator","SoftwareApplication+Breadcrumbs",734,"Low","Low","P1"
"https://freeaccuratecalculator.com/countries/france/umbrella-insurance-calculator/",200,true,false,"INDEX,FOLLOW","https://freeaccuratecalculator.com/countries/france/umbrella-insurance-calculator/",true,Yes,false,"Simulateur d&#39;Assurance Responsabilité Civile France (€) — Calculateur Gratuit | Free Accurate Calculator","Protection complémentaire contre les sinistres et litiges majeurs. Calculateur gratuit; instantané et conforme aux normes françaises.","Simulateur d&#39;Assurance Responsabilité Civile France","fr-FR","france","country-hub","umbrella-insurance-calculator","SoftwareApplication+Breadcrumbs",760,"Low","Low","P1"
"https://freeaccuratecalculator.com/countries/france/vat-calculator/",200,true,false,"INDEX,FOLLOW","https://freeaccuratecalculator.com/countries/france/vat-calculator/",true,Yes,false,"Calculateur de TVA France (20%; 10%; 5;5%) — Montant HT &amp; TTC | Free Accurate Calculator","Calculez instantanément le montant Hors Taxe (HT); Toutes Taxes Comprises (TTC) et la TVA pour la France selon les taux légaux 20%; 10% et 5;5%.","Calculateur de TVA France (20%; 10%; 5;5%)","fr-FR","france","country-hub","vat-calculator","SoftwareApplication+Breadcrumbs",961,"Low","Low","P1"
"https://freeaccuratecalculator.com/countries/france/velocity-acceleration-calculator/",200,true,false,"INDEX,FOLLOW","https://freeaccuratecalculator.com/countries/france/velocity-acceleration-calculator/",true,Yes,false,"Calculateur de Vitesse &amp; Accélération France (€) — Calculateur Gratuit | Free Accurate Calculator","Cinématique du mouvement rectiligne uniforme et uniformément accéléré. Calculateur gratuit; instantané et conforme aux normes françaises.","Calculateur de Vitesse &amp; Accélération France","fr-FR","france","country-hub","velocity-acceleration-calculator","SoftwareApplication+Breadcrumbs",754,"Low","Low","P1"
"https://freeaccuratecalculator.com/countries/france/water-conservation-calculator/",200,true,false,"INDEX,FOLLOW","https://freeaccuratecalculator.com/countries/france/water-conservation-calculator/",true,Yes,false,"Calculateur d&#39;Économie d&#39;Eau France (€) — Calculateur Gratuit | Free Accurate Calculator","Volume d","Calculateur d&#39;Économie d&#39;Eau France","fr-FR","france","country-hub","water-conservation-calculator","SoftwareApplication+Breadcrumbs",761,"Low","Low","P1"
"https://freeaccuratecalculator.com/countries/france/weight-converter/",200,true,false,"INDEX,FOLLOW","https://freeaccuratecalculator.com/countries/france/weight-converter/",true,Yes,false,"Convertisseur de Poids &amp; Masse France (€) — Calculateur Gratuit | Free Accurate Calculator","Grammes; kilogrammes; livres (lbs); onces et tonnes. Calculateur gratuit; instantané et conforme aux normes françaises.","Convertisseur de Poids &amp; Masse France","fr-FR","france","country-hub","weight-converter","SoftwareApplication+Breadcrumbs",758,"Low","Low","P1"
"https://freeaccuratecalculator.com/countries/france/whole-life-insurance-calculator/",200,true,false,"INDEX,FOLLOW","https://freeaccuratecalculator.com/countries/france/whole-life-insurance-calculator/",true,Yes,false,"Simulateur d&#39;Assurance Vie Entière France (€) — Calculateur Gratuit | Free Accurate Calculator","Épargne et transmission de capital avec fiscalité avantageuse. Calculateur gratuit; instantané et conforme aux normes françaises.","Simulateur d&#39;Assurance Vie Entière France","fr-FR","france","country-hub","whole-life-insurance-calculator","SoftwareApplication+Breadcrumbs",772,"Low","Low","P1"
"https://freeaccuratecalculator.com/countries/germany/automotive/",200,true,false,"INDEX,FOLLOW","https://freeaccuratecalculator.com/countries/germany/automotive/",true,Yes,false,"Germany Automotive Calculators — Free Online Tools (€) | Free Accurate Calculator","Accurate Germany automotive calculators customized with EUR (€) currency; statutory formulas; and instant edge calculation. 100% free and private.","Germany Automotive Calculators. Fast; Accurate &amp; Clean.","en","germany","country-hub","","WebPage+Breadcrumbs",627,"Low","Low","P2"
"https://freeaccuratecalculator.com/countries/germany/biology/",200,true,false,"INDEX,FOLLOW","https://freeaccuratecalculator.com/countries/germany/biology/",true,Yes,false,"Germany Biology Calculators — Free Online Tools (€) | Free Accurate Calculator","Accurate Germany biology calculators customized with EUR (€) currency; statutory formulas; and instant edge calculation. 100% free and private.","Germany Biology Calculators. Fast; Accurate &amp; Free.","en","germany","country-hub","","WebPage+Breadcrumbs",619,"Low","Low","P2"
"https://freeaccuratecalculator.com/countries/germany/business/",200,true,false,"INDEX,FOLLOW","https://freeaccuratecalculator.com/countries/germany/business/",true,Yes,false,"Germany Business Calculators — Free Online Tools (€) | Free Accurate Calculator","Accurate Germany business calculators customized with EUR (€) currency; statutory formulas; and instant edge calculation. 100% free and private.","Germany Business Calculators. Fast; Accurate &amp; Clean.","en","germany","country-hub","","WebPage+Breadcrumbs",622,"Low","Low","P2"
"https://freeaccuratecalculator.com/countries/germany/chemistry/",200,true,false,"INDEX,FOLLOW","https://freeaccuratecalculator.com/countries/germany/chemistry/",true,Yes,false,"Germany Chemistry Calculators — Free Online Tools (€) | Free Accurate Calculator","Accurate Germany chemistry calculators customized with EUR (€) currency; statutory formulas; and instant edge calculation. 100% free and private.","Germany Chemistry Calculators. Fast; Accurate &amp; Free.","en","germany","country-hub","","WebPage+Breadcrumbs",628,"Low","Moderate (Intent Segmented)","P2"
"https://freeaccuratecalculator.com/countries/germany/compound-interest-calculator/",200,true,false,"INDEX,FOLLOW","https://freeaccuratecalculator.com/countries/germany/compound-interest-calculator/",true,Yes,false,"Germany Compound Interest Calculator (€) — Free Online Calculator | Free Accurate Calculator","Accurate Germany Compound Interest Calculator with EUR (€) formatting and standard numerical precision. Free; instant client-side calculation.","Germany Compound Interest Calculator","en","germany","country-hub","compound-interest-calculator","SoftwareApplication+Breadcrumbs",805,"Low-Moderate (Localized Params)","Low","P2"
"https://freeaccuratecalculator.com/countries/germany/construction/",200,true,false,"INDEX,FOLLOW","https://freeaccuratecalculator.com/countries/germany/construction/",true,Yes,false,"Germany Construction Calculators — Free Online Tools (€) | Free Accurate Calculator","Accurate Germany construction calculators customized with EUR (€) currency; statutory formulas; and instant edge calculation. 100% free and private.","Germany Construction Calculators. Fast; Accurate &amp; Free.","en","germany","country-hub","","WebPage+Breadcrumbs",630,"Low","Low","P2"
"https://freeaccuratecalculator.com/countries/germany/converter/",200,true,false,"INDEX,FOLLOW","https://freeaccuratecalculator.com/countries/germany/converter/",true,Yes,false,"Germany Converter Calculators — Free Online Tools (€) | Free Accurate Calculator","Accurate Germany converter calculators customized with EUR (€) currency; statutory formulas; and instant edge calculation. 100% free and private.","Germany Converter Calculators. Fast; Accurate &amp; Free.","en","germany","country-hub","","WebPage+Breadcrumbs",625,"Low","Low","P2"
"https://freeaccuratecalculator.com/countries/germany/ecology/",200,true,false,"INDEX,FOLLOW","https://freeaccuratecalculator.com/countries/germany/ecology/",true,Yes,false,"Germany Ecology Calculators — Free Online Tools (€) | Free Accurate Calculator","Accurate Germany ecology calculators customized with EUR (€) currency; statutory formulas; and instant edge calculation. 100% free and private.","Germany Ecology Calculators. Fast; Accurate &amp; Free.","en","germany","country-hub","","WebPage+Breadcrumbs",634,"Low","Low","P2"
"https://freeaccuratecalculator.com/countries/germany/everyday/",200,true,false,"INDEX,FOLLOW","https://freeaccuratecalculator.com/countries/germany/everyday/",true,Yes,false,"Germany Everyday Calculators — Free Online Tools (€) | Free Accurate Calculator","Accurate Germany everyday calculators customized with EUR (€) currency; statutory formulas; and instant edge calculation. 100% free and private.","Germany Everyday Calculators. Fast; Accurate &amp; Clean.","en","germany","country-hub","","WebPage+Breadcrumbs",647,"Low","Low","P2"
"https://freeaccuratecalculator.com/countries/germany/finance/compound-interest-calculator/",200,true,false,"INDEX,FOLLOW","https://freeaccuratecalculator.com/countries/germany/finance/compound-interest-calculator/",true,Yes,false,"Germany Compound Interest Calculator (€) — Free Online Calculator | Free Accurate Calculator","Accurate Germany Compound Interest Calculator with EUR (€) formatting and standard numerical precision. Free; instant client-side calculation.","Germany Compound Interest Calculator","en","germany","finance","compound-interest-calculator","SoftwareApplication+Breadcrumbs",805,"Low-Moderate (Localized Params)","Low","P2"
"https://freeaccuratecalculator.com/countries/germany/finance/income-tax-calculator/",200,true,false,"INDEX,FOLLOW","https://freeaccuratecalculator.com/countries/germany/finance/income-tax-calculator/",true,Yes,false,"Germany Salary Calculator (€) — Free Online Calculator | Free Accurate Calculator","Accurate Germany Salary Calculator with EUR (€) formatting and standard numerical precision. Free; instant client-side calculation.","Germany Salary Calculator","en","germany","finance","income-tax-calculator","SoftwareApplication+Breadcrumbs",696,"Low-Moderate (Localized Params)","Low","P2"
"https://freeaccuratecalculator.com/countries/germany/finance/",200,true,false,"INDEX,FOLLOW","https://freeaccuratecalculator.com/countries/germany/finance/",true,Yes,false,"Germany Finance Calculators — Free Online Tools (€) | Free Accurate Calculator","Accurate Germany finance calculators customized with EUR (€) currency; statutory formulas; and instant edge calculation. 100% free and private.","Germany Finance Calculators. Fast; Accurate &amp; Clean.","en","germany","country-hub","","WebPage+Breadcrumbs",823,"Low","Low","P2"
"https://freeaccuratecalculator.com/countries/germany/finance/mortgage-calculator/",200,true,false,"INDEX,FOLLOW","https://freeaccuratecalculator.com/countries/germany/finance/mortgage-calculator/",true,Yes,false,"Germany Mortgage Calculator (€) — Free Online Calculator | Free Accurate Calculator","Accurate Germany Mortgage Calculator with EUR (€) formatting and standard numerical precision. Free; instant client-side calculation.","Germany Mortgage Calculator","en","germany","finance","mortgage-calculator","SoftwareApplication+Breadcrumbs",831,"Low-Moderate (Localized Params)","Low","P2"
"https://freeaccuratecalculator.com/countries/germany/finance/salary-calculator/",200,true,false,"INDEX,FOLLOW","https://freeaccuratecalculator.com/countries/germany/finance/salary-calculator/",true,Yes,false,"Germany Salary Calculator (€) — Free Online Calculator | Free Accurate Calculator","Accurate Germany Salary Calculator with EUR (€) formatting and standard numerical precision. Free; instant client-side calculation.","Germany Salary Calculator","en","germany","finance","salary-calculator","SoftwareApplication+Breadcrumbs",696,"Low-Moderate (Localized Params)","Low","P2"
"https://freeaccuratecalculator.com/countries/germany/food/",200,true,false,"INDEX,FOLLOW","https://freeaccuratecalculator.com/countries/germany/food/",true,Yes,false,"Germany Food Calculators — Free Online Tools (€) | Free Accurate Calculator","Accurate Germany food calculators customized with EUR (€) currency; statutory formulas; and instant edge calculation. 100% free and private.","Germany Food Calculators. Fast; Accurate &amp; Free.","en","germany","country-hub","","WebPage+Breadcrumbs",638,"Low","Low","P2"
"https://freeaccuratecalculator.com/countries/germany/health/",200,true,false,"INDEX,FOLLOW","https://freeaccuratecalculator.com/countries/germany/health/",true,Yes,false,"Germany Health Calculators — Free Online Tools (€) | Free Accurate Calculator","Accurate Germany health calculators customized with EUR (€) currency; statutory formulas; and instant edge calculation. 100% free and private.","Germany Health Calculators. Fast; Accurate &amp; Private.","en","germany","country-hub","","WebPage+Breadcrumbs",651,"Low","Low","P2"
"https://freeaccuratecalculator.com/countries/germany/income-tax-calculator/",200,true,false,"INDEX,FOLLOW","https://freeaccuratecalculator.com/countries/germany/income-tax-calculator/",true,Yes,false,"Germany Salary Calculator (€) — Free Online Calculator | Free Accurate Calculator","Accurate Germany Salary Calculator with EUR (€) formatting and standard numerical precision. Free; instant client-side calculation.","Germany Salary Calculator","en","germany","country-hub","income-tax-calculator","SoftwareApplication+Breadcrumbs",696,"Low-Moderate (Localized Params)","Low","P2"
"https://freeaccuratecalculator.com/countries/germany/",200,true,false,"INDEX,FOLLOW","https://freeaccuratecalculator.com/countries/germany/",true,Yes,false,"Germany Calculators — Free Online Finance; Tax &amp; Utility Tools (€) | Free Accurate Calculator","Mathematically verified online calculators for Germany. Customized with EUR (€) currency; standard grouping; and statutory financial rules.","Germany Calculators. Fast; Accurate &amp; Clean.","en","germany","countries","","WebPage+Breadcrumbs",602,"Low","Low","P2"
"https://freeaccuratecalculator.com/countries/germany/insurance/",200,true,false,"INDEX,FOLLOW","https://freeaccuratecalculator.com/countries/germany/insurance/",true,Yes,false,"Germany Insurance Calculators — Free Online Tools (€) | Free Accurate Calculator","Accurate Germany insurance calculators customized with EUR (€) currency; statutory formulas; and instant edge calculation. 100% free and private.","Germany Insurance Calculators. Fast; Accurate &amp; Clean.","en","germany","country-hub","","WebPage+Breadcrumbs",699,"Low","Low","P2"
"https://freeaccuratecalculator.com/countries/germany/legal/",200,true,false,"INDEX,FOLLOW","https://freeaccuratecalculator.com/countries/germany/legal/",true,Yes,false,"Germany Legal Calculators — Free Online Tools (€) | Free Accurate Calculator","Accurate Germany legal calculators customized with EUR (€) currency; statutory formulas; and instant edge calculation. 100% free and private.","Germany Legal Calculators. Fast; Accurate &amp; Private.","en","germany","country-hub","","WebPage+Breadcrumbs",634,"Low","Low","P2"
"https://freeaccuratecalculator.com/countries/germany/love/",200,true,false,"INDEX,FOLLOW","https://freeaccuratecalculator.com/countries/germany/love/",true,Yes,false,"Germany Love Calculators — Free Online Tools (€) | Free Accurate Calculator","Accurate Germany love calculators customized with EUR (€) currency; statutory formulas; and instant edge calculation. 100% free and private.","Germany Love Calculators. Compatibility &amp; Connection.","en","germany","country-hub","","WebPage+Breadcrumbs",631,"Low","Low","P2"
"https://freeaccuratecalculator.com/countries/germany/marketing/",200,true,false,"INDEX,FOLLOW","https://freeaccuratecalculator.com/countries/germany/marketing/",true,Yes,false,"Germany Marketing Calculators — Free Online Tools (€) | Free Accurate Calculator","Accurate Germany marketing calculators customized with EUR (€) currency; statutory formulas; and instant edge calculation. 100% free and private.","Germany Marketing Calculators. Fast; Accurate &amp; Clean.","en","germany","country-hub","","WebPage+Breadcrumbs",624,"Low","Low","P2"
"https://freeaccuratecalculator.com/countries/germany/math/",200,true,false,"INDEX,FOLLOW","https://freeaccuratecalculator.com/countries/germany/math/",true,Yes,false,"Germany Math Calculators — Free Online Tools (€) | Free Accurate Calculator","Accurate Germany math calculators customized with EUR (€) currency; statutory formulas; and instant edge calculation. 100% free and private.","Germany Math Calculators. Fast; Accurate &amp; Free.","en","germany","country-hub","","WebPage+Breadcrumbs",613,"Low","Low","P2"
"https://freeaccuratecalculator.com/countries/germany/mortgage-calculator/",200,true,false,"INDEX,FOLLOW","https://freeaccuratecalculator.com/countries/germany/mortgage-calculator/",true,Yes,false,"Germany Mortgage Calculator (€) — Free Online Calculator | Free Accurate Calculator","Accurate Germany Mortgage Calculator with EUR (€) formatting and standard numerical precision. Free; instant client-side calculation.","Germany Mortgage Calculator","en","germany","country-hub","mortgage-calculator","SoftwareApplication+Breadcrumbs",831,"Low-Moderate (Localized Params)","Low","P2"
"https://freeaccuratecalculator.com/countries/germany/physics/",200,true,false,"INDEX,FOLLOW","https://freeaccuratecalculator.com/countries/germany/physics/",true,Yes,false,"Germany Physics Calculators — Free Online Tools (€) | Free Accurate Calculator","Accurate Germany physics calculators customized with EUR (€) currency; statutory formulas; and instant edge calculation. 100% free and private.","Germany Physics Calculators. Fast; Accurate &amp; Clean.","en","germany","country-hub","","WebPage+Breadcrumbs",624,"Low","Low","P2"
"https://freeaccuratecalculator.com/countries/germany/real-estate/",200,true,false,"INDEX,FOLLOW","https://freeaccuratecalculator.com/countries/germany/real-estate/",true,Yes,false,"Germany Real Estate Calculators — Free Online Tools (€) | Free Accurate Calculator","Accurate Germany real estate calculators customized with EUR (€) currency; statutory formulas; and instant edge calculation. 100% free and private.","Germany Real Estate Calculators. Fast; Accurate &amp; Clean.","en","germany","country-hub","","WebPage+Breadcrumbs",640,"Low","Low","P2"
"https://freeaccuratecalculator.com/countries/germany/salary-calculator/",200,true,false,"INDEX,FOLLOW","https://freeaccuratecalculator.com/countries/germany/salary-calculator/",true,Yes,false,"Germany Salary Calculator (€) — Free Online Calculator | Free Accurate Calculator","Accurate Germany Salary Calculator with EUR (€) formatting and standard numerical precision. Free; instant client-side calculation.","Germany Salary Calculator","en","germany","country-hub","salary-calculator","SoftwareApplication+Breadcrumbs",696,"Low-Moderate (Localized Params)","Low","P2"
"https://freeaccuratecalculator.com/countries/germany/sports/",200,true,false,"INDEX,FOLLOW","https://freeaccuratecalculator.com/countries/germany/sports/",true,Yes,false,"Germany Sports Calculators — Free Online Tools (€) | Free Accurate Calculator","Accurate Germany sports calculators customized with EUR (€) currency; statutory formulas; and instant edge calculation. 100% free and private.","Germany Sports Calculators. Fast; Accurate &amp; Clean.","en","germany","country-hub","","WebPage+Breadcrumbs",638,"Low","Low","P2"
"https://freeaccuratecalculator.com/countries/germany/statistics/",200,true,false,"INDEX,FOLLOW","https://freeaccuratecalculator.com/countries/germany/statistics/",true,Yes,false,"Germany Statistics Calculators — Free Online Tools (€) | Free Accurate Calculator","Accurate Germany statistics calculators customized with EUR (€) currency; statutory formulas; and instant edge calculation. 100% free and private.","Germany Statistics Calculators. Fast; Accurate &amp; Free.","en","germany","country-hub","","WebPage+Breadcrumbs",626,"Low","Low","P2"
"https://freeaccuratecalculator.com/countries/germany/technology/",200,true,false,"INDEX,FOLLOW","https://freeaccuratecalculator.com/countries/germany/technology/",true,Yes,false,"Germany Technology Calculators — Free Online Tools (€) | Free Accurate Calculator","Accurate Germany technology calculators customized with EUR (€) currency; statutory formulas; and instant edge calculation. 100% free and private.","Germany Technology Calculators. Fast; Accurate &amp; Free.","en","germany","country-hub","","WebPage+Breadcrumbs",621,"Low","Low","P2"
"https://freeaccuratecalculator.com/countries/",200,true,false,"INDEX,FOLLOW","https://freeaccuratecalculator.com/countries/",true,Yes,false,"Online Calculators by Country — Free Accurate Calculator","Select your nation to access mathematically verified calculators customized for your currency; national tax rules; and local number standards.","🌍Countries","en","","countries","","WebPage+Breadcrumbs",263,"Low","Low","P2"
"https://freeaccuratecalculator.com/countries/india/automotive/",200,true,false,"INDEX,FOLLOW","https://freeaccuratecalculator.com/countries/india/automotive/",true,Yes,false,"India Automotive Calculators — Free Online Tools (₹) | Free Accurate Calculator","Accurate India automotive calculators customized with INR (₹) currency; statutory formulas; and instant edge calculation. 100% free and private.","India Automotive Calculators. Fast; Accurate &amp; Clean.","en","india","country-hub","","WebPage+Breadcrumbs",679,"Low","Low","P1"
"https://freeaccuratecalculator.com/countries/india/biology/",200,true,false,"INDEX,FOLLOW","https://freeaccuratecalculator.com/countries/india/biology/",true,Yes,false,"India Biology Calculators — Free Online Tools (₹) | Free Accurate Calculator","Accurate India biology calculators customized with INR (₹) currency; statutory formulas; and instant edge calculation. 100% free and private.","India Biology Calculators. Fast; Accurate &amp; Free.","en","india","country-hub","","WebPage+Breadcrumbs",671,"Low","Low","P1"
"https://freeaccuratecalculator.com/countries/india/business/",200,true,false,"INDEX,FOLLOW","https://freeaccuratecalculator.com/countries/india/business/",true,Yes,false,"India Business Calculators — Free Online Tools (₹) | Free Accurate Calculator","Accurate India business calculators customized with INR (₹) currency; statutory formulas; and instant edge calculation. 100% free and private.","India Business Calculators. Fast; Accurate &amp; Clean.","en","india","country-hub","","WebPage+Breadcrumbs",674,"Low","Low","P1"
"https://freeaccuratecalculator.com/countries/india/chemistry/",200,true,false,"INDEX,FOLLOW","https://freeaccuratecalculator.com/countries/india/chemistry/",true,Yes,false,"India Chemistry Calculators — Free Online Tools (₹) | Free Accurate Calculator","Accurate India chemistry calculators customized with INR (₹) currency; statutory formulas; and instant edge calculation. 100% free and private.","India Chemistry Calculators. Fast; Accurate &amp; Free.","en","india","country-hub","","WebPage+Breadcrumbs",680,"Low","Moderate (Intent Segmented)","P1"
"https://freeaccuratecalculator.com/countries/india/construction/",200,true,false,"INDEX,FOLLOW","https://freeaccuratecalculator.com/countries/india/construction/",true,Yes,false,"India Construction Calculators — Free Online Tools (₹) | Free Accurate Calculator","Accurate India construction calculators customized with INR (₹) currency; statutory formulas; and instant edge calculation. 100% free and private.","India Construction Calculators. Fast; Accurate &amp; Free.","en","india","country-hub","","WebPage+Breadcrumbs",682,"Low","Low","P1"
"https://freeaccuratecalculator.com/countries/india/converter/",200,true,false,"INDEX,FOLLOW","https://freeaccuratecalculator.com/countries/india/converter/",true,Yes,false,"India Converter Calculators — Free Online Tools (₹) | Free Accurate Calculator","Accurate India converter calculators customized with INR (₹) currency; statutory formulas; and instant edge calculation. 100% free and private.","India Converter Calculators. Fast; Accurate &amp; Free.","en","india","country-hub","","WebPage+Breadcrumbs",677,"Low","Low","P1"
"https://freeaccuratecalculator.com/countries/india/ecology/",200,true,false,"INDEX,FOLLOW","https://freeaccuratecalculator.com/countries/india/ecology/",true,Yes,false,"India Ecology Calculators — Free Online Tools (₹) | Free Accurate Calculator","Accurate India ecology calculators customized with INR (₹) currency; statutory formulas; and instant edge calculation. 100% free and private.","India Ecology Calculators. Fast; Accurate &amp; Free.","en","india","country-hub","","WebPage+Breadcrumbs",686,"Low","Low","P1"
"https://freeaccuratecalculator.com/countries/india/emi-calculator/",200,true,false,"INDEX,FOLLOW","https://freeaccuratecalculator.com/countries/india/emi-calculator/",true,Yes,false,"India Loan Calculator (₹) — Free Online Calculator | Free Accurate Calculator","Accurate India Loan Calculator with INR (₹) formatting and Lakh/Crore numerical precision. Free; instant client-side calculation.","India Loan Calculator","en","india","country-hub","emi-calculator","SoftwareApplication+Breadcrumbs",739,"Low-Moderate (Localized Params)","Moderate (Intent Segmented)","P1"
"https://freeaccuratecalculator.com/countries/india/epf-calculator/",200,true,false,"INDEX,FOLLOW","https://freeaccuratecalculator.com/countries/india/epf-calculator/",true,Yes,false,"India EPF Calculator (₹) — Free Online Calculator | Free Accurate Calculator","Accurate India EPF Calculator with INR (₹) formatting and Lakh/Crore numerical precision. Free; instant client-side calculation.","India EPF Calculator","en","india","country-hub","epf-calculator","SoftwareApplication+Breadcrumbs",765,"Low-Moderate (Localized Params)","Low","P1"
"https://freeaccuratecalculator.com/countries/india/everyday/",200,true,false,"INDEX,FOLLOW","https://freeaccuratecalculator.com/countries/india/everyday/",true,Yes,false,"India Everyday Calculators — Free Online Tools (₹) | Free Accurate Calculator","Accurate India everyday calculators customized with INR (₹) currency; statutory formulas; and instant edge calculation. 100% free and private.","India Everyday Calculators. Fast; Accurate &amp; Clean.","en","india","country-hub","","WebPage+Breadcrumbs",699,"Low","Low","P1"
"https://freeaccuratecalculator.com/countries/india/finance/emi-calculator/",200,true,false,"INDEX,FOLLOW","https://freeaccuratecalculator.com/countries/india/finance/emi-calculator/",true,Yes,false,"India Loan Calculator (₹) — Free Online Calculator | Free Accurate Calculator","Accurate India Loan Calculator with INR (₹) formatting and Lakh/Crore numerical precision. Free; instant client-side calculation.","India Loan Calculator","en","india","finance","emi-calculator","SoftwareApplication+Breadcrumbs",739,"Low-Moderate (Localized Params)","Moderate (Intent Segmented)","P1"
"https://freeaccuratecalculator.com/countries/india/finance/epf-calculator/",200,true,false,"INDEX,FOLLOW","https://freeaccuratecalculator.com/countries/india/finance/epf-calculator/",true,Yes,false,"India EPF Calculator (₹) — Free Online Calculator | Free Accurate Calculator","Accurate India EPF Calculator with INR (₹) formatting and Lakh/Crore numerical precision. Free; instant client-side calculation.","India EPF Calculator","en","india","finance","epf-calculator","SoftwareApplication+Breadcrumbs",765,"Low-Moderate (Localized Params)","Low","P1"
"https://freeaccuratecalculator.com/countries/india/finance/gratuity-calculator/",200,true,false,"INDEX,FOLLOW","https://freeaccuratecalculator.com/countries/india/finance/gratuity-calculator/",true,Yes,false,"India Gratuity Calculator (₹) — Free Online Calculator | Free Accurate Calculator","Accurate India Gratuity Calculator with INR (₹) formatting and Lakh/Crore numerical precision. Free; instant client-side calculation.","India Gratuity Calculator","en","india","finance","gratuity-calculator","SoftwareApplication+Breadcrumbs",731,"Low-Moderate (Localized Params)","Low","P1"
"https://freeaccuratecalculator.com/countries/india/finance/income-tax-calculator/",200,true,false,"INDEX,FOLLOW","https://freeaccuratecalculator.com/countries/india/finance/income-tax-calculator/",true,Yes,false,"India Salary Calculator (₹) — Free Online Calculator | Free Accurate Calculator","Accurate India Salary Calculator with INR (₹) formatting and Lakh/Crore numerical precision. Free; instant client-side calculation.","India Salary Calculator","en","india","finance","income-tax-calculator","SoftwareApplication+Breadcrumbs",702,"Low-Moderate (Localized Params)","Low","P1"
"https://freeaccuratecalculator.com/countries/india/finance/",200,true,false,"INDEX,FOLLOW","https://freeaccuratecalculator.com/countries/india/finance/",true,Yes,false,"India Finance Calculators — Free Online Tools (₹) | Free Accurate Calculator","Accurate India finance calculators customized with INR (₹) currency; statutory formulas; and instant edge calculation. 100% free and private.","India Finance Calculators. Fast; Accurate &amp; Clean.","en","india","country-hub","","WebPage+Breadcrumbs",906,"Low","Low","P1"
"https://freeaccuratecalculator.com/countries/india/finance/loan-calculator/",200,true,false,"INDEX,FOLLOW","https://freeaccuratecalculator.com/countries/india/finance/loan-calculator/",true,Yes,false,"India Loan Calculator (₹) — Free Online Calculator | Free Accurate Calculator","Accurate India Loan Calculator with INR (₹) formatting and Lakh/Crore numerical precision. Free; instant client-side calculation.","India Loan Calculator","en","india","finance","loan-calculator","SoftwareApplication+Breadcrumbs",739,"Low-Moderate (Localized Params)","Low","P1"
"https://freeaccuratecalculator.com/countries/india/finance/lumpsum-calculator/",200,true,false,"INDEX,FOLLOW","https://freeaccuratecalculator.com/countries/india/finance/lumpsum-calculator/",true,Yes,false,"India Lumpsum Calculator (₹) — Free Online Calculator | Free Accurate Calculator","Accurate India Lumpsum Calculator with INR (₹) formatting and Lakh/Crore numerical precision. Free; instant client-side calculation.","India Lumpsum Calculator","en","india","finance","lumpsum-calculator","SoftwareApplication+Breadcrumbs",738,"Low-Moderate (Localized Params)","Low","P1"
"https://freeaccuratecalculator.com/countries/india/finance/mortgage-calculator/",200,true,false,"INDEX,FOLLOW","https://freeaccuratecalculator.com/countries/india/finance/mortgage-calculator/",true,Yes,false,"India Mortgage Calculator (₹) — Free Online Calculator | Free Accurate Calculator","Accurate India Mortgage Calculator with INR (₹) formatting and Lakh/Crore numerical precision. Free; instant client-side calculation.","India Mortgage Calculator","en","india","finance","mortgage-calculator","SoftwareApplication+Breadcrumbs",838,"Low-Moderate (Localized Params)","Low","P1"
"https://freeaccuratecalculator.com/countries/india/finance/ppf-calculator/",200,true,false,"INDEX,FOLLOW","https://freeaccuratecalculator.com/countries/india/finance/ppf-calculator/",true,Yes,false,"India PPF Calculator (₹) — Free Online Calculator | Free Accurate Calculator","Accurate India PPF Calculator with INR (₹) formatting and Lakh/Crore numerical precision. Free; instant client-side calculation.","India PPF Calculator","en","india","finance","ppf-calculator","SoftwareApplication+Breadcrumbs",770,"Low-Moderate (Localized Params)","Low","P1"
"https://freeaccuratecalculator.com/countries/india/finance/salary-calculator/",200,true,false,"INDEX,FOLLOW","https://freeaccuratecalculator.com/countries/india/finance/salary-calculator/",true,Yes,false,"India Salary Calculator (₹) — Free Online Calculator | Free Accurate Calculator","Accurate India Salary Calculator with INR (₹) formatting and Lakh/Crore numerical precision. Free; instant client-side calculation.","India Salary Calculator","en","india","finance","salary-calculator","SoftwareApplication+Breadcrumbs",702,"Low-Moderate (Localized Params)","Low","P1"
"https://freeaccuratecalculator.com/countries/india/finance/sip-calculator/",200,true,false,"INDEX,FOLLOW","https://freeaccuratecalculator.com/countries/india/finance/sip-calculator/",true,Yes,false,"India SIP Calculator (₹) — Free Online Calculator | Free Accurate Calculator","Accurate India SIP Calculator with INR (₹) formatting and Lakh/Crore numerical precision. Free; instant client-side calculation.","India SIP Calculator","en","india","finance","sip-calculator","SoftwareApplication+Breadcrumbs",807,"Low-Moderate (Localized Params)","Moderate (Intent Segmented)","P1"
"https://freeaccuratecalculator.com/countries/india/finance/step-up-sip-calculator/",200,true,false,"INDEX,FOLLOW","https://freeaccuratecalculator.com/countries/india/finance/step-up-sip-calculator/",true,Yes,false,"India Step-Up SIP Calculator (₹) — Free Online Calculator | Free Accurate Calculator","Accurate India Step-Up SIP Calculator with INR (₹) formatting and Lakh/Crore numerical precision. Free; instant client-side calculation.","India Step-Up SIP Calculator","en","india","finance","step-up-sip-calculator","SoftwareApplication+Breadcrumbs",826,"Low-Moderate (Localized Params)","Moderate (Intent Segmented)","P1"
"https://freeaccuratecalculator.com/countries/india/finance/swp-calculator/",200,true,false,"INDEX,FOLLOW","https://freeaccuratecalculator.com/countries/india/finance/swp-calculator/",true,Yes,false,"India SWP Calculator (₹) — Free Online Calculator | Free Accurate Calculator","Accurate India SWP Calculator with INR (₹) formatting and Lakh/Crore numerical precision. Free; instant client-side calculation.","India SWP Calculator","en","india","finance","swp-calculator","SoftwareApplication+Breadcrumbs",765,"Low-Moderate (Localized Params)","Low","P1"
"https://freeaccuratecalculator.com/countries/india/food/",200,true,false,"INDEX,FOLLOW","https://freeaccuratecalculator.com/countries/india/food/",true,Yes,false,"India Food Calculators — Free Online Tools (₹) | Free Accurate Calculator","Accurate India food calculators customized with INR (₹) currency; statutory formulas; and instant edge calculation. 100% free and private.","India Food Calculators. Fast; Accurate &amp; Free.","en","india","country-hub","","WebPage+Breadcrumbs",690,"Low","Low","P1"
"https://freeaccuratecalculator.com/countries/india/gratuity-calculator/",200,true,false,"INDEX,FOLLOW","https://freeaccuratecalculator.com/countries/india/gratuity-calculator/",true,Yes,false,"India Gratuity Calculator (₹) — Free Online Calculator | Free Accurate Calculator","Accurate India Gratuity Calculator with INR (₹) formatting and Lakh/Crore numerical precision. Free; instant client-side calculation.","India Gratuity Calculator","en","india","country-hub","gratuity-calculator","SoftwareApplication+Breadcrumbs",731,"Low-Moderate (Localized Params)","Low","P1"
"https://freeaccuratecalculator.com/countries/india/health/",200,true,false,"INDEX,FOLLOW","https://freeaccuratecalculator.com/countries/india/health/",true,Yes,false,"India Health Calculators — Free Online Tools (₹) | Free Accurate Calculator","Accurate India health calculators customized with INR (₹) currency; statutory formulas; and instant edge calculation. 100% free and private.","India Health Calculators. Fast; Accurate &amp; Private.","en","india","country-hub","","WebPage+Breadcrumbs",703,"Low","Low","P1"
"https://freeaccuratecalculator.com/countries/india/income-tax-calculator/",200,true,false,"INDEX,FOLLOW","https://freeaccuratecalculator.com/countries/india/income-tax-calculator/",true,Yes,false,"India Salary Calculator (₹) — Free Online Calculator | Free Accurate Calculator","Accurate India Salary Calculator with INR (₹) formatting and Lakh/Crore numerical precision. Free; instant client-side calculation.","India Salary Calculator","en","india","country-hub","income-tax-calculator","SoftwareApplication+Breadcrumbs",702,"Low-Moderate (Localized Params)","Low","P1"
"https://freeaccuratecalculator.com/countries/india/",200,true,false,"INDEX,FOLLOW","https://freeaccuratecalculator.com/countries/india/",true,Yes,false,"India Calculators — Free Online Finance; Tax &amp; Utility Tools (₹) | Free Accurate Calculator","Mathematically verified online calculators for India. Customized with INR (₹) currency; Lakh/Crore numbering; and statutory financial rules.","India Calculators. Fast; Accurate &amp; Clean.","en","india","countries","","WebPage+Breadcrumbs",654,"Low","Low","P1"
"https://freeaccuratecalculator.com/countries/india/insurance/",200,true,false,"INDEX,FOLLOW","https://freeaccuratecalculator.com/countries/india/insurance/",true,Yes,false,"India Insurance Calculators — Free Online Tools (₹) | Free Accurate Calculator","Accurate India insurance calculators customized with INR (₹) currency; statutory formulas; and instant edge calculation. 100% free and private.","India Insurance Calculators. Fast; Accurate &amp; Clean.","en","india","country-hub","","WebPage+Breadcrumbs",751,"Low","Low","P1"
"https://freeaccuratecalculator.com/countries/india/legal/",200,true,false,"INDEX,FOLLOW","https://freeaccuratecalculator.com/countries/india/legal/",true,Yes,false,"India Legal Calculators — Free Online Tools (₹) | Free Accurate Calculator","Accurate India legal calculators customized with INR (₹) currency; statutory formulas; and instant edge calculation. 100% free and private.","India Legal Calculators. Fast; Accurate &amp; Private.","en","india","country-hub","","WebPage+Breadcrumbs",686,"Low","Low","P1"
"https://freeaccuratecalculator.com/countries/india/loan-calculator/",200,true,false,"INDEX,FOLLOW","https://freeaccuratecalculator.com/countries/india/loan-calculator/",true,Yes,false,"India Loan Calculator (₹) — Free Online Calculator | Free Accurate Calculator","Accurate India Loan Calculator with INR (₹) formatting and Lakh/Crore numerical precision. Free; instant client-side calculation.","India Loan Calculator","en","india","country-hub","loan-calculator","SoftwareApplication+Breadcrumbs",739,"Low-Moderate (Localized Params)","Low","P1"
"https://freeaccuratecalculator.com/countries/india/love/",200,true,false,"INDEX,FOLLOW","https://freeaccuratecalculator.com/countries/india/love/",true,Yes,false,"India Love Calculators — Free Online Tools (₹) | Free Accurate Calculator","Accurate India love calculators customized with INR (₹) currency; statutory formulas; and instant edge calculation. 100% free and private.","India Love Calculators. Compatibility &amp; Connection.","en","india","country-hub","","WebPage+Breadcrumbs",683,"Low","Low","P1"
"https://freeaccuratecalculator.com/countries/india/lumpsum-calculator/",200,true,false,"INDEX,FOLLOW","https://freeaccuratecalculator.com/countries/india/lumpsum-calculator/",true,Yes,false,"India Lumpsum Calculator (₹) — Free Online Calculator | Free Accurate Calculator","Accurate India Lumpsum Calculator with INR (₹) formatting and Lakh/Crore numerical precision. Free; instant client-side calculation.","India Lumpsum Calculator","en","india","country-hub","lumpsum-calculator","SoftwareApplication+Breadcrumbs",738,"Low-Moderate (Localized Params)","Low","P1"
"https://freeaccuratecalculator.com/countries/india/marketing/",200,true,false,"INDEX,FOLLOW","https://freeaccuratecalculator.com/countries/india/marketing/",true,Yes,false,"India Marketing Calculators — Free Online Tools (₹) | Free Accurate Calculator","Accurate India marketing calculators customized with INR (₹) currency; statutory formulas; and instant edge calculation. 100% free and private.","India Marketing Calculators. Fast; Accurate &amp; Clean.","en","india","country-hub","","WebPage+Breadcrumbs",676,"Low","Low","P1"
"https://freeaccuratecalculator.com/countries/india/math/",200,true,false,"INDEX,FOLLOW","https://freeaccuratecalculator.com/countries/india/math/",true,Yes,false,"India Math Calculators — Free Online Tools (₹) | Free Accurate Calculator","Accurate India math calculators customized with INR (₹) currency; statutory formulas; and instant edge calculation. 100% free and private.","India Math Calculators. Fast; Accurate &amp; Free.","en","india","country-hub","","WebPage+Breadcrumbs",669,"Low","Low","P1"
"https://freeaccuratecalculator.com/countries/india/mortgage-calculator/",200,true,false,"INDEX,FOLLOW","https://freeaccuratecalculator.com/countries/india/mortgage-calculator/",true,Yes,false,"India Mortgage Calculator (₹) — Free Online Calculator | Free Accurate Calculator","Accurate India Mortgage Calculator with INR (₹) formatting and Lakh/Crore numerical precision. Free; instant client-side calculation.","India Mortgage Calculator","en","india","country-hub","mortgage-calculator","SoftwareApplication+Breadcrumbs",838,"Low-Moderate (Localized Params)","Low","P1"
"https://freeaccuratecalculator.com/countries/india/physics/",200,true,false,"INDEX,FOLLOW","https://freeaccuratecalculator.com/countries/india/physics/",true,Yes,false,"India Physics Calculators — Free Online Tools (₹) | Free Accurate Calculator","Accurate India physics calculators customized with INR (₹) currency; statutory formulas; and instant edge calculation. 100% free and private.","India Physics Calculators. Fast; Accurate &amp; Clean.","en","india","country-hub","","WebPage+Breadcrumbs",676,"Low","Low","P1"
"https://freeaccuratecalculator.com/countries/india/ppf-calculator/",200,true,false,"INDEX,FOLLOW","https://freeaccuratecalculator.com/countries/india/ppf-calculator/",true,Yes,false,"India PPF Calculator (₹) — Free Online Calculator | Free Accurate Calculator","Accurate India PPF Calculator with INR (₹) formatting and Lakh/Crore numerical precision. Free; instant client-side calculation.","India PPF Calculator","en","india","country-hub","ppf-calculator","SoftwareApplication+Breadcrumbs",770,"Low-Moderate (Localized Params)","Low","P1"
"https://freeaccuratecalculator.com/countries/india/real-estate/",200,true,false,"INDEX,FOLLOW","https://freeaccuratecalculator.com/countries/india/real-estate/",true,Yes,false,"India Real Estate Calculators — Free Online Tools (₹) | Free Accurate Calculator","Accurate India real estate calculators customized with INR (₹) currency; statutory formulas; and instant edge calculation. 100% free and private.","India Real Estate Calculators. Fast; Accurate &amp; Clean.","en","india","country-hub","","WebPage+Breadcrumbs",692,"Low","Low","P1"
"https://freeaccuratecalculator.com/countries/india/salary-calculator/",200,true,false,"INDEX,FOLLOW","https://freeaccuratecalculator.com/countries/india/salary-calculator/",true,Yes,false,"India Salary Calculator (₹) — Free Online Calculator | Free Accurate Calculator","Accurate India Salary Calculator with INR (₹) formatting and Lakh/Crore numerical precision. Free; instant client-side calculation.","India Salary Calculator","en","india","country-hub","salary-calculator","SoftwareApplication+Breadcrumbs",702,"Low-Moderate (Localized Params)","Low","P1"
"https://freeaccuratecalculator.com/countries/india/sip-calculator/",200,true,false,"INDEX,FOLLOW","https://freeaccuratecalculator.com/countries/india/sip-calculator/",true,Yes,false,"India SIP Calculator (₹) — Free Online Calculator | Free Accurate Calculator","Accurate India SIP Calculator with INR (₹) formatting and Lakh/Crore numerical precision. Free; instant client-side calculation.","India SIP Calculator","en","india","country-hub","sip-calculator","SoftwareApplication+Breadcrumbs",807,"Low-Moderate (Localized Params)","Moderate (Intent Segmented)","P1"
"https://freeaccuratecalculator.com/countries/india/sports/",200,true,false,"INDEX,FOLLOW","https://freeaccuratecalculator.com/countries/india/sports/",true,Yes,false,"India Sports Calculators — Free Online Tools (₹) | Free Accurate Calculator","Accurate India sports calculators customized with INR (₹) currency; statutory formulas; and instant edge calculation. 100% free and private.","India Sports Calculators. Fast; Accurate &amp; Clean.","en","india","country-hub","","WebPage+Breadcrumbs",690,"Low","Low","P1"
"https://freeaccuratecalculator.com/countries/india/statistics/",200,true,false,"INDEX,FOLLOW","https://freeaccuratecalculator.com/countries/india/statistics/",true,Yes,false,"India Statistics Calculators — Free Online Tools (₹) | Free Accurate Calculator","Accurate India statistics calculators customized with INR (₹) currency; statutory formulas; and instant edge calculation. 100% free and private.","India Statistics Calculators. Fast; Accurate &amp; Free.","en","india","country-hub","","WebPage+Breadcrumbs",678,"Low","Low","P1"
"https://freeaccuratecalculator.com/countries/india/step-up-sip-calculator/",200,true,false,"INDEX,FOLLOW","https://freeaccuratecalculator.com/countries/india/step-up-sip-calculator/",true,Yes,false,"India Step-Up SIP Calculator (₹) — Free Online Calculator | Free Accurate Calculator","Accurate India Step-Up SIP Calculator with INR (₹) formatting and Lakh/Crore numerical precision. Free; instant client-side calculation.","India Step-Up SIP Calculator","en","india","country-hub","step-up-sip-calculator","SoftwareApplication+Breadcrumbs",826,"Low-Moderate (Localized Params)","Moderate (Intent Segmented)","P1"
"https://freeaccuratecalculator.com/countries/india/swp-calculator/",200,true,false,"INDEX,FOLLOW","https://freeaccuratecalculator.com/countries/india/swp-calculator/",true,Yes,false,"India SWP Calculator (₹) — Free Online Calculator | Free Accurate Calculator","Accurate India SWP Calculator with INR (₹) formatting and Lakh/Crore numerical precision. Free; instant client-side calculation.","India SWP Calculator","en","india","country-hub","swp-calculator","SoftwareApplication+Breadcrumbs",765,"Low-Moderate (Localized Params)","Low","P1"
"https://freeaccuratecalculator.com/countries/india/technology/",200,true,false,"INDEX,FOLLOW","https://freeaccuratecalculator.com/countries/india/technology/",true,Yes,false,"India Technology Calculators — Free Online Tools (₹) | Free Accurate Calculator","Accurate India technology calculators customized with INR (₹) currency; statutory formulas; and instant edge calculation. 100% free and private.","India Technology Calculators. Fast; Accurate &amp; Free.","en","india","country-hub","","WebPage+Breadcrumbs",673,"Low","Low","P1"
"https://freeaccuratecalculator.com/countries/ireland/automotive/",200,true,false,"INDEX,FOLLOW","https://freeaccuratecalculator.com/countries/ireland/automotive/",true,Yes,false,"Ireland Automotive Calculators — Free Online Tools (€) | Free Accurate Calculator","Accurate Ireland automotive calculators customized with EUR (€) currency; statutory formulas; and instant edge calculation. 100% free and private.","Ireland Automotive Calculators. Fast; Accurate &amp; Clean.","en","ireland","country-hub","","WebPage+Breadcrumbs",797,"Low","Low","P2"
"https://freeaccuratecalculator.com/countries/ireland/biology/",200,true,false,"INDEX,FOLLOW","https://freeaccuratecalculator.com/countries/ireland/biology/",true,Yes,false,"Ireland Biology Calculators — Free Online Tools (€) | Free Accurate Calculator","Accurate Ireland biology calculators customized with EUR (€) currency; statutory formulas; and instant edge calculation. 100% free and private.","Ireland Biology Calculators. Fast; Accurate &amp; Free.","en","ireland","country-hub","","WebPage+Breadcrumbs",789,"Low","Low","P2"
"https://freeaccuratecalculator.com/countries/ireland/business/",200,true,false,"INDEX,FOLLOW","https://freeaccuratecalculator.com/countries/ireland/business/",true,Yes,false,"Ireland Business Calculators — Free Online Tools (€) | Free Accurate Calculator","Accurate Ireland business calculators customized with EUR (€) currency; statutory formulas; and instant edge calculation. 100% free and private.","Ireland Business Calculators. Fast; Accurate &amp; Clean.","en","ireland","country-hub","","WebPage+Breadcrumbs",792,"Low","Low","P2"
"https://freeaccuratecalculator.com/countries/ireland/chemistry/",200,true,false,"INDEX,FOLLOW","https://freeaccuratecalculator.com/countries/ireland/chemistry/",true,Yes,false,"Ireland Chemistry Calculators — Free Online Tools (€) | Free Accurate Calculator","Accurate Ireland chemistry calculators customized with EUR (€) currency; statutory formulas; and instant edge calculation. 100% free and private.","Ireland Chemistry Calculators. Fast; Accurate &amp; Free.","en","ireland","country-hub","","WebPage+Breadcrumbs",798,"Low","Moderate (Intent Segmented)","P2"
"https://freeaccuratecalculator.com/countries/ireland/compound-interest-calculator/",200,true,false,"INDEX,FOLLOW","https://freeaccuratecalculator.com/countries/ireland/compound-interest-calculator/",true,Yes,false,"Ireland Compound Interest Calculator (€) — Free Online Calculator | Free Accurate Calculator","Accurate Ireland Compound Interest Calculator with EUR (€) formatting and standard numerical precision. Free; instant client-side calculation.","Ireland Compound Interest Calculator","en","ireland","country-hub","compound-interest-calculator","SoftwareApplication+Breadcrumbs",805,"Low-Moderate (Localized Params)","Low","P2"
"https://freeaccuratecalculator.com/countries/ireland/construction/",200,true,false,"INDEX,FOLLOW","https://freeaccuratecalculator.com/countries/ireland/construction/",true,Yes,false,"Ireland Construction Calculators — Free Online Tools (€) | Free Accurate Calculator","Accurate Ireland construction calculators customized with EUR (€) currency; statutory formulas; and instant edge calculation. 100% free and private.","Ireland Construction Calculators. Fast; Accurate &amp; Free.","en","ireland","country-hub","","WebPage+Breadcrumbs",800,"Low","Low","P2"
"https://freeaccuratecalculator.com/countries/ireland/converter/",200,true,false,"INDEX,FOLLOW","https://freeaccuratecalculator.com/countries/ireland/converter/",true,Yes,false,"Ireland Converter Calculators — Free Online Tools (€) | Free Accurate Calculator","Accurate Ireland converter calculators customized with EUR (€) currency; statutory formulas; and instant edge calculation. 100% free and private.","Ireland Converter Calculators. Fast; Accurate &amp; Free.","en","ireland","country-hub","","WebPage+Breadcrumbs",795,"Low","Low","P2"
"https://freeaccuratecalculator.com/countries/ireland/ecology/",200,true,false,"INDEX,FOLLOW","https://freeaccuratecalculator.com/countries/ireland/ecology/",true,Yes,false,"Ireland Ecology Calculators — Free Online Tools (€) | Free Accurate Calculator","Accurate Ireland ecology calculators customized with EUR (€) currency; statutory formulas; and instant edge calculation. 100% free and private.","Ireland Ecology Calculators. Fast; Accurate &amp; Free.","en","ireland","country-hub","","WebPage+Breadcrumbs",804,"Low","Low","P2"
"https://freeaccuratecalculator.com/countries/ireland/everyday/",200,true,false,"INDEX,FOLLOW","https://freeaccuratecalculator.com/countries/ireland/everyday/",true,Yes,false,"Ireland Everyday Calculators — Free Online Tools (€) | Free Accurate Calculator","Accurate Ireland everyday calculators customized with EUR (€) currency; statutory formulas; and instant edge calculation. 100% free and private.","Ireland Everyday Calculators. Fast; Accurate &amp; Clean.","en","ireland","country-hub","","WebPage+Breadcrumbs",817,"Low","Low","P2"
"https://freeaccuratecalculator.com/countries/ireland/finance/compound-interest-calculator/",200,true,false,"INDEX,FOLLOW","https://freeaccuratecalculator.com/countries/ireland/finance/compound-interest-calculator/",true,Yes,false,"Ireland Compound Interest Calculator (€) — Free Online Calculator | Free Accurate Calculator","Accurate Ireland Compound Interest Calculator with EUR (€) formatting and standard numerical precision. Free; instant client-side calculation.","Ireland Compound Interest Calculator","en","ireland","finance","compound-interest-calculator","SoftwareApplication+Breadcrumbs",805,"Low-Moderate (Localized Params)","Low","P2"
"https://freeaccuratecalculator.com/countries/ireland/finance/income-tax-calculator/",200,true,false,"INDEX,FOLLOW","https://freeaccuratecalculator.com/countries/ireland/finance/income-tax-calculator/",true,Yes,false,"Ireland Salary Calculator (€) — Free Online Calculator | Free Accurate Calculator","Accurate Ireland Salary Calculator with EUR (€) formatting and standard numerical precision. Free; instant client-side calculation.","Ireland Salary Calculator","en","ireland","finance","income-tax-calculator","SoftwareApplication+Breadcrumbs",696,"Low-Moderate (Localized Params)","Low","P2"
"https://freeaccuratecalculator.com/countries/ireland/finance/",200,true,false,"INDEX,FOLLOW","https://freeaccuratecalculator.com/countries/ireland/finance/",true,Yes,false,"Ireland Finance Calculators — Free Online Tools (€) | Free Accurate Calculator","Accurate Ireland finance calculators customized with EUR (€) currency; statutory formulas; and instant edge calculation. 100% free and private.","Ireland Finance Calculators. Fast; Accurate &amp; Clean.","en","ireland","country-hub","","WebPage+Breadcrumbs",993,"Low","Low","P2"
"https://freeaccuratecalculator.com/countries/ireland/finance/mortgage-calculator/",200,true,false,"INDEX,FOLLOW","https://freeaccuratecalculator.com/countries/ireland/finance/mortgage-calculator/",true,Yes,false,"Ireland Mortgage Calculator (€) — Free Online Calculator | Free Accurate Calculator","Accurate Ireland Mortgage Calculator with EUR (€) formatting and standard numerical precision. Free; instant client-side calculation.","Ireland Mortgage Calculator","en","ireland","finance","mortgage-calculator","SoftwareApplication+Breadcrumbs",831,"Low-Moderate (Localized Params)","Low","P2"
"https://freeaccuratecalculator.com/countries/ireland/finance/salary-calculator/",200,true,false,"INDEX,FOLLOW","https://freeaccuratecalculator.com/countries/ireland/finance/salary-calculator/",true,Yes,false,"Ireland Salary Calculator (€) — Free Online Calculator | Free Accurate Calculator","Accurate Ireland Salary Calculator with EUR (€) formatting and standard numerical precision. Free; instant client-side calculation.","Ireland Salary Calculator","en","ireland","finance","salary-calculator","SoftwareApplication+Breadcrumbs",696,"Low-Moderate (Localized Params)","Low","P2"
"https://freeaccuratecalculator.com/countries/ireland/food/",200,true,false,"INDEX,FOLLOW","https://freeaccuratecalculator.com/countries/ireland/food/",true,Yes,false,"Ireland Food Calculators — Free Online Tools (€) | Free Accurate Calculator","Accurate Ireland food calculators customized with EUR (€) currency; statutory formulas; and instant edge calculation. 100% free and private.","Ireland Food Calculators. Fast; Accurate &amp; Free.","en","ireland","country-hub","","WebPage+Breadcrumbs",808,"Low","Low","P2"
"https://freeaccuratecalculator.com/countries/ireland/health/",200,true,false,"INDEX,FOLLOW","https://freeaccuratecalculator.com/countries/ireland/health/",true,Yes,false,"Ireland Health Calculators — Free Online Tools (€) | Free Accurate Calculator","Accurate Ireland health calculators customized with EUR (€) currency; statutory formulas; and instant edge calculation. 100% free and private.","Ireland Health Calculators. Fast; Accurate &amp; Private.","en","ireland","country-hub","","WebPage+Breadcrumbs",821,"Low","Low","P2"
"https://freeaccuratecalculator.com/countries/ireland/income-tax-calculator/",200,true,false,"INDEX,FOLLOW","https://freeaccuratecalculator.com/countries/ireland/income-tax-calculator/",true,Yes,false,"Ireland Salary Calculator (€) — Free Online Calculator | Free Accurate Calculator","Accurate Ireland Salary Calculator with EUR (€) formatting and standard numerical precision. Free; instant client-side calculation.","Ireland Salary Calculator","en","ireland","country-hub","income-tax-calculator","SoftwareApplication+Breadcrumbs",696,"Low-Moderate (Localized Params)","Low","P2"
"https://freeaccuratecalculator.com/countries/ireland/",200,true,false,"INDEX,FOLLOW","https://freeaccuratecalculator.com/countries/ireland/",true,Yes,false,"Ireland Calculators — Free Online Finance; Tax &amp; Utility Tools (€) | Free Accurate Calculator","Mathematically verified online calculators for Ireland. Customized with EUR (€) currency; standard grouping; and statutory financial rules.","Ireland Calculators. Fast; Accurate &amp; Clean.","en","ireland","countries","","WebPage+Breadcrumbs",772,"Low","Low","P2"
"https://freeaccuratecalculator.com/countries/ireland/insurance/",200,true,false,"INDEX,FOLLOW","https://freeaccuratecalculator.com/countries/ireland/insurance/",true,Yes,false,"Ireland Insurance Calculators — Free Online Tools (€) | Free Accurate Calculator","Accurate Ireland insurance calculators customized with EUR (€) currency; statutory formulas; and instant edge calculation. 100% free and private.","Ireland Insurance Calculators. Fast; Accurate &amp; Clean.","en","ireland","country-hub","","WebPage+Breadcrumbs",869,"Low","Low","P2"
"https://freeaccuratecalculator.com/countries/ireland/legal/",200,true,false,"INDEX,FOLLOW","https://freeaccuratecalculator.com/countries/ireland/legal/",true,Yes,false,"Ireland Legal Calculators — Free Online Tools (€) | Free Accurate Calculator","Accurate Ireland legal calculators customized with EUR (€) currency; statutory formulas; and instant edge calculation. 100% free and private.","Ireland Legal Calculators. Fast; Accurate &amp; Private.","en","ireland","country-hub","","WebPage+Breadcrumbs",804,"Low","Low","P2"
"https://freeaccuratecalculator.com/countries/ireland/love/",200,true,false,"INDEX,FOLLOW","https://freeaccuratecalculator.com/countries/ireland/love/",true,Yes,false,"Ireland Love Calculators — Free Online Tools (€) | Free Accurate Calculator","Accurate Ireland love calculators customized with EUR (€) currency; statutory formulas; and instant edge calculation. 100% free and private.","Ireland Love Calculators. Compatibility &amp; Connection.","en","ireland","country-hub","","WebPage+Breadcrumbs",801,"Low","Low","P2"
"https://freeaccuratecalculator.com/countries/ireland/marketing/",200,true,false,"INDEX,FOLLOW","https://freeaccuratecalculator.com/countries/ireland/marketing/",true,Yes,false,"Ireland Marketing Calculators — Free Online Tools (€) | Free Accurate Calculator","Accurate Ireland marketing calculators customized with EUR (€) currency; statutory formulas; and instant edge calculation. 100% free and private.","Ireland Marketing Calculators. Fast; Accurate &amp; Clean.","en","ireland","country-hub","","WebPage+Breadcrumbs",794,"Low","Low","P2"
"https://freeaccuratecalculator.com/countries/ireland/math/",200,true,false,"INDEX,FOLLOW","https://freeaccuratecalculator.com/countries/ireland/math/",true,Yes,false,"Ireland Math Calculators — Free Online Tools (€) | Free Accurate Calculator","Accurate Ireland math calculators customized with EUR (€) currency; statutory formulas; and instant edge calculation. 100% free and private.","Ireland Math Calculators. Fast; Accurate &amp; Free.","en","ireland","country-hub","","WebPage+Breadcrumbs",787,"Low","Low","P2"
"https://freeaccuratecalculator.com/countries/ireland/mortgage-calculator/",200,true,false,"INDEX,FOLLOW","https://freeaccuratecalculator.com/countries/ireland/mortgage-calculator/",true,Yes,false,"Ireland Mortgage Calculator (€) — Free Online Calculator | Free Accurate Calculator","Accurate Ireland Mortgage Calculator with EUR (€) formatting and standard numerical precision. Free; instant client-side calculation.","Ireland Mortgage Calculator","en","ireland","country-hub","mortgage-calculator","SoftwareApplication+Breadcrumbs",831,"Low-Moderate (Localized Params)","Low","P2"
"https://freeaccuratecalculator.com/countries/ireland/physics/",200,true,false,"INDEX,FOLLOW","https://freeaccuratecalculator.com/countries/ireland/physics/",true,Yes,false,"Ireland Physics Calculators — Free Online Tools (€) | Free Accurate Calculator","Accurate Ireland physics calculators customized with EUR (€) currency; statutory formulas; and instant edge calculation. 100% free and private.","Ireland Physics Calculators. Fast; Accurate &amp; Clean.","en","ireland","country-hub","","WebPage+Breadcrumbs",794,"Low","Low","P2"
"https://freeaccuratecalculator.com/countries/ireland/real-estate/",200,true,false,"INDEX,FOLLOW","https://freeaccuratecalculator.com/countries/ireland/real-estate/",true,Yes,false,"Ireland Real Estate Calculators — Free Online Tools (€) | Free Accurate Calculator","Accurate Ireland real estate calculators customized with EUR (€) currency; statutory formulas; and instant edge calculation. 100% free and private.","Ireland Real Estate Calculators. Fast; Accurate &amp; Clean.","en","ireland","country-hub","","WebPage+Breadcrumbs",810,"Low","Low","P2"
"https://freeaccuratecalculator.com/countries/ireland/salary-calculator/",200,true,false,"INDEX,FOLLOW","https://freeaccuratecalculator.com/countries/ireland/salary-calculator/",true,Yes,false,"Ireland Salary Calculator (€) — Free Online Calculator | Free Accurate Calculator","Accurate Ireland Salary Calculator with EUR (€) formatting and standard numerical precision. Free; instant client-side calculation.","Ireland Salary Calculator","en","ireland","country-hub","salary-calculator","SoftwareApplication+Breadcrumbs",696,"Low-Moderate (Localized Params)","Low","P2"
"https://freeaccuratecalculator.com/countries/ireland/sports/",200,true,false,"INDEX,FOLLOW","https://freeaccuratecalculator.com/countries/ireland/sports/",true,Yes,false,"Ireland Sports Calculators — Free Online Tools (€) | Free Accurate Calculator","Accurate Ireland sports calculators customized with EUR (€) currency; statutory formulas; and instant edge calculation. 100% free and private.","Ireland Sports Calculators. Fast; Accurate &amp; Clean.","en","ireland","country-hub","","WebPage+Breadcrumbs",808,"Low","Low","P2"
"https://freeaccuratecalculator.com/countries/ireland/statistics/",200,true,false,"INDEX,FOLLOW","https://freeaccuratecalculator.com/countries/ireland/statistics/",true,Yes,false,"Ireland Statistics Calculators — Free Online Tools (€) | Free Accurate Calculator","Accurate Ireland statistics calculators customized with EUR (€) currency; statutory formulas; and instant edge calculation. 100% free and private.","Ireland Statistics Calculators. Fast; Accurate &amp; Free.","en","ireland","country-hub","","WebPage+Breadcrumbs",796,"Low","Low","P2"
"https://freeaccuratecalculator.com/countries/ireland/technology/",200,true,false,"INDEX,FOLLOW","https://freeaccuratecalculator.com/countries/ireland/technology/",true,Yes,false,"Ireland Technology Calculators — Free Online Tools (€) | Free Accurate Calculator","Accurate Ireland technology calculators customized with EUR (€) currency; statutory formulas; and instant edge calculation. 100% free and private.","Ireland Technology Calculators. Fast; Accurate &amp; Free.","en","ireland","country-hub","","WebPage+Breadcrumbs",791,"Low","Low","P2"
"https://freeaccuratecalculator.com/countries/mexico/automotive/",200,true,false,"INDEX,FOLLOW","https://freeaccuratecalculator.com/countries/mexico/automotive/",true,Yes,false,"Mexico Automotive Calculators — Free Online Tools ($) | Free Accurate Calculator","Accurate Mexico automotive calculators customized with USD ($) currency; statutory formulas; and instant edge calculation. 100% free and private.","Mexico Automotive Calculators. Fast; Accurate &amp; Clean.","en","mexico","country-hub","","WebPage+Breadcrumbs",797,"Low","Low","P2"
"https://freeaccuratecalculator.com/countries/mexico/biology/",200,true,false,"INDEX,FOLLOW","https://freeaccuratecalculator.com/countries/mexico/biology/",true,Yes,false,"Mexico Biology Calculators — Free Online Tools ($) | Free Accurate Calculator","Accurate Mexico biology calculators customized with USD ($) currency; statutory formulas; and instant edge calculation. 100% free and private.","Mexico Biology Calculators. Fast; Accurate &amp; Free.","en","mexico","country-hub","","WebPage+Breadcrumbs",789,"Low","Low","P2"
"https://freeaccuratecalculator.com/countries/mexico/business/",200,true,false,"INDEX,FOLLOW","https://freeaccuratecalculator.com/countries/mexico/business/",true,Yes,false,"Mexico Business Calculators — Free Online Tools ($) | Free Accurate Calculator","Accurate Mexico business calculators customized with USD ($) currency; statutory formulas; and instant edge calculation. 100% free and private.","Mexico Business Calculators. Fast; Accurate &amp; Clean.","en","mexico","country-hub","","WebPage+Breadcrumbs",792,"Low","Low","P2"
"https://freeaccuratecalculator.com/countries/mexico/chemistry/",200,true,false,"INDEX,FOLLOW","https://freeaccuratecalculator.com/countries/mexico/chemistry/",true,Yes,false,"Mexico Chemistry Calculators — Free Online Tools ($) | Free Accurate Calculator","Accurate Mexico chemistry calculators customized with USD ($) currency; statutory formulas; and instant edge calculation. 100% free and private.","Mexico Chemistry Calculators. Fast; Accurate &amp; Free.","en","mexico","country-hub","","WebPage+Breadcrumbs",798,"Low","Moderate (Intent Segmented)","P2"
"https://freeaccuratecalculator.com/countries/mexico/construction/",200,true,false,"INDEX,FOLLOW","https://freeaccuratecalculator.com/countries/mexico/construction/",true,Yes,false,"Mexico Construction Calculators — Free Online Tools ($) | Free Accurate Calculator","Accurate Mexico construction calculators customized with USD ($) currency; statutory formulas; and instant edge calculation. 100% free and private.","Mexico Construction Calculators. Fast; Accurate &amp; Free.","en","mexico","country-hub","","WebPage+Breadcrumbs",800,"Low","Low","P2"
"https://freeaccuratecalculator.com/countries/mexico/converter/",200,true,false,"INDEX,FOLLOW","https://freeaccuratecalculator.com/countries/mexico/converter/",true,Yes,false,"Mexico Converter Calculators — Free Online Tools ($) | Free Accurate Calculator","Accurate Mexico converter calculators customized with USD ($) currency; statutory formulas; and instant edge calculation. 100% free and private.","Mexico Converter Calculators. Fast; Accurate &amp; Free.","en","mexico","country-hub","","WebPage+Breadcrumbs",795,"Low","Low","P2"
"https://freeaccuratecalculator.com/countries/mexico/ecology/",200,true,false,"INDEX,FOLLOW","https://freeaccuratecalculator.com/countries/mexico/ecology/",true,Yes,false,"Mexico Ecology Calculators — Free Online Tools ($) | Free Accurate Calculator","Accurate Mexico ecology calculators customized with USD ($) currency; statutory formulas; and instant edge calculation. 100% free and private.","Mexico Ecology Calculators. Fast; Accurate &amp; Free.","en","mexico","country-hub","","WebPage+Breadcrumbs",804,"Low","Low","P2"
"https://freeaccuratecalculator.com/countries/mexico/emi-calculator/",200,true,false,"INDEX,FOLLOW","https://freeaccuratecalculator.com/countries/mexico/emi-calculator/",true,Yes,false,"Mexico Loan Calculator ($) — Free Online Calculator | Free Accurate Calculator","Accurate Mexico Loan Calculator with USD ($) formatting and standard numerical precision. Free; instant client-side calculation.","Mexico Loan Calculator","en","mexico","country-hub","emi-calculator","SoftwareApplication+Breadcrumbs",732,"Low-Moderate (Localized Params)","Moderate (Intent Segmented)","P2"
"https://freeaccuratecalculator.com/countries/mexico/everyday/",200,true,false,"INDEX,FOLLOW","https://freeaccuratecalculator.com/countries/mexico/everyday/",true,Yes,false,"Mexico Everyday Calculators — Free Online Tools ($) | Free Accurate Calculator","Accurate Mexico everyday calculators customized with USD ($) currency; statutory formulas; and instant edge calculation. 100% free and private.","Mexico Everyday Calculators. Fast; Accurate &amp; Clean.","en","mexico","country-hub","","WebPage+Breadcrumbs",817,"Low","Low","P2"
"https://freeaccuratecalculator.com/countries/mexico/finance/emi-calculator/",200,true,false,"INDEX,FOLLOW","https://freeaccuratecalculator.com/countries/mexico/finance/emi-calculator/",true,Yes,false,"Mexico Loan Calculator ($) — Free Online Calculator | Free Accurate Calculator","Accurate Mexico Loan Calculator with USD ($) formatting and standard numerical precision. Free; instant client-side calculation.","Mexico Loan Calculator","en","mexico","finance","emi-calculator","SoftwareApplication+Breadcrumbs",732,"Low-Moderate (Localized Params)","Moderate (Intent Segmented)","P2"
"https://freeaccuratecalculator.com/countries/mexico/finance/income-tax-calculator/",200,true,false,"INDEX,FOLLOW","https://freeaccuratecalculator.com/countries/mexico/finance/income-tax-calculator/",true,Yes,false,"Mexico Salary Calculator ($) — Free Online Calculator | Free Accurate Calculator","Accurate Mexico Salary Calculator with USD ($) formatting and standard numerical precision. Free; instant client-side calculation.","Mexico Salary Calculator","en","mexico","finance","income-tax-calculator","SoftwareApplication+Breadcrumbs",697,"Low-Moderate (Localized Params)","Low","P2"
"https://freeaccuratecalculator.com/countries/mexico/finance/",200,true,false,"INDEX,FOLLOW","https://freeaccuratecalculator.com/countries/mexico/finance/",true,Yes,false,"Mexico Finance Calculators — Free Online Tools ($) | Free Accurate Calculator","Accurate Mexico finance calculators customized with USD ($) currency; statutory formulas; and instant edge calculation. 100% free and private.","Mexico Finance Calculators. Fast; Accurate &amp; Clean.","en","mexico","country-hub","","WebPage+Breadcrumbs",993,"Low","Low","P2"
"https://freeaccuratecalculator.com/countries/mexico/finance/loan-calculator/",200,true,false,"INDEX,FOLLOW","https://freeaccuratecalculator.com/countries/mexico/finance/loan-calculator/",true,Yes,false,"Mexico Loan Calculator ($) — Free Online Calculator | Free Accurate Calculator","Accurate Mexico Loan Calculator with USD ($) formatting and standard numerical precision. Free; instant client-side calculation.","Mexico Loan Calculator","en","mexico","finance","loan-calculator","SoftwareApplication+Breadcrumbs",732,"Low-Moderate (Localized Params)","Low","P2"
"https://freeaccuratecalculator.com/countries/mexico/finance/mortgage-calculator/",200,true,false,"INDEX,FOLLOW","https://freeaccuratecalculator.com/countries/mexico/finance/mortgage-calculator/",true,Yes,false,"Mexico Mortgage Calculator ($) — Free Online Calculator | Free Accurate Calculator","Accurate Mexico Mortgage Calculator with USD ($) formatting and standard numerical precision. Free; instant client-side calculation.","Mexico Mortgage Calculator","en","mexico","finance","mortgage-calculator","SoftwareApplication+Breadcrumbs",836,"Low-Moderate (Localized Params)","Low","P2"
"https://freeaccuratecalculator.com/countries/mexico/finance/salary-calculator/",200,true,false,"INDEX,FOLLOW","https://freeaccuratecalculator.com/countries/mexico/finance/salary-calculator/",true,Yes,false,"Mexico Salary Calculator ($) — Free Online Calculator | Free Accurate Calculator","Accurate Mexico Salary Calculator with USD ($) formatting and standard numerical precision. Free; instant client-side calculation.","Mexico Salary Calculator","en","mexico","finance","salary-calculator","SoftwareApplication+Breadcrumbs",697,"Low-Moderate (Localized Params)","Low","P2"
"https://freeaccuratecalculator.com/countries/mexico/food/",200,true,false,"INDEX,FOLLOW","https://freeaccuratecalculator.com/countries/mexico/food/",true,Yes,false,"Mexico Food Calculators — Free Online Tools ($) | Free Accurate Calculator","Accurate Mexico food calculators customized with USD ($) currency; statutory formulas; and instant edge calculation. 100% free and private.","Mexico Food Calculators. Fast; Accurate &amp; Free.","en","mexico","country-hub","","WebPage+Breadcrumbs",808,"Low","Low","P2"
"https://freeaccuratecalculator.com/countries/mexico/health/",200,true,false,"INDEX,FOLLOW","https://freeaccuratecalculator.com/countries/mexico/health/",true,Yes,false,"Mexico Health Calculators — Free Online Tools ($) | Free Accurate Calculator","Accurate Mexico health calculators customized with USD ($) currency; statutory formulas; and instant edge calculation. 100% free and private.","Mexico Health Calculators. Fast; Accurate &amp; Private.","en","mexico","country-hub","","WebPage+Breadcrumbs",821,"Low","Low","P2"
"https://freeaccuratecalculator.com/countries/mexico/income-tax-calculator/",200,true,false,"INDEX,FOLLOW","https://freeaccuratecalculator.com/countries/mexico/income-tax-calculator/",true,Yes,false,"Mexico Salary Calculator ($) — Free Online Calculator | Free Accurate Calculator","Accurate Mexico Salary Calculator with USD ($) formatting and standard numerical precision. Free; instant client-side calculation.","Mexico Salary Calculator","en","mexico","country-hub","income-tax-calculator","SoftwareApplication+Breadcrumbs",697,"Low-Moderate (Localized Params)","Low","P2"
"https://freeaccuratecalculator.com/countries/mexico/",200,true,false,"INDEX,FOLLOW","https://freeaccuratecalculator.com/countries/mexico/",true,Yes,false,"Mexico Calculators — Free Online Finance; Tax &amp; Utility Tools ($) | Free Accurate Calculator","Mathematically verified online calculators for Mexico. Customized with USD ($) currency; standard grouping; and statutory financial rules.","Mexico Calculators. Fast; Accurate &amp; Clean.","en","mexico","countries","","WebPage+Breadcrumbs",772,"Low","Low","P2"
"https://freeaccuratecalculator.com/countries/mexico/insurance/",200,true,false,"INDEX,FOLLOW","https://freeaccuratecalculator.com/countries/mexico/insurance/",true,Yes,false,"Mexico Insurance Calculators — Free Online Tools ($) | Free Accurate Calculator","Accurate Mexico insurance calculators customized with USD ($) currency; statutory formulas; and instant edge calculation. 100% free and private.","Mexico Insurance Calculators. Fast; Accurate &amp; Clean.","en","mexico","country-hub","","WebPage+Breadcrumbs",869,"Low","Low","P2"
"https://freeaccuratecalculator.com/countries/mexico/legal/",200,true,false,"INDEX,FOLLOW","https://freeaccuratecalculator.com/countries/mexico/legal/",true,Yes,false,"Mexico Legal Calculators — Free Online Tools ($) | Free Accurate Calculator","Accurate Mexico legal calculators customized with USD ($) currency; statutory formulas; and instant edge calculation. 100% free and private.","Mexico Legal Calculators. Fast; Accurate &amp; Private.","en","mexico","country-hub","","WebPage+Breadcrumbs",804,"Low","Low","P2"
"https://freeaccuratecalculator.com/countries/mexico/loan-calculator/",200,true,false,"INDEX,FOLLOW","https://freeaccuratecalculator.com/countries/mexico/loan-calculator/",true,Yes,false,"Mexico Loan Calculator ($) — Free Online Calculator | Free Accurate Calculator","Accurate Mexico Loan Calculator with USD ($) formatting and standard numerical precision. Free; instant client-side calculation.","Mexico Loan Calculator","en","mexico","country-hub","loan-calculator","SoftwareApplication+Breadcrumbs",732,"Low-Moderate (Localized Params)","Low","P2"
"https://freeaccuratecalculator.com/countries/mexico/love/",200,true,false,"INDEX,FOLLOW","https://freeaccuratecalculator.com/countries/mexico/love/",true,Yes,false,"Mexico Love Calculators — Free Online Tools ($) | Free Accurate Calculator","Accurate Mexico love calculators customized with USD ($) currency; statutory formulas; and instant edge calculation. 100% free and private.","Mexico Love Calculators. Compatibility &amp; Connection.","en","mexico","country-hub","","WebPage+Breadcrumbs",801,"Low","Low","P2"
"https://freeaccuratecalculator.com/countries/mexico/marketing/",200,true,false,"INDEX,FOLLOW","https://freeaccuratecalculator.com/countries/mexico/marketing/",true,Yes,false,"Mexico Marketing Calculators — Free Online Tools ($) | Free Accurate Calculator","Accurate Mexico marketing calculators customized with USD ($) currency; statutory formulas; and instant edge calculation. 100% free and private.","Mexico Marketing Calculators. Fast; Accurate &amp; Clean.","en","mexico","country-hub","","WebPage+Breadcrumbs",794,"Low","Low","P2"
"https://freeaccuratecalculator.com/countries/mexico/math/",200,true,false,"INDEX,FOLLOW","https://freeaccuratecalculator.com/countries/mexico/math/",true,Yes,false,"Mexico Math Calculators — Free Online Tools ($) | Free Accurate Calculator","Accurate Mexico math calculators customized with USD ($) currency; statutory formulas; and instant edge calculation. 100% free and private.","Mexico Math Calculators. Fast; Accurate &amp; Free.","en","mexico","country-hub","","WebPage+Breadcrumbs",787,"Low","Low","P2"
"https://freeaccuratecalculator.com/countries/mexico/mortgage-calculator/",200,true,false,"INDEX,FOLLOW","https://freeaccuratecalculator.com/countries/mexico/mortgage-calculator/",true,Yes,false,"Mexico Mortgage Calculator ($) — Free Online Calculator | Free Accurate Calculator","Accurate Mexico Mortgage Calculator with USD ($) formatting and standard numerical precision. Free; instant client-side calculation.","Mexico Mortgage Calculator","en","mexico","country-hub","mortgage-calculator","SoftwareApplication+Breadcrumbs",836,"Low-Moderate (Localized Params)","Low","P2"
"https://freeaccuratecalculator.com/countries/mexico/physics/",200,true,false,"INDEX,FOLLOW","https://freeaccuratecalculator.com/countries/mexico/physics/",true,Yes,false,"Mexico Physics Calculators — Free Online Tools ($) | Free Accurate Calculator","Accurate Mexico physics calculators customized with USD ($) currency; statutory formulas; and instant edge calculation. 100% free and private.","Mexico Physics Calculators. Fast; Accurate &amp; Clean.","en","mexico","country-hub","","WebPage+Breadcrumbs",794,"Low","Low","P2"
"https://freeaccuratecalculator.com/countries/mexico/real-estate/",200,true,false,"INDEX,FOLLOW","https://freeaccuratecalculator.com/countries/mexico/real-estate/",true,Yes,false,"Mexico Real Estate Calculators — Free Online Tools ($) | Free Accurate Calculator","Accurate Mexico real estate calculators customized with USD ($) currency; statutory formulas; and instant edge calculation. 100% free and private.","Mexico Real Estate Calculators. Fast; Accurate &amp; Clean.","en","mexico","country-hub","","WebPage+Breadcrumbs",810,"Low","Low","P2"
"https://freeaccuratecalculator.com/countries/mexico/salary-calculator/",200,true,false,"INDEX,FOLLOW","https://freeaccuratecalculator.com/countries/mexico/salary-calculator/",true,Yes,false,"Mexico Salary Calculator ($) — Free Online Calculator | Free Accurate Calculator","Accurate Mexico Salary Calculator with USD ($) formatting and standard numerical precision. Free; instant client-side calculation.","Mexico Salary Calculator","en","mexico","country-hub","salary-calculator","SoftwareApplication+Breadcrumbs",697,"Low-Moderate (Localized Params)","Low","P2"
"https://freeaccuratecalculator.com/countries/mexico/sports/",200,true,false,"INDEX,FOLLOW","https://freeaccuratecalculator.com/countries/mexico/sports/",true,Yes,false,"Mexico Sports Calculators — Free Online Tools ($) | Free Accurate Calculator","Accurate Mexico sports calculators customized with USD ($) currency; statutory formulas; and instant edge calculation. 100% free and private.","Mexico Sports Calculators. Fast; Accurate &amp; Clean.","en","mexico","country-hub","","WebPage+Breadcrumbs",808,"Low","Low","P2"
"https://freeaccuratecalculator.com/countries/mexico/statistics/",200,true,false,"INDEX,FOLLOW","https://freeaccuratecalculator.com/countries/mexico/statistics/",true,Yes,false,"Mexico Statistics Calculators — Free Online Tools ($) | Free Accurate Calculator","Accurate Mexico statistics calculators customized with USD ($) currency; statutory formulas; and instant edge calculation. 100% free and private.","Mexico Statistics Calculators. Fast; Accurate &amp; Free.","en","mexico","country-hub","","WebPage+Breadcrumbs",796,"Low","Low","P2"
"https://freeaccuratecalculator.com/countries/mexico/technology/",200,true,false,"INDEX,FOLLOW","https://freeaccuratecalculator.com/countries/mexico/technology/",true,Yes,false,"Mexico Technology Calculators — Free Online Tools ($) | Free Accurate Calculator","Accurate Mexico technology calculators customized with USD ($) currency; statutory formulas; and instant edge calculation. 100% free and private.","Mexico Technology Calculators. Fast; Accurate &amp; Free.","en","mexico","country-hub","","WebPage+Breadcrumbs",791,"Low","Low","P2"
"https://freeaccuratecalculator.com/countries/netherlands/automotive/",200,true,false,"INDEX,FOLLOW","https://freeaccuratecalculator.com/countries/netherlands/automotive/",true,Yes,false,"Netherlands Automotive Calculators — Free Online Tools (€) | Free Accurate Calculator","Accurate Netherlands automotive calculators customized with EUR (€) currency; statutory formulas; and instant edge calculation. 100% free and private.","Netherlands Automotive Calculators. Fast; Accurate &amp; Clean.","en","netherlands","country-hub","","WebPage+Breadcrumbs",797,"Low","Low","P2"
"https://freeaccuratecalculator.com/countries/netherlands/biology/",200,true,false,"INDEX,FOLLOW","https://freeaccuratecalculator.com/countries/netherlands/biology/",true,Yes,false,"Netherlands Biology Calculators — Free Online Tools (€) | Free Accurate Calculator","Accurate Netherlands biology calculators customized with EUR (€) currency; statutory formulas; and instant edge calculation. 100% free and private.","Netherlands Biology Calculators. Fast; Accurate &amp; Free.","en","netherlands","country-hub","","WebPage+Breadcrumbs",789,"Low","Low","P2"
"https://freeaccuratecalculator.com/countries/netherlands/business/",200,true,false,"INDEX,FOLLOW","https://freeaccuratecalculator.com/countries/netherlands/business/",true,Yes,false,"Netherlands Business Calculators — Free Online Tools (€) | Free Accurate Calculator","Accurate Netherlands business calculators customized with EUR (€) currency; statutory formulas; and instant edge calculation. 100% free and private.","Netherlands Business Calculators. Fast; Accurate &amp; Clean.","en","netherlands","country-hub","","WebPage+Breadcrumbs",792,"Low","Low","P2"
"https://freeaccuratecalculator.com/countries/netherlands/chemistry/",200,true,false,"INDEX,FOLLOW","https://freeaccuratecalculator.com/countries/netherlands/chemistry/",true,Yes,false,"Netherlands Chemistry Calculators — Free Online Tools (€) | Free Accurate Calculator","Accurate Netherlands chemistry calculators customized with EUR (€) currency; statutory formulas; and instant edge calculation. 100% free and private.","Netherlands Chemistry Calculators. Fast; Accurate &amp; Free.","en","netherlands","country-hub","","WebPage+Breadcrumbs",798,"Low","Moderate (Intent Segmented)","P2"
"https://freeaccuratecalculator.com/countries/netherlands/compound-interest-calculator/",200,true,false,"INDEX,FOLLOW","https://freeaccuratecalculator.com/countries/netherlands/compound-interest-calculator/",true,Yes,false,"Netherlands Compound Interest Calculator (€) — Free Online Calculator | Free Accurate Calculator","Accurate Netherlands Compound Interest Calculator with EUR (€) formatting and standard numerical precision. Free; instant client-side calculation.","Netherlands Compound Interest Calculator","en","netherlands","country-hub","compound-interest-calculator","SoftwareApplication+Breadcrumbs",805,"Low-Moderate (Localized Params)","Low","P2"
"https://freeaccuratecalculator.com/countries/netherlands/construction/",200,true,false,"INDEX,FOLLOW","https://freeaccuratecalculator.com/countries/netherlands/construction/",true,Yes,false,"Netherlands Construction Calculators — Free Online Tools (€) | Free Accurate Calculator","Accurate Netherlands construction calculators customized with EUR (€) currency; statutory formulas; and instant edge calculation. 100% free and private.","Netherlands Construction Calculators. Fast; Accurate &amp; Free.","en","netherlands","country-hub","","WebPage+Breadcrumbs",800,"Low","Low","P2"
"https://freeaccuratecalculator.com/countries/netherlands/converter/",200,true,false,"INDEX,FOLLOW","https://freeaccuratecalculator.com/countries/netherlands/converter/",true,Yes,false,"Netherlands Converter Calculators — Free Online Tools (€) | Free Accurate Calculator","Accurate Netherlands converter calculators customized with EUR (€) currency; statutory formulas; and instant edge calculation. 100% free and private.","Netherlands Converter Calculators. Fast; Accurate &amp; Free.","en","netherlands","country-hub","","WebPage+Breadcrumbs",795,"Low","Low","P2"
"https://freeaccuratecalculator.com/countries/netherlands/ecology/",200,true,false,"INDEX,FOLLOW","https://freeaccuratecalculator.com/countries/netherlands/ecology/",true,Yes,false,"Netherlands Ecology Calculators — Free Online Tools (€) | Free Accurate Calculator","Accurate Netherlands ecology calculators customized with EUR (€) currency; statutory formulas; and instant edge calculation. 100% free and private.","Netherlands Ecology Calculators. Fast; Accurate &amp; Free.","en","netherlands","country-hub","","WebPage+Breadcrumbs",804,"Low","Low","P2"
"https://freeaccuratecalculator.com/countries/netherlands/everyday/",200,true,false,"INDEX,FOLLOW","https://freeaccuratecalculator.com/countries/netherlands/everyday/",true,Yes,false,"Netherlands Everyday Calculators — Free Online Tools (€) | Free Accurate Calculator","Accurate Netherlands everyday calculators customized with EUR (€) currency; statutory formulas; and instant edge calculation. 100% free and private.","Netherlands Everyday Calculators. Fast; Accurate &amp; Clean.","en","netherlands","country-hub","","WebPage+Breadcrumbs",817,"Low","Low","P2"
"https://freeaccuratecalculator.com/countries/netherlands/finance/compound-interest-calculator/",200,true,false,"INDEX,FOLLOW","https://freeaccuratecalculator.com/countries/netherlands/finance/compound-interest-calculator/",true,Yes,false,"Netherlands Compound Interest Calculator (€) — Free Online Calculator | Free Accurate Calculator","Accurate Netherlands Compound Interest Calculator with EUR (€) formatting and standard numerical precision. Free; instant client-side calculation.","Netherlands Compound Interest Calculator","en","netherlands","finance","compound-interest-calculator","SoftwareApplication+Breadcrumbs",805,"Low-Moderate (Localized Params)","Low","P2"
"https://freeaccuratecalculator.com/countries/netherlands/finance/income-tax-calculator/",200,true,false,"INDEX,FOLLOW","https://freeaccuratecalculator.com/countries/netherlands/finance/income-tax-calculator/",true,Yes,false,"Netherlands Salary Calculator (€) — Free Online Calculator | Free Accurate Calculator","Accurate Netherlands Salary Calculator with EUR (€) formatting and standard numerical precision. Free; instant client-side calculation.","Netherlands Salary Calculator","en","netherlands","finance","income-tax-calculator","SoftwareApplication+Breadcrumbs",696,"Low-Moderate (Localized Params)","Low","P2"
"https://freeaccuratecalculator.com/countries/netherlands/finance/",200,true,false,"INDEX,FOLLOW","https://freeaccuratecalculator.com/countries/netherlands/finance/",true,Yes,false,"Netherlands Finance Calculators — Free Online Tools (€) | Free Accurate Calculator","Accurate Netherlands finance calculators customized with EUR (€) currency; statutory formulas; and instant edge calculation. 100% free and private.","Netherlands Finance Calculators. Fast; Accurate &amp; Clean.","en","netherlands","country-hub","","WebPage+Breadcrumbs",993,"Low","Low","P2"
"https://freeaccuratecalculator.com/countries/netherlands/finance/mortgage-calculator/",200,true,false,"INDEX,FOLLOW","https://freeaccuratecalculator.com/countries/netherlands/finance/mortgage-calculator/",true,Yes,false,"Netherlands Mortgage Calculator (€) — Free Online Calculator | Free Accurate Calculator","Accurate Netherlands Mortgage Calculator with EUR (€) formatting and standard numerical precision. Free; instant client-side calculation.","Netherlands Mortgage Calculator","en","netherlands","finance","mortgage-calculator","SoftwareApplication+Breadcrumbs",831,"Low-Moderate (Localized Params)","Low","P2"
"https://freeaccuratecalculator.com/countries/netherlands/finance/salary-calculator/",200,true,false,"INDEX,FOLLOW","https://freeaccuratecalculator.com/countries/netherlands/finance/salary-calculator/",true,Yes,false,"Netherlands Salary Calculator (€) — Free Online Calculator | Free Accurate Calculator","Accurate Netherlands Salary Calculator with EUR (€) formatting and standard numerical precision. Free; instant client-side calculation.","Netherlands Salary Calculator","en","netherlands","finance","salary-calculator","SoftwareApplication+Breadcrumbs",696,"Low-Moderate (Localized Params)","Low","P2"
"https://freeaccuratecalculator.com/countries/netherlands/food/",200,true,false,"INDEX,FOLLOW","https://freeaccuratecalculator.com/countries/netherlands/food/",true,Yes,false,"Netherlands Food Calculators — Free Online Tools (€) | Free Accurate Calculator","Accurate Netherlands food calculators customized with EUR (€) currency; statutory formulas; and instant edge calculation. 100% free and private.","Netherlands Food Calculators. Fast; Accurate &amp; Free.","en","netherlands","country-hub","","WebPage+Breadcrumbs",808,"Low","Low","P2"
"https://freeaccuratecalculator.com/countries/netherlands/health/",200,true,false,"INDEX,FOLLOW","https://freeaccuratecalculator.com/countries/netherlands/health/",true,Yes,false,"Netherlands Health Calculators — Free Online Tools (€) | Free Accurate Calculator","Accurate Netherlands health calculators customized with EUR (€) currency; statutory formulas; and instant edge calculation. 100% free and private.","Netherlands Health Calculators. Fast; Accurate &amp; Private.","en","netherlands","country-hub","","WebPage+Breadcrumbs",821,"Low","Low","P2"
"https://freeaccuratecalculator.com/countries/netherlands/income-tax-calculator/",200,true,false,"INDEX,FOLLOW","https://freeaccuratecalculator.com/countries/netherlands/income-tax-calculator/",true,Yes,false,"Netherlands Salary Calculator (€) — Free Online Calculator | Free Accurate Calculator","Accurate Netherlands Salary Calculator with EUR (€) formatting and standard numerical precision. Free; instant client-side calculation.","Netherlands Salary Calculator","en","netherlands","country-hub","income-tax-calculator","SoftwareApplication+Breadcrumbs",696,"Low-Moderate (Localized Params)","Low","P2"
"https://freeaccuratecalculator.com/countries/netherlands/",200,true,false,"INDEX,FOLLOW","https://freeaccuratecalculator.com/countries/netherlands/",true,Yes,false,"Netherlands Calculators — Free Online Finance; Tax &amp; Utility Tools (€) | Free Accurate Calculator","Mathematically verified online calculators for Netherlands. Customized with EUR (€) currency; standard grouping; and statutory financial rules.","Netherlands Calculators. Fast; Accurate &amp; Clean.","en","netherlands","countries","","WebPage+Breadcrumbs",772,"Low","Low","P2"
"https://freeaccuratecalculator.com/countries/netherlands/insurance/",200,true,false,"INDEX,FOLLOW","https://freeaccuratecalculator.com/countries/netherlands/insurance/",true,Yes,false,"Netherlands Insurance Calculators — Free Online Tools (€) | Free Accurate Calculator","Accurate Netherlands insurance calculators customized with EUR (€) currency; statutory formulas; and instant edge calculation. 100% free and private.","Netherlands Insurance Calculators. Fast; Accurate &amp; Clean.","en","netherlands","country-hub","","WebPage+Breadcrumbs",869,"Low","Low","P2"
"https://freeaccuratecalculator.com/countries/netherlands/legal/",200,true,false,"INDEX,FOLLOW","https://freeaccuratecalculator.com/countries/netherlands/legal/",true,Yes,false,"Netherlands Legal Calculators — Free Online Tools (€) | Free Accurate Calculator","Accurate Netherlands legal calculators customized with EUR (€) currency; statutory formulas; and instant edge calculation. 100% free and private.","Netherlands Legal Calculators. Fast; Accurate &amp; Private.","en","netherlands","country-hub","","WebPage+Breadcrumbs",804,"Low","Low","P2"
"https://freeaccuratecalculator.com/countries/netherlands/love/",200,true,false,"INDEX,FOLLOW","https://freeaccuratecalculator.com/countries/netherlands/love/",true,Yes,false,"Netherlands Love Calculators — Free Online Tools (€) | Free Accurate Calculator","Accurate Netherlands love calculators customized with EUR (€) currency; statutory formulas; and instant edge calculation. 100% free and private.","Netherlands Love Calculators. Compatibility &amp; Connection.","en","netherlands","country-hub","","WebPage+Breadcrumbs",801,"Low","Low","P2"
"https://freeaccuratecalculator.com/countries/netherlands/marketing/",200,true,false,"INDEX,FOLLOW","https://freeaccuratecalculator.com/countries/netherlands/marketing/",true,Yes,false,"Netherlands Marketing Calculators — Free Online Tools (€) | Free Accurate Calculator","Accurate Netherlands marketing calculators customized with EUR (€) currency; statutory formulas; and instant edge calculation. 100% free and private.","Netherlands Marketing Calculators. Fast; Accurate &amp; Clean.","en","netherlands","country-hub","","WebPage+Breadcrumbs",794,"Low","Low","P2"
"https://freeaccuratecalculator.com/countries/netherlands/math/",200,true,false,"INDEX,FOLLOW","https://freeaccuratecalculator.com/countries/netherlands/math/",true,Yes,false,"Netherlands Math Calculators — Free Online Tools (€) | Free Accurate Calculator","Accurate Netherlands math calculators customized with EUR (€) currency; statutory formulas; and instant edge calculation. 100% free and private.","Netherlands Math Calculators. Fast; Accurate &amp; Free.","en","netherlands","country-hub","","WebPage+Breadcrumbs",787,"Low","Low","P2"
"https://freeaccuratecalculator.com/countries/netherlands/mortgage-calculator/",200,true,false,"INDEX,FOLLOW","https://freeaccuratecalculator.com/countries/netherlands/mortgage-calculator/",true,Yes,false,"Netherlands Mortgage Calculator (€) — Free Online Calculator | Free Accurate Calculator","Accurate Netherlands Mortgage Calculator with EUR (€) formatting and standard numerical precision. Free; instant client-side calculation.","Netherlands Mortgage Calculator","en","netherlands","country-hub","mortgage-calculator","SoftwareApplication+Breadcrumbs",831,"Low-Moderate (Localized Params)","Low","P2"
"https://freeaccuratecalculator.com/countries/netherlands/physics/",200,true,false,"INDEX,FOLLOW","https://freeaccuratecalculator.com/countries/netherlands/physics/",true,Yes,false,"Netherlands Physics Calculators — Free Online Tools (€) | Free Accurate Calculator","Accurate Netherlands physics calculators customized with EUR (€) currency; statutory formulas; and instant edge calculation. 100% free and private.","Netherlands Physics Calculators. Fast; Accurate &amp; Clean.","en","netherlands","country-hub","","WebPage+Breadcrumbs",794,"Low","Low","P2"
"https://freeaccuratecalculator.com/countries/netherlands/real-estate/",200,true,false,"INDEX,FOLLOW","https://freeaccuratecalculator.com/countries/netherlands/real-estate/",true,Yes,false,"Netherlands Real Estate Calculators — Free Online Tools (€) | Free Accurate Calculator","Accurate Netherlands real estate calculators customized with EUR (€) currency; statutory formulas; and instant edge calculation. 100% free and private.","Netherlands Real Estate Calculators. Fast; Accurate &amp; Clean.","en","netherlands","country-hub","","WebPage+Breadcrumbs",810,"Low","Low","P2"
"https://freeaccuratecalculator.com/countries/netherlands/salary-calculator/",200,true,false,"INDEX,FOLLOW","https://freeaccuratecalculator.com/countries/netherlands/salary-calculator/",true,Yes,false,"Netherlands Salary Calculator (€) — Free Online Calculator | Free Accurate Calculator","Accurate Netherlands Salary Calculator with EUR (€) formatting and standard numerical precision. Free; instant client-side calculation.","Netherlands Salary Calculator","en","netherlands","country-hub","salary-calculator","SoftwareApplication+Breadcrumbs",696,"Low-Moderate (Localized Params)","Low","P2"
"https://freeaccuratecalculator.com/countries/netherlands/sports/",200,true,false,"INDEX,FOLLOW","https://freeaccuratecalculator.com/countries/netherlands/sports/",true,Yes,false,"Netherlands Sports Calculators — Free Online Tools (€) | Free Accurate Calculator","Accurate Netherlands sports calculators customized with EUR (€) currency; statutory formulas; and instant edge calculation. 100% free and private.","Netherlands Sports Calculators. Fast; Accurate &amp; Clean.","en","netherlands","country-hub","","WebPage+Breadcrumbs",808,"Low","Low","P2"
"https://freeaccuratecalculator.com/countries/netherlands/statistics/",200,true,false,"INDEX,FOLLOW","https://freeaccuratecalculator.com/countries/netherlands/statistics/",true,Yes,false,"Netherlands Statistics Calculators — Free Online Tools (€) | Free Accurate Calculator","Accurate Netherlands statistics calculators customized with EUR (€) currency; statutory formulas; and instant edge calculation. 100% free and private.","Netherlands Statistics Calculators. Fast; Accurate &amp; Free.","en","netherlands","country-hub","","WebPage+Breadcrumbs",796,"Low","Low","P2"
"https://freeaccuratecalculator.com/countries/netherlands/technology/",200,true,false,"INDEX,FOLLOW","https://freeaccuratecalculator.com/countries/netherlands/technology/",true,Yes,false,"Netherlands Technology Calculators — Free Online Tools (€) | Free Accurate Calculator","Accurate Netherlands technology calculators customized with EUR (€) currency; statutory formulas; and instant edge calculation. 100% free and private.","Netherlands Technology Calculators. Fast; Accurate &amp; Free.","en","netherlands","country-hub","","WebPage+Breadcrumbs",791,"Low","Low","P2"
"https://freeaccuratecalculator.com/countries/new-zealand/automotive/",200,true,false,"INDEX,FOLLOW","https://freeaccuratecalculator.com/countries/new-zealand/automotive/",true,Yes,false,"New Zealand Automotive Calculators — Free Online Tools (NZ$) | Free Accurate Calculator","Accurate New Zealand automotive calculators customized with NZD (NZ$) currency; statutory formulas; and instant edge calculation. 100% free and private.","New Zealand Automotive Calculators. Fast; Accurate &amp; Clean.","en","new-zealand","country-hub","","WebPage+Breadcrumbs",814,"Low","Low","P2"
"https://freeaccuratecalculator.com/countries/new-zealand/biology/",200,true,false,"INDEX,FOLLOW","https://freeaccuratecalculator.com/countries/new-zealand/biology/",true,Yes,false,"New Zealand Biology Calculators — Free Online Tools (NZ$) | Free Accurate Calculator","Accurate New Zealand biology calculators customized with NZD (NZ$) currency; statutory formulas; and instant edge calculation. 100% free and private.","New Zealand Biology Calculators. Fast; Accurate &amp; Free.","en","new-zealand","country-hub","","WebPage+Breadcrumbs",806,"Low","Low","P2"
"https://freeaccuratecalculator.com/countries/new-zealand/business/",200,true,false,"INDEX,FOLLOW","https://freeaccuratecalculator.com/countries/new-zealand/business/",true,Yes,false,"New Zealand Business Calculators — Free Online Tools (NZ$) | Free Accurate Calculator","Accurate New Zealand business calculators customized with NZD (NZ$) currency; statutory formulas; and instant edge calculation. 100% free and private.","New Zealand Business Calculators. Fast; Accurate &amp; Clean.","en","new-zealand","country-hub","","WebPage+Breadcrumbs",809,"Low","Low","P2"
"https://freeaccuratecalculator.com/countries/new-zealand/chemistry/",200,true,false,"INDEX,FOLLOW","https://freeaccuratecalculator.com/countries/new-zealand/chemistry/",true,Yes,false,"New Zealand Chemistry Calculators — Free Online Tools (NZ$) | Free Accurate Calculator","Accurate New Zealand chemistry calculators customized with NZD (NZ$) currency; statutory formulas; and instant edge calculation. 100% free and private.","New Zealand Chemistry Calculators. Fast; Accurate &amp; Free.","en","new-zealand","country-hub","","WebPage+Breadcrumbs",815,"Low","Moderate (Intent Segmented)","P2"
"https://freeaccuratecalculator.com/countries/new-zealand/compound-interest-calculator/",200,true,false,"INDEX,FOLLOW","https://freeaccuratecalculator.com/countries/new-zealand/compound-interest-calculator/",true,Yes,false,"New Zealand Compound Interest Calculator (NZ$) — Free Online Calculator | Free Accurate Calculator","Accurate New Zealand Compound Interest Calculator with NZD (NZ$) formatting and standard numerical precision. Free; instant client-side calculation.","New Zealand Compound Interest Calculator","en","new-zealand","country-hub","compound-interest-calculator","SoftwareApplication+Breadcrumbs",821,"Low-Moderate (Localized Params)","Low","P2"
"https://freeaccuratecalculator.com/countries/new-zealand/construction/",200,true,false,"INDEX,FOLLOW","https://freeaccuratecalculator.com/countries/new-zealand/construction/",true,Yes,false,"New Zealand Construction Calculators — Free Online Tools (NZ$) | Free Accurate Calculator","Accurate New Zealand construction calculators customized with NZD (NZ$) currency; statutory formulas; and instant edge calculation. 100% free and private.","New Zealand Construction Calculators. Fast; Accurate &amp; Free.","en","new-zealand","country-hub","","WebPage+Breadcrumbs",817,"Low","Low","P2"
"https://freeaccuratecalculator.com/countries/new-zealand/converter/",200,true,false,"INDEX,FOLLOW","https://freeaccuratecalculator.com/countries/new-zealand/converter/",true,Yes,false,"New Zealand Converter Calculators — Free Online Tools (NZ$) | Free Accurate Calculator","Accurate New Zealand converter calculators customized with NZD (NZ$) currency; statutory formulas; and instant edge calculation. 100% free and private.","New Zealand Converter Calculators. Fast; Accurate &amp; Free.","en","new-zealand","country-hub","","WebPage+Breadcrumbs",812,"Low","Low","P2"
"https://freeaccuratecalculator.com/countries/new-zealand/ecology/",200,true,false,"INDEX,FOLLOW","https://freeaccuratecalculator.com/countries/new-zealand/ecology/",true,Yes,false,"New Zealand Ecology Calculators — Free Online Tools (NZ$) | Free Accurate Calculator","Accurate New Zealand ecology calculators customized with NZD (NZ$) currency; statutory formulas; and instant edge calculation. 100% free and private.","New Zealand Ecology Calculators. Fast; Accurate &amp; Free.","en","new-zealand","country-hub","","WebPage+Breadcrumbs",821,"Low","Low","P2"
"https://freeaccuratecalculator.com/countries/new-zealand/everyday/",200,true,false,"INDEX,FOLLOW","https://freeaccuratecalculator.com/countries/new-zealand/everyday/",true,Yes,false,"New Zealand Everyday Calculators — Free Online Tools (NZ$) | Free Accurate Calculator","Accurate New Zealand everyday calculators customized with NZD (NZ$) currency; statutory formulas; and instant edge calculation. 100% free and private.","New Zealand Everyday Calculators. Fast; Accurate &amp; Clean.","en","new-zealand","country-hub","","WebPage+Breadcrumbs",835,"Low","Low","P2"
"https://freeaccuratecalculator.com/countries/new-zealand/finance/compound-interest-calculator/",200,true,false,"INDEX,FOLLOW","https://freeaccuratecalculator.com/countries/new-zealand/finance/compound-interest-calculator/",true,Yes,false,"New Zealand Compound Interest Calculator (NZ$) — Free Online Calculator | Free Accurate Calculator","Accurate New Zealand Compound Interest Calculator with NZD (NZ$) formatting and standard numerical precision. Free; instant client-side calculation.","New Zealand Compound Interest Calculator","en","new-zealand","finance","compound-interest-calculator","SoftwareApplication+Breadcrumbs",821,"Low-Moderate (Localized Params)","Low","P2"
"https://freeaccuratecalculator.com/countries/new-zealand/finance/income-tax-calculator/",200,true,false,"INDEX,FOLLOW","https://freeaccuratecalculator.com/countries/new-zealand/finance/income-tax-calculator/",true,Yes,false,"New Zealand Salary Calculator (NZ$) — Free Online Calculator | Free Accurate Calculator","Accurate New Zealand Salary Calculator with NZD (NZ$) formatting and standard numerical precision. Free; instant client-side calculation.","New Zealand Salary Calculator","en","new-zealand","finance","income-tax-calculator","SoftwareApplication+Breadcrumbs",712,"Low-Moderate (Localized Params)","Low","P2"
"https://freeaccuratecalculator.com/countries/new-zealand/finance/",200,true,false,"INDEX,FOLLOW","https://freeaccuratecalculator.com/countries/new-zealand/finance/",true,Yes,false,"New Zealand Finance Calculators — Free Online Tools (NZ$) | Free Accurate Calculator","Accurate New Zealand finance calculators customized with NZD (NZ$) currency; statutory formulas; and instant edge calculation. 100% free and private.","New Zealand Finance Calculators. Fast; Accurate &amp; Clean.","en","new-zealand","country-hub","","WebPage+Breadcrumbs",1011,"Low","Low","P2"
"https://freeaccuratecalculator.com/countries/new-zealand/finance/mortgage-calculator/",200,true,false,"INDEX,FOLLOW","https://freeaccuratecalculator.com/countries/new-zealand/finance/mortgage-calculator/",true,Yes,false,"New Zealand Mortgage Calculator (NZ$) — Free Online Calculator | Free Accurate Calculator","Accurate New Zealand Mortgage Calculator with NZD (NZ$) formatting and standard numerical precision. Free; instant client-side calculation.","New Zealand Mortgage Calculator","en","new-zealand","finance","mortgage-calculator","SoftwareApplication+Breadcrumbs",851,"Low-Moderate (Localized Params)","Low","P2"
"https://freeaccuratecalculator.com/countries/new-zealand/finance/salary-calculator/",200,true,false,"INDEX,FOLLOW","https://freeaccuratecalculator.com/countries/new-zealand/finance/salary-calculator/",true,Yes,false,"New Zealand Salary Calculator (NZ$) — Free Online Calculator | Free Accurate Calculator","Accurate New Zealand Salary Calculator with NZD (NZ$) formatting and standard numerical precision. Free; instant client-side calculation.","New Zealand Salary Calculator","en","new-zealand","finance","salary-calculator","SoftwareApplication+Breadcrumbs",712,"Low-Moderate (Localized Params)","Low","P2"
"https://freeaccuratecalculator.com/countries/new-zealand/food/",200,true,false,"INDEX,FOLLOW","https://freeaccuratecalculator.com/countries/new-zealand/food/",true,Yes,false,"New Zealand Food Calculators — Free Online Tools (NZ$) | Free Accurate Calculator","Accurate New Zealand food calculators customized with NZD (NZ$) currency; statutory formulas; and instant edge calculation. 100% free and private.","New Zealand Food Calculators. Fast; Accurate &amp; Free.","en","new-zealand","country-hub","","WebPage+Breadcrumbs",825,"Low","Low","P2"
"https://freeaccuratecalculator.com/countries/new-zealand/health/",200,true,false,"INDEX,FOLLOW","https://freeaccuratecalculator.com/countries/new-zealand/health/",true,Yes,false,"New Zealand Health Calculators — Free Online Tools (NZ$) | Free Accurate Calculator","Accurate New Zealand health calculators customized with NZD (NZ$) currency; statutory formulas; and instant edge calculation. 100% free and private.","New Zealand Health Calculators. Fast; Accurate &amp; Private.","en","new-zealand","country-hub","","WebPage+Breadcrumbs",838,"Low","Low","P2"
"https://freeaccuratecalculator.com/countries/new-zealand/income-tax-calculator/",200,true,false,"INDEX,FOLLOW","https://freeaccuratecalculator.com/countries/new-zealand/income-tax-calculator/",true,Yes,false,"New Zealand Salary Calculator (NZ$) — Free Online Calculator | Free Accurate Calculator","Accurate New Zealand Salary Calculator with NZD (NZ$) formatting and standard numerical precision. Free; instant client-side calculation.","New Zealand Salary Calculator","en","new-zealand","country-hub","income-tax-calculator","SoftwareApplication+Breadcrumbs",712,"Low-Moderate (Localized Params)","Low","P2"
"https://freeaccuratecalculator.com/countries/new-zealand/",200,true,false,"INDEX,FOLLOW","https://freeaccuratecalculator.com/countries/new-zealand/",true,Yes,false,"New Zealand Calculators — Free Online Finance; Tax &amp; Utility Tools (NZ$) | Free Accurate Calculator","Mathematically verified online calculators for New Zealand. Customized with NZD (NZ$) currency; standard grouping; and statutory financial rules.","New Zealand Calculators. Fast; Accurate &amp; Clean.","en","new-zealand","countries","","WebPage+Breadcrumbs",785,"Low","Low","P2"
"https://freeaccuratecalculator.com/countries/new-zealand/insurance/",200,true,false,"INDEX,FOLLOW","https://freeaccuratecalculator.com/countries/new-zealand/insurance/",true,Yes,false,"New Zealand Insurance Calculators — Free Online Tools (NZ$) | Free Accurate Calculator","Accurate New Zealand insurance calculators customized with NZD (NZ$) currency; statutory formulas; and instant edge calculation. 100% free and private.","New Zealand Insurance Calculators. Fast; Accurate &amp; Clean.","en","new-zealand","country-hub","","WebPage+Breadcrumbs",887,"Low","Low","P2"
"https://freeaccuratecalculator.com/countries/new-zealand/legal/",200,true,false,"INDEX,FOLLOW","https://freeaccuratecalculator.com/countries/new-zealand/legal/",true,Yes,false,"New Zealand Legal Calculators — Free Online Tools (NZ$) | Free Accurate Calculator","Accurate New Zealand legal calculators customized with NZD (NZ$) currency; statutory formulas; and instant edge calculation. 100% free and private.","New Zealand Legal Calculators. Fast; Accurate &amp; Private.","en","new-zealand","country-hub","","WebPage+Breadcrumbs",821,"Low","Low","P2"
"https://freeaccuratecalculator.com/countries/new-zealand/love/",200,true,false,"INDEX,FOLLOW","https://freeaccuratecalculator.com/countries/new-zealand/love/",true,Yes,false,"New Zealand Love Calculators — Free Online Tools (NZ$) | Free Accurate Calculator","Accurate New Zealand love calculators customized with NZD (NZ$) currency; statutory formulas; and instant edge calculation. 100% free and private.","New Zealand Love Calculators. Compatibility &amp; Connection.","en","new-zealand","country-hub","","WebPage+Breadcrumbs",818,"Low","Low","P2"
"https://freeaccuratecalculator.com/countries/new-zealand/marketing/",200,true,false,"INDEX,FOLLOW","https://freeaccuratecalculator.com/countries/new-zealand/marketing/",true,Yes,false,"New Zealand Marketing Calculators — Free Online Tools (NZ$) | Free Accurate Calculator","Accurate New Zealand marketing calculators customized with NZD (NZ$) currency; statutory formulas; and instant edge calculation. 100% free and private.","New Zealand Marketing Calculators. Fast; Accurate &amp; Clean.","en","new-zealand","country-hub","","WebPage+Breadcrumbs",811,"Low","Low","P2"
"https://freeaccuratecalculator.com/countries/new-zealand/math/",200,true,false,"INDEX,FOLLOW","https://freeaccuratecalculator.com/countries/new-zealand/math/",true,Yes,false,"New Zealand Math Calculators — Free Online Tools (NZ$) | Free Accurate Calculator","Accurate New Zealand math calculators customized with NZD (NZ$) currency; statutory formulas; and instant edge calculation. 100% free and private.","New Zealand Math Calculators. Fast; Accurate &amp; Free.","en","new-zealand","country-hub","","WebPage+Breadcrumbs",804,"Low","Low","P2"
"https://freeaccuratecalculator.com/countries/new-zealand/mortgage-calculator/",200,true,false,"INDEX,FOLLOW","https://freeaccuratecalculator.com/countries/new-zealand/mortgage-calculator/",true,Yes,false,"New Zealand Mortgage Calculator (NZ$) — Free Online Calculator | Free Accurate Calculator","Accurate New Zealand Mortgage Calculator with NZD (NZ$) formatting and standard numerical precision. Free; instant client-side calculation.","New Zealand Mortgage Calculator","en","new-zealand","country-hub","mortgage-calculator","SoftwareApplication+Breadcrumbs",851,"Low-Moderate (Localized Params)","Low","P2"
"https://freeaccuratecalculator.com/countries/new-zealand/physics/",200,true,false,"INDEX,FOLLOW","https://freeaccuratecalculator.com/countries/new-zealand/physics/",true,Yes,false,"New Zealand Physics Calculators — Free Online Tools (NZ$) | Free Accurate Calculator","Accurate New Zealand physics calculators customized with NZD (NZ$) currency; statutory formulas; and instant edge calculation. 100% free and private.","New Zealand Physics Calculators. Fast; Accurate &amp; Clean.","en","new-zealand","country-hub","","WebPage+Breadcrumbs",811,"Low","Low","P2"
"https://freeaccuratecalculator.com/countries/new-zealand/real-estate/",200,true,false,"INDEX,FOLLOW","https://freeaccuratecalculator.com/countries/new-zealand/real-estate/",true,Yes,false,"New Zealand Real Estate Calculators — Free Online Tools (NZ$) | Free Accurate Calculator","Accurate New Zealand real estate calculators customized with NZD (NZ$) currency; statutory formulas; and instant edge calculation. 100% free and private.","New Zealand Real Estate Calculators. Fast; Accurate &amp; Clean.","en","new-zealand","country-hub","","WebPage+Breadcrumbs",827,"Low","Low","P2"
"https://freeaccuratecalculator.com/countries/new-zealand/salary-calculator/",200,true,false,"INDEX,FOLLOW","https://freeaccuratecalculator.com/countries/new-zealand/salary-calculator/",true,Yes,false,"New Zealand Salary Calculator (NZ$) — Free Online Calculator | Free Accurate Calculator","Accurate New Zealand Salary Calculator with NZD (NZ$) formatting and standard numerical precision. Free; instant client-side calculation.","New Zealand Salary Calculator","en","new-zealand","country-hub","salary-calculator","SoftwareApplication+Breadcrumbs",712,"Low-Moderate (Localized Params)","Low","P2"
"https://freeaccuratecalculator.com/countries/new-zealand/sports/",200,true,false,"INDEX,FOLLOW","https://freeaccuratecalculator.com/countries/new-zealand/sports/",true,Yes,false,"New Zealand Sports Calculators — Free Online Tools (NZ$) | Free Accurate Calculator","Accurate New Zealand sports calculators customized with NZD (NZ$) currency; statutory formulas; and instant edge calculation. 100% free and private.","New Zealand Sports Calculators. Fast; Accurate &amp; Clean.","en","new-zealand","country-hub","","WebPage+Breadcrumbs",825,"Low","Low","P2"
"https://freeaccuratecalculator.com/countries/new-zealand/statistics/",200,true,false,"INDEX,FOLLOW","https://freeaccuratecalculator.com/countries/new-zealand/statistics/",true,Yes,false,"New Zealand Statistics Calculators — Free Online Tools (NZ$) | Free Accurate Calculator","Accurate New Zealand statistics calculators customized with NZD (NZ$) currency; statutory formulas; and instant edge calculation. 100% free and private.","New Zealand Statistics Calculators. Fast; Accurate &amp; Free.","en","new-zealand","country-hub","","WebPage+Breadcrumbs",813,"Low","Low","P2"
"https://freeaccuratecalculator.com/countries/new-zealand/technology/",200,true,false,"INDEX,FOLLOW","https://freeaccuratecalculator.com/countries/new-zealand/technology/",true,Yes,false,"New Zealand Technology Calculators — Free Online Tools (NZ$) | Free Accurate Calculator","Accurate New Zealand technology calculators customized with NZD (NZ$) currency; statutory formulas; and instant edge calculation. 100% free and private.","New Zealand Technology Calculators. Fast; Accurate &amp; Free.","en","new-zealand","country-hub","","WebPage+Breadcrumbs",808,"Low","Low","P2"
"https://freeaccuratecalculator.com/countries/saudi-arabia/automotive/",200,true,false,"INDEX,FOLLOW","https://freeaccuratecalculator.com/countries/saudi-arabia/automotive/",true,Yes,false,"Saudi Arabia Automotive Calculators — Free Online Tools (ر.س) | Free Accurate Calculator","Accurate Saudi Arabia automotive calculators customized with SAR (ر.س) currency; statutory formulas; and instant edge calculation. 100% free and private.","Saudi Arabia Automotive Calculators. Fast; Accurate &amp; Clean.","en","saudi-arabia","country-hub","","WebPage+Breadcrumbs",814,"Low","Low","P2"
"https://freeaccuratecalculator.com/countries/saudi-arabia/biology/",200,true,false,"INDEX,FOLLOW","https://freeaccuratecalculator.com/countries/saudi-arabia/biology/",true,Yes,false,"Saudi Arabia Biology Calculators — Free Online Tools (ر.س) | Free Accurate Calculator","Accurate Saudi Arabia biology calculators customized with SAR (ر.س) currency; statutory formulas; and instant edge calculation. 100% free and private.","Saudi Arabia Biology Calculators. Fast; Accurate &amp; Free.","en","saudi-arabia","country-hub","","WebPage+Breadcrumbs",806,"Low","Low","P2"
"https://freeaccuratecalculator.com/countries/saudi-arabia/business/",200,true,false,"INDEX,FOLLOW","https://freeaccuratecalculator.com/countries/saudi-arabia/business/",true,Yes,false,"Saudi Arabia Business Calculators — Free Online Tools (ر.س) | Free Accurate Calculator","Accurate Saudi Arabia business calculators customized with SAR (ر.س) currency; statutory formulas; and instant edge calculation. 100% free and private.","Saudi Arabia Business Calculators. Fast; Accurate &amp; Clean.","en","saudi-arabia","country-hub","","WebPage+Breadcrumbs",809,"Low","Low","P2"
"https://freeaccuratecalculator.com/countries/saudi-arabia/chemistry/",200,true,false,"INDEX,FOLLOW","https://freeaccuratecalculator.com/countries/saudi-arabia/chemistry/",true,Yes,false,"Saudi Arabia Chemistry Calculators — Free Online Tools (ر.س) | Free Accurate Calculator","Accurate Saudi Arabia chemistry calculators customized with SAR (ر.س) currency; statutory formulas; and instant edge calculation. 100% free and private.","Saudi Arabia Chemistry Calculators. Fast; Accurate &amp; Free.","en","saudi-arabia","country-hub","","WebPage+Breadcrumbs",815,"Low","Moderate (Intent Segmented)","P2"
"https://freeaccuratecalculator.com/countries/saudi-arabia/construction/",200,true,false,"INDEX,FOLLOW","https://freeaccuratecalculator.com/countries/saudi-arabia/construction/",true,Yes,false,"Saudi Arabia Construction Calculators — Free Online Tools (ر.س) | Free Accurate Calculator","Accurate Saudi Arabia construction calculators customized with SAR (ر.س) currency; statutory formulas; and instant edge calculation. 100% free and private.","Saudi Arabia Construction Calculators. Fast; Accurate &amp; Free.","en","saudi-arabia","country-hub","","WebPage+Breadcrumbs",817,"Low","Low","P2"
"https://freeaccuratecalculator.com/countries/saudi-arabia/converter/",200,true,false,"INDEX,FOLLOW","https://freeaccuratecalculator.com/countries/saudi-arabia/converter/",true,Yes,false,"Saudi Arabia Converter Calculators — Free Online Tools (ر.س) | Free Accurate Calculator","Accurate Saudi Arabia converter calculators customized with SAR (ر.س) currency; statutory formulas; and instant edge calculation. 100% free and private.","Saudi Arabia Converter Calculators. Fast; Accurate &amp; Free.","en","saudi-arabia","country-hub","","WebPage+Breadcrumbs",812,"Low","Low","P2"
"https://freeaccuratecalculator.com/countries/saudi-arabia/ecology/",200,true,false,"INDEX,FOLLOW","https://freeaccuratecalculator.com/countries/saudi-arabia/ecology/",true,Yes,false,"Saudi Arabia Ecology Calculators — Free Online Tools (ر.س) | Free Accurate Calculator","Accurate Saudi Arabia ecology calculators customized with SAR (ر.س) currency; statutory formulas; and instant edge calculation. 100% free and private.","Saudi Arabia Ecology Calculators. Fast; Accurate &amp; Free.","en","saudi-arabia","country-hub","","WebPage+Breadcrumbs",821,"Low","Low","P2"
"https://freeaccuratecalculator.com/countries/saudi-arabia/emi-calculator/",200,true,false,"INDEX,FOLLOW","https://freeaccuratecalculator.com/countries/saudi-arabia/emi-calculator/",true,Yes,false,"Saudi Arabia Loan Calculator (ر.س) — Free Online Calculator | Free Accurate Calculator","Accurate Saudi Arabia Loan Calculator with SAR (ر.س) formatting and standard numerical precision. Free; instant client-side calculation.","Saudi Arabia Loan Calculator","en","saudi-arabia","country-hub","emi-calculator","SoftwareApplication+Breadcrumbs",746,"Low-Moderate (Localized Params)","Moderate (Intent Segmented)","P2"
"https://freeaccuratecalculator.com/countries/saudi-arabia/everyday/",200,true,false,"INDEX,FOLLOW","https://freeaccuratecalculator.com/countries/saudi-arabia/everyday/",true,Yes,false,"Saudi Arabia Everyday Calculators — Free Online Tools (ر.س) | Free Accurate Calculator","Accurate Saudi Arabia everyday calculators customized with SAR (ر.س) currency; statutory formulas; and instant edge calculation. 100% free and private.","Saudi Arabia Everyday Calculators. Fast; Accurate &amp; Clean.","en","saudi-arabia","country-hub","","WebPage+Breadcrumbs",835,"Low","Low","P2"
"https://freeaccuratecalculator.com/countries/saudi-arabia/finance/emi-calculator/",200,true,false,"INDEX,FOLLOW","https://freeaccuratecalculator.com/countries/saudi-arabia/finance/emi-calculator/",true,Yes,false,"Saudi Arabia Loan Calculator (ر.س) — Free Online Calculator | Free Accurate Calculator","Accurate Saudi Arabia Loan Calculator with SAR (ر.س) formatting and standard numerical precision. Free; instant client-side calculation.","Saudi Arabia Loan Calculator","en","saudi-arabia","finance","emi-calculator","SoftwareApplication+Breadcrumbs",746,"Low-Moderate (Localized Params)","Moderate (Intent Segmented)","P2"
"https://freeaccuratecalculator.com/countries/saudi-arabia/finance/gratuity-calculator/",200,true,false,"INDEX,FOLLOW","https://freeaccuratecalculator.com/countries/saudi-arabia/finance/gratuity-calculator/",true,Yes,false,"Saudi Arabia Gratuity Calculator (ر.س) — Free Online Calculator | Free Accurate Calculator","Accurate Saudi Arabia Gratuity Calculator with SAR (ر.س) formatting and standard numerical precision. Free; instant client-side calculation.","Saudi Arabia Gratuity Calculator","en","saudi-arabia","finance","gratuity-calculator","SoftwareApplication+Breadcrumbs",737,"Low-Moderate (Localized Params)","Low","P2"
"https://freeaccuratecalculator.com/countries/saudi-arabia/finance/income-tax-calculator/",200,true,false,"INDEX,FOLLOW","https://freeaccuratecalculator.com/countries/saudi-arabia/finance/income-tax-calculator/",true,Yes,false,"Saudi Arabia Salary Calculator (ر.س) — Free Online Calculator | Free Accurate Calculator","Accurate Saudi Arabia Salary Calculator with SAR (ر.س) formatting and standard numerical precision. Free; instant client-side calculation.","Saudi Arabia Salary Calculator","en","saudi-arabia","finance","income-tax-calculator","SoftwareApplication+Breadcrumbs",709,"Low-Moderate (Localized Params)","Low","P2"
"https://freeaccuratecalculator.com/countries/saudi-arabia/finance/",200,true,false,"INDEX,FOLLOW","https://freeaccuratecalculator.com/countries/saudi-arabia/finance/",true,Yes,false,"Saudi Arabia Finance Calculators — Free Online Tools (ر.س) | Free Accurate Calculator","Accurate Saudi Arabia finance calculators customized with SAR (ر.س) currency; statutory formulas; and instant edge calculation. 100% free and private.","Saudi Arabia Finance Calculators. Fast; Accurate &amp; Clean.","en","saudi-arabia","country-hub","","WebPage+Breadcrumbs",1011,"Low","Low","P2"
"https://freeaccuratecalculator.com/countries/saudi-arabia/finance/loan-calculator/",200,true,false,"INDEX,FOLLOW","https://freeaccuratecalculator.com/countries/saudi-arabia/finance/loan-calculator/",true,Yes,false,"Saudi Arabia Loan Calculator (ر.س) — Free Online Calculator | Free Accurate Calculator","Accurate Saudi Arabia Loan Calculator with SAR (ر.س) formatting and standard numerical precision. Free; instant client-side calculation.","Saudi Arabia Loan Calculator","en","saudi-arabia","finance","loan-calculator","SoftwareApplication+Breadcrumbs",746,"Low-Moderate (Localized Params)","Low","P2"
"https://freeaccuratecalculator.com/countries/saudi-arabia/finance/salary-calculator/",200,true,false,"INDEX,FOLLOW","https://freeaccuratecalculator.com/countries/saudi-arabia/finance/salary-calculator/",true,Yes,false,"Saudi Arabia Salary Calculator (ر.س) — Free Online Calculator | Free Accurate Calculator","Accurate Saudi Arabia Salary Calculator with SAR (ر.س) formatting and standard numerical precision. Free; instant client-side calculation.","Saudi Arabia Salary Calculator","en","saudi-arabia","finance","salary-calculator","SoftwareApplication+Breadcrumbs",709,"Low-Moderate (Localized Params)","Low","P2"
"https://freeaccuratecalculator.com/countries/saudi-arabia/food/",200,true,false,"INDEX,FOLLOW","https://freeaccuratecalculator.com/countries/saudi-arabia/food/",true,Yes,false,"Saudi Arabia Food Calculators — Free Online Tools (ر.س) | Free Accurate Calculator","Accurate Saudi Arabia food calculators customized with SAR (ر.س) currency; statutory formulas; and instant edge calculation. 100% free and private.","Saudi Arabia Food Calculators. Fast; Accurate &amp; Free.","en","saudi-arabia","country-hub","","WebPage+Breadcrumbs",825,"Low","Low","P2"
"https://freeaccuratecalculator.com/countries/saudi-arabia/gratuity-calculator/",200,true,false,"INDEX,FOLLOW","https://freeaccuratecalculator.com/countries/saudi-arabia/gratuity-calculator/",true,Yes,false,"Saudi Arabia Gratuity Calculator (ر.س) — Free Online Calculator | Free Accurate Calculator","Accurate Saudi Arabia Gratuity Calculator with SAR (ر.س) formatting and standard numerical precision. Free; instant client-side calculation.","Saudi Arabia Gratuity Calculator","en","saudi-arabia","country-hub","gratuity-calculator","SoftwareApplication+Breadcrumbs",737,"Low-Moderate (Localized Params)","Low","P2"
"https://freeaccuratecalculator.com/countries/saudi-arabia/health/",200,true,false,"INDEX,FOLLOW","https://freeaccuratecalculator.com/countries/saudi-arabia/health/",true,Yes,false,"Saudi Arabia Health Calculators — Free Online Tools (ر.س) | Free Accurate Calculator","Accurate Saudi Arabia health calculators customized with SAR (ر.س) currency; statutory formulas; and instant edge calculation. 100% free and private.","Saudi Arabia Health Calculators. Fast; Accurate &amp; Private.","en","saudi-arabia","country-hub","","WebPage+Breadcrumbs",838,"Low","Low","P2"
"https://freeaccuratecalculator.com/countries/saudi-arabia/income-tax-calculator/",200,true,false,"INDEX,FOLLOW","https://freeaccuratecalculator.com/countries/saudi-arabia/income-tax-calculator/",true,Yes,false,"Saudi Arabia Salary Calculator (ر.س) — Free Online Calculator | Free Accurate Calculator","Accurate Saudi Arabia Salary Calculator with SAR (ر.س) formatting and standard numerical precision. Free; instant client-side calculation.","Saudi Arabia Salary Calculator","en","saudi-arabia","country-hub","income-tax-calculator","SoftwareApplication+Breadcrumbs",709,"Low-Moderate (Localized Params)","Low","P2"
"https://freeaccuratecalculator.com/countries/saudi-arabia/",200,true,false,"INDEX,FOLLOW","https://freeaccuratecalculator.com/countries/saudi-arabia/",true,Yes,false,"Saudi Arabia Calculators — Free Online Finance; Tax &amp; Utility Tools (ر.س) | Free Accurate Calculator","Mathematically verified online calculators for Saudi Arabia. Customized with SAR (ر.س) currency; standard grouping; and statutory financial rules.","Saudi Arabia Calculators. Fast; Accurate &amp; Clean.","en","saudi-arabia","countries","","WebPage+Breadcrumbs",785,"Low","Low","P2"
"https://freeaccuratecalculator.com/countries/saudi-arabia/insurance/",200,true,false,"INDEX,FOLLOW","https://freeaccuratecalculator.com/countries/saudi-arabia/insurance/",true,Yes,false,"Saudi Arabia Insurance Calculators — Free Online Tools (ر.س) | Free Accurate Calculator","Accurate Saudi Arabia insurance calculators customized with SAR (ر.س) currency; statutory formulas; and instant edge calculation. 100% free and private.","Saudi Arabia Insurance Calculators. Fast; Accurate &amp; Clean.","en","saudi-arabia","country-hub","","WebPage+Breadcrumbs",887,"Low","Low","P2"
"https://freeaccuratecalculator.com/countries/saudi-arabia/legal/",200,true,false,"INDEX,FOLLOW","https://freeaccuratecalculator.com/countries/saudi-arabia/legal/",true,Yes,false,"Saudi Arabia Legal Calculators — Free Online Tools (ر.س) | Free Accurate Calculator","Accurate Saudi Arabia legal calculators customized with SAR (ر.س) currency; statutory formulas; and instant edge calculation. 100% free and private.","Saudi Arabia Legal Calculators. Fast; Accurate &amp; Private.","en","saudi-arabia","country-hub","","WebPage+Breadcrumbs",821,"Low","Low","P2"
"https://freeaccuratecalculator.com/countries/saudi-arabia/loan-calculator/",200,true,false,"INDEX,FOLLOW","https://freeaccuratecalculator.com/countries/saudi-arabia/loan-calculator/",true,Yes,false,"Saudi Arabia Loan Calculator (ر.س) — Free Online Calculator | Free Accurate Calculator","Accurate Saudi Arabia Loan Calculator with SAR (ر.س) formatting and standard numerical precision. Free; instant client-side calculation.","Saudi Arabia Loan Calculator","en","saudi-arabia","country-hub","loan-calculator","SoftwareApplication+Breadcrumbs",746,"Low-Moderate (Localized Params)","Low","P2"
"https://freeaccuratecalculator.com/countries/saudi-arabia/love/",200,true,false,"INDEX,FOLLOW","https://freeaccuratecalculator.com/countries/saudi-arabia/love/",true,Yes,false,"Saudi Arabia Love Calculators — Free Online Tools (ر.س) | Free Accurate Calculator","Accurate Saudi Arabia love calculators customized with SAR (ر.س) currency; statutory formulas; and instant edge calculation. 100% free and private.","Saudi Arabia Love Calculators. Compatibility &amp; Connection.","en","saudi-arabia","country-hub","","WebPage+Breadcrumbs",818,"Low","Low","P2"
"https://freeaccuratecalculator.com/countries/saudi-arabia/marketing/",200,true,false,"INDEX,FOLLOW","https://freeaccuratecalculator.com/countries/saudi-arabia/marketing/",true,Yes,false,"Saudi Arabia Marketing Calculators — Free Online Tools (ر.س) | Free Accurate Calculator","Accurate Saudi Arabia marketing calculators customized with SAR (ر.س) currency; statutory formulas; and instant edge calculation. 100% free and private.","Saudi Arabia Marketing Calculators. Fast; Accurate &amp; Clean.","en","saudi-arabia","country-hub","","WebPage+Breadcrumbs",811,"Low","Low","P2"
"https://freeaccuratecalculator.com/countries/saudi-arabia/math/",200,true,false,"INDEX,FOLLOW","https://freeaccuratecalculator.com/countries/saudi-arabia/math/",true,Yes,false,"Saudi Arabia Math Calculators — Free Online Tools (ر.س) | Free Accurate Calculator","Accurate Saudi Arabia math calculators customized with SAR (ر.س) currency; statutory formulas; and instant edge calculation. 100% free and private.","Saudi Arabia Math Calculators. Fast; Accurate &amp; Free.","en","saudi-arabia","country-hub","","WebPage+Breadcrumbs",804,"Low","Low","P2"
"https://freeaccuratecalculator.com/countries/saudi-arabia/physics/",200,true,false,"INDEX,FOLLOW","https://freeaccuratecalculator.com/countries/saudi-arabia/physics/",true,Yes,false,"Saudi Arabia Physics Calculators — Free Online Tools (ر.س) | Free Accurate Calculator","Accurate Saudi Arabia physics calculators customized with SAR (ر.س) currency; statutory formulas; and instant edge calculation. 100% free and private.","Saudi Arabia Physics Calculators. Fast; Accurate &amp; Clean.","en","saudi-arabia","country-hub","","WebPage+Breadcrumbs",811,"Low","Low","P2"
"https://freeaccuratecalculator.com/countries/saudi-arabia/real-estate/",200,true,false,"INDEX,FOLLOW","https://freeaccuratecalculator.com/countries/saudi-arabia/real-estate/",true,Yes,false,"Saudi Arabia Real Estate Calculators — Free Online Tools (ر.س) | Free Accurate Calculator","Accurate Saudi Arabia real estate calculators customized with SAR (ر.س) currency; statutory formulas; and instant edge calculation. 100% free and private.","Saudi Arabia Real Estate Calculators. Fast; Accurate &amp; Clean.","en","saudi-arabia","country-hub","","WebPage+Breadcrumbs",827,"Low","Low","P2"
"https://freeaccuratecalculator.com/countries/saudi-arabia/salary-calculator/",200,true,false,"INDEX,FOLLOW","https://freeaccuratecalculator.com/countries/saudi-arabia/salary-calculator/",true,Yes,false,"Saudi Arabia Salary Calculator (ر.س) — Free Online Calculator | Free Accurate Calculator","Accurate Saudi Arabia Salary Calculator with SAR (ر.س) formatting and standard numerical precision. Free; instant client-side calculation.","Saudi Arabia Salary Calculator","en","saudi-arabia","country-hub","salary-calculator","SoftwareApplication+Breadcrumbs",709,"Low-Moderate (Localized Params)","Low","P2"
"https://freeaccuratecalculator.com/countries/saudi-arabia/sports/",200,true,false,"INDEX,FOLLOW","https://freeaccuratecalculator.com/countries/saudi-arabia/sports/",true,Yes,false,"Saudi Arabia Sports Calculators — Free Online Tools (ر.س) | Free Accurate Calculator","Accurate Saudi Arabia sports calculators customized with SAR (ر.س) currency; statutory formulas; and instant edge calculation. 100% free and private.","Saudi Arabia Sports Calculators. Fast; Accurate &amp; Clean.","en","saudi-arabia","country-hub","","WebPage+Breadcrumbs",825,"Low","Low","P2"
"https://freeaccuratecalculator.com/countries/saudi-arabia/statistics/",200,true,false,"INDEX,FOLLOW","https://freeaccuratecalculator.com/countries/saudi-arabia/statistics/",true,Yes,false,"Saudi Arabia Statistics Calculators — Free Online Tools (ر.س) | Free Accurate Calculator","Accurate Saudi Arabia statistics calculators customized with SAR (ر.س) currency; statutory formulas; and instant edge calculation. 100% free and private.","Saudi Arabia Statistics Calculators. Fast; Accurate &amp; Free.","en","saudi-arabia","country-hub","","WebPage+Breadcrumbs",813,"Low","Low","P2"
"https://freeaccuratecalculator.com/countries/saudi-arabia/technology/",200,true,false,"INDEX,FOLLOW","https://freeaccuratecalculator.com/countries/saudi-arabia/technology/",true,Yes,false,"Saudi Arabia Technology Calculators — Free Online Tools (ر.س) | Free Accurate Calculator","Accurate Saudi Arabia technology calculators customized with SAR (ر.س) currency; statutory formulas; and instant edge calculation. 100% free and private.","Saudi Arabia Technology Calculators. Fast; Accurate &amp; Free.","en","saudi-arabia","country-hub","","WebPage+Breadcrumbs",808,"Low","Low","P2"
"https://freeaccuratecalculator.com/countries/singapore/automotive/",200,true,false,"INDEX,FOLLOW","https://freeaccuratecalculator.com/countries/singapore/automotive/",true,Yes,false,"Singapore Automotive Calculators — Free Online Tools (S$) | Free Accurate Calculator","Accurate Singapore automotive calculators customized with SGD (S$) currency; statutory formulas; and instant edge calculation. 100% free and private.","Singapore Automotive Calculators. Fast; Accurate &amp; Clean.","en","singapore","country-hub","","WebPage+Breadcrumbs",633,"Low","Low","P2"
"https://freeaccuratecalculator.com/countries/singapore/biology/",200,true,false,"INDEX,FOLLOW","https://freeaccuratecalculator.com/countries/singapore/biology/",true,Yes,false,"Singapore Biology Calculators — Free Online Tools (S$) | Free Accurate Calculator","Accurate Singapore biology calculators customized with SGD (S$) currency; statutory formulas; and instant edge calculation. 100% free and private.","Singapore Biology Calculators. Fast; Accurate &amp; Free.","en","singapore","country-hub","","WebPage+Breadcrumbs",625,"Low","Low","P2"
"https://freeaccuratecalculator.com/countries/singapore/business/",200,true,false,"INDEX,FOLLOW","https://freeaccuratecalculator.com/countries/singapore/business/",true,Yes,false,"Singapore Business Calculators — Free Online Tools (S$) | Free Accurate Calculator","Accurate Singapore business calculators customized with SGD (S$) currency; statutory formulas; and instant edge calculation. 100% free and private.","Singapore Business Calculators. Fast; Accurate &amp; Clean.","en","singapore","country-hub","","WebPage+Breadcrumbs",628,"Low","Low","P2"
"https://freeaccuratecalculator.com/countries/singapore/chemistry/",200,true,false,"INDEX,FOLLOW","https://freeaccuratecalculator.com/countries/singapore/chemistry/",true,Yes,false,"Singapore Chemistry Calculators — Free Online Tools (S$) | Free Accurate Calculator","Accurate Singapore chemistry calculators customized with SGD (S$) currency; statutory formulas; and instant edge calculation. 100% free and private.","Singapore Chemistry Calculators. Fast; Accurate &amp; Free.","en","singapore","country-hub","","WebPage+Breadcrumbs",634,"Low","Moderate (Intent Segmented)","P2"
"https://freeaccuratecalculator.com/countries/singapore/compound-interest-calculator/",200,true,false,"INDEX,FOLLOW","https://freeaccuratecalculator.com/countries/singapore/compound-interest-calculator/",true,Yes,false,"Singapore Compound Interest Calculator (S$) — Free Online Calculator | Free Accurate Calculator","Accurate Singapore Compound Interest Calculator with SGD (S$) formatting and standard numerical precision. Free; instant client-side calculation.","Singapore Compound Interest Calculator","en","singapore","country-hub","compound-interest-calculator","SoftwareApplication+Breadcrumbs",807,"Low-Moderate (Localized Params)","Low","P2"
"https://freeaccuratecalculator.com/countries/singapore/construction/",200,true,false,"INDEX,FOLLOW","https://freeaccuratecalculator.com/countries/singapore/construction/",true,Yes,false,"Singapore Construction Calculators — Free Online Tools (S$) | Free Accurate Calculator","Accurate Singapore construction calculators customized with SGD (S$) currency; statutory formulas; and instant edge calculation. 100% free and private.","Singapore Construction Calculators. Fast; Accurate &amp; Free.","en","singapore","country-hub","","WebPage+Breadcrumbs",636,"Low","Low","P2"
"https://freeaccuratecalculator.com/countries/singapore/converter/",200,true,false,"INDEX,FOLLOW","https://freeaccuratecalculator.com/countries/singapore/converter/",true,Yes,false,"Singapore Converter Calculators — Free Online Tools (S$) | Free Accurate Calculator","Accurate Singapore converter calculators customized with SGD (S$) currency; statutory formulas; and instant edge calculation. 100% free and private.","Singapore Converter Calculators. Fast; Accurate &amp; Free.","en","singapore","country-hub","","WebPage+Breadcrumbs",631,"Low","Low","P2"
"https://freeaccuratecalculator.com/countries/singapore/ecology/",200,true,false,"INDEX,FOLLOW","https://freeaccuratecalculator.com/countries/singapore/ecology/",true,Yes,false,"Singapore Ecology Calculators — Free Online Tools (S$) | Free Accurate Calculator","Accurate Singapore ecology calculators customized with SGD (S$) currency; statutory formulas; and instant edge calculation. 100% free and private.","Singapore Ecology Calculators. Fast; Accurate &amp; Free.","en","singapore","country-hub","","WebPage+Breadcrumbs",640,"Low","Low","P2"
"https://freeaccuratecalculator.com/countries/singapore/everyday/",200,true,false,"INDEX,FOLLOW","https://freeaccuratecalculator.com/countries/singapore/everyday/",true,Yes,false,"Singapore Everyday Calculators — Free Online Tools (S$) | Free Accurate Calculator","Accurate Singapore everyday calculators customized with SGD (S$) currency; statutory formulas; and instant edge calculation. 100% free and private.","Singapore Everyday Calculators. Fast; Accurate &amp; Clean.","en","singapore","country-hub","","WebPage+Breadcrumbs",653,"Low","Low","P2"
"https://freeaccuratecalculator.com/countries/singapore/finance/compound-interest-calculator/",200,true,false,"INDEX,FOLLOW","https://freeaccuratecalculator.com/countries/singapore/finance/compound-interest-calculator/",true,Yes,false,"Singapore Compound Interest Calculator (S$) — Free Online Calculator | Free Accurate Calculator","Accurate Singapore Compound Interest Calculator with SGD (S$) formatting and standard numerical precision. Free; instant client-side calculation.","Singapore Compound Interest Calculator","en","singapore","finance","compound-interest-calculator","SoftwareApplication+Breadcrumbs",807,"Low-Moderate (Localized Params)","Low","P2"
"https://freeaccuratecalculator.com/countries/singapore/finance/income-tax-calculator/",200,true,false,"INDEX,FOLLOW","https://freeaccuratecalculator.com/countries/singapore/finance/income-tax-calculator/",true,Yes,false,"Singapore Salary Calculator (S$) — Free Online Calculator | Free Accurate Calculator","Accurate Singapore Salary Calculator with SGD (S$) formatting and standard numerical precision. Free; instant client-side calculation.","Singapore Salary Calculator","en","singapore","finance","income-tax-calculator","SoftwareApplication+Breadcrumbs",698,"Low-Moderate (Localized Params)","Low","P2"
"https://freeaccuratecalculator.com/countries/singapore/finance/",200,true,false,"INDEX,FOLLOW","https://freeaccuratecalculator.com/countries/singapore/finance/",true,Yes,false,"Singapore Finance Calculators — Free Online Tools (S$) | Free Accurate Calculator","Accurate Singapore finance calculators customized with SGD (S$) currency; statutory formulas; and instant edge calculation. 100% free and private.","Singapore Finance Calculators. Fast; Accurate &amp; Clean.","en","singapore","country-hub","","WebPage+Breadcrumbs",829,"Low","Low","P2"
"https://freeaccuratecalculator.com/countries/singapore/finance/mortgage-calculator/",200,true,false,"INDEX,FOLLOW","https://freeaccuratecalculator.com/countries/singapore/finance/mortgage-calculator/",true,Yes,false,"Singapore Mortgage Calculator (S$) — Free Online Calculator | Free Accurate Calculator","Accurate Singapore Mortgage Calculator with SGD (S$) formatting and standard numerical precision. Free; instant client-side calculation.","Singapore Mortgage Calculator","en","singapore","finance","mortgage-calculator","SoftwareApplication+Breadcrumbs",837,"Low-Moderate (Localized Params)","Low","P2"
"https://freeaccuratecalculator.com/countries/singapore/finance/salary-calculator/",200,true,false,"INDEX,FOLLOW","https://freeaccuratecalculator.com/countries/singapore/finance/salary-calculator/",true,Yes,false,"Singapore Salary Calculator (S$) — Free Online Calculator | Free Accurate Calculator","Accurate Singapore Salary Calculator with SGD (S$) formatting and standard numerical precision. Free; instant client-side calculation.","Singapore Salary Calculator","en","singapore","finance","salary-calculator","SoftwareApplication+Breadcrumbs",698,"Low-Moderate (Localized Params)","Low","P2"
"https://freeaccuratecalculator.com/countries/singapore/food/",200,true,false,"INDEX,FOLLOW","https://freeaccuratecalculator.com/countries/singapore/food/",true,Yes,false,"Singapore Food Calculators — Free Online Tools (S$) | Free Accurate Calculator","Accurate Singapore food calculators customized with SGD (S$) currency; statutory formulas; and instant edge calculation. 100% free and private.","Singapore Food Calculators. Fast; Accurate &amp; Free.","en","singapore","country-hub","","WebPage+Breadcrumbs",644,"Low","Low","P2"
"https://freeaccuratecalculator.com/countries/singapore/health/",200,true,false,"INDEX,FOLLOW","https://freeaccuratecalculator.com/countries/singapore/health/",true,Yes,false,"Singapore Health Calculators — Free Online Tools (S$) | Free Accurate Calculator","Accurate Singapore health calculators customized with SGD (S$) currency; statutory formulas; and instant edge calculation. 100% free and private.","Singapore Health Calculators. Fast; Accurate &amp; Private.","en","singapore","country-hub","","WebPage+Breadcrumbs",657,"Low","Low","P2"
"https://freeaccuratecalculator.com/countries/singapore/income-tax-calculator/",200,true,false,"INDEX,FOLLOW","https://freeaccuratecalculator.com/countries/singapore/income-tax-calculator/",true,Yes,false,"Singapore Salary Calculator (S$) — Free Online Calculator | Free Accurate Calculator","Accurate Singapore Salary Calculator with SGD (S$) formatting and standard numerical precision. Free; instant client-side calculation.","Singapore Salary Calculator","en","singapore","country-hub","income-tax-calculator","SoftwareApplication+Breadcrumbs",698,"Low-Moderate (Localized Params)","Low","P2"
"https://freeaccuratecalculator.com/countries/singapore/",200,true,false,"INDEX,FOLLOW","https://freeaccuratecalculator.com/countries/singapore/",true,Yes,false,"Singapore Calculators — Free Online Finance; Tax &amp; Utility Tools (S$) | Free Accurate Calculator","Mathematically verified online calculators for Singapore. Customized with SGD (S$) currency; standard grouping; and statutory financial rules.","Singapore Calculators. Fast; Accurate &amp; Clean.","en","singapore","countries","","WebPage+Breadcrumbs",608,"Low","Low","P2"
"https://freeaccuratecalculator.com/countries/singapore/insurance/",200,true,false,"INDEX,FOLLOW","https://freeaccuratecalculator.com/countries/singapore/insurance/",true,Yes,false,"Singapore Insurance Calculators — Free Online Tools (S$) | Free Accurate Calculator","Accurate Singapore insurance calculators customized with SGD (S$) currency; statutory formulas; and instant edge calculation. 100% free and private.","Singapore Insurance Calculators. Fast; Accurate &amp; Clean.","en","singapore","country-hub","","WebPage+Breadcrumbs",705,"Low","Low","P2"
"https://freeaccuratecalculator.com/countries/singapore/legal/",200,true,false,"INDEX,FOLLOW","https://freeaccuratecalculator.com/countries/singapore/legal/",true,Yes,false,"Singapore Legal Calculators — Free Online Tools (S$) | Free Accurate Calculator","Accurate Singapore legal calculators customized with SGD (S$) currency; statutory formulas; and instant edge calculation. 100% free and private.","Singapore Legal Calculators. Fast; Accurate &amp; Private.","en","singapore","country-hub","","WebPage+Breadcrumbs",640,"Low","Low","P2"
"https://freeaccuratecalculator.com/countries/singapore/love/",200,true,false,"INDEX,FOLLOW","https://freeaccuratecalculator.com/countries/singapore/love/",true,Yes,false,"Singapore Love Calculators — Free Online Tools (S$) | Free Accurate Calculator","Accurate Singapore love calculators customized with SGD (S$) currency; statutory formulas; and instant edge calculation. 100% free and private.","Singapore Love Calculators. Compatibility &amp; Connection.","en","singapore","country-hub","","WebPage+Breadcrumbs",637,"Low","Low","P2"
"https://freeaccuratecalculator.com/countries/singapore/marketing/",200,true,false,"INDEX,FOLLOW","https://freeaccuratecalculator.com/countries/singapore/marketing/",true,Yes,false,"Singapore Marketing Calculators — Free Online Tools (S$) | Free Accurate Calculator","Accurate Singapore marketing calculators customized with SGD (S$) currency; statutory formulas; and instant edge calculation. 100% free and private.","Singapore Marketing Calculators. Fast; Accurate &amp; Clean.","en","singapore","country-hub","","WebPage+Breadcrumbs",630,"Low","Low","P2"
"https://freeaccuratecalculator.com/countries/singapore/math/",200,true,false,"INDEX,FOLLOW","https://freeaccuratecalculator.com/countries/singapore/math/",true,Yes,false,"Singapore Math Calculators — Free Online Tools (S$) | Free Accurate Calculator","Accurate Singapore math calculators customized with SGD (S$) currency; statutory formulas; and instant edge calculation. 100% free and private.","Singapore Math Calculators. Fast; Accurate &amp; Free.","en","singapore","country-hub","","WebPage+Breadcrumbs",619,"Low","Low","P2"
"https://freeaccuratecalculator.com/countries/singapore/mortgage-calculator/",200,true,false,"INDEX,FOLLOW","https://freeaccuratecalculator.com/countries/singapore/mortgage-calculator/",true,Yes,false,"Singapore Mortgage Calculator (S$) — Free Online Calculator | Free Accurate Calculator","Accurate Singapore Mortgage Calculator with SGD (S$) formatting and standard numerical precision. Free; instant client-side calculation.","Singapore Mortgage Calculator","en","singapore","country-hub","mortgage-calculator","SoftwareApplication+Breadcrumbs",837,"Low-Moderate (Localized Params)","Low","P2"
"https://freeaccuratecalculator.com/countries/singapore/physics/",200,true,false,"INDEX,FOLLOW","https://freeaccuratecalculator.com/countries/singapore/physics/",true,Yes,false,"Singapore Physics Calculators — Free Online Tools (S$) | Free Accurate Calculator","Accurate Singapore physics calculators customized with SGD (S$) currency; statutory formulas; and instant edge calculation. 100% free and private.","Singapore Physics Calculators. Fast; Accurate &amp; Clean.","en","singapore","country-hub","","WebPage+Breadcrumbs",630,"Low","Low","P2"
"https://freeaccuratecalculator.com/countries/singapore/real-estate/",200,true,false,"INDEX,FOLLOW","https://freeaccuratecalculator.com/countries/singapore/real-estate/",true,Yes,false,"Singapore Real Estate Calculators — Free Online Tools (S$) | Free Accurate Calculator","Accurate Singapore real estate calculators customized with SGD (S$) currency; statutory formulas; and instant edge calculation. 100% free and private.","Singapore Real Estate Calculators. Fast; Accurate &amp; Clean.","en","singapore","country-hub","","WebPage+Breadcrumbs",646,"Low","Low","P2"
"https://freeaccuratecalculator.com/countries/singapore/salary-calculator/",200,true,false,"INDEX,FOLLOW","https://freeaccuratecalculator.com/countries/singapore/salary-calculator/",true,Yes,false,"Singapore Salary Calculator (S$) — Free Online Calculator | Free Accurate Calculator","Accurate Singapore Salary Calculator with SGD (S$) formatting and standard numerical precision. Free; instant client-side calculation.","Singapore Salary Calculator","en","singapore","country-hub","salary-calculator","SoftwareApplication+Breadcrumbs",698,"Low-Moderate (Localized Params)","Low","P2"
"https://freeaccuratecalculator.com/countries/singapore/sports/",200,true,false,"INDEX,FOLLOW","https://freeaccuratecalculator.com/countries/singapore/sports/",true,Yes,false,"Singapore Sports Calculators — Free Online Tools (S$) | Free Accurate Calculator","Accurate Singapore sports calculators customized with SGD (S$) currency; statutory formulas; and instant edge calculation. 100% free and private.","Singapore Sports Calculators. Fast; Accurate &amp; Clean.","en","singapore","country-hub","","WebPage+Breadcrumbs",644,"Low","Low","P2"
"https://freeaccuratecalculator.com/countries/singapore/statistics/",200,true,false,"INDEX,FOLLOW","https://freeaccuratecalculator.com/countries/singapore/statistics/",true,Yes,false,"Singapore Statistics Calculators — Free Online Tools (S$) | Free Accurate Calculator","Accurate Singapore statistics calculators customized with SGD (S$) currency; statutory formulas; and instant edge calculation. 100% free and private.","Singapore Statistics Calculators. Fast; Accurate &amp; Free.","en","singapore","country-hub","","WebPage+Breadcrumbs",632,"Low","Low","P2"
"https://freeaccuratecalculator.com/countries/singapore/technology/",200,true,false,"INDEX,FOLLOW","https://freeaccuratecalculator.com/countries/singapore/technology/",true,Yes,false,"Singapore Technology Calculators — Free Online Tools (S$) | Free Accurate Calculator","Accurate Singapore technology calculators customized with SGD (S$) currency; statutory formulas; and instant edge calculation. 100% free and private.","Singapore Technology Calculators. Fast; Accurate &amp; Free.","en","singapore","country-hub","","WebPage+Breadcrumbs",627,"Low","Low","P2"
"https://freeaccuratecalculator.com/countries/south-africa/automotive/",200,true,false,"INDEX,FOLLOW","https://freeaccuratecalculator.com/countries/south-africa/automotive/",true,Yes,false,"South Africa Automotive Calculators — Free Online Tools (R) | Free Accurate Calculator","Accurate South Africa automotive calculators customized with ZAR (R) currency; statutory formulas; and instant edge calculation. 100% free and private.","South Africa Automotive Calculators. Fast; Accurate &amp; Clean.","en","south-africa","country-hub","","WebPage+Breadcrumbs",814,"Low","Low","P2"
"https://freeaccuratecalculator.com/countries/south-africa/biology/",200,true,false,"INDEX,FOLLOW","https://freeaccuratecalculator.com/countries/south-africa/biology/",true,Yes,false,"South Africa Biology Calculators — Free Online Tools (R) | Free Accurate Calculator","Accurate South Africa biology calculators customized with ZAR (R) currency; statutory formulas; and instant edge calculation. 100% free and private.","South Africa Biology Calculators. Fast; Accurate &amp; Free.","en","south-africa","country-hub","","WebPage+Breadcrumbs",806,"Low","Low","P2"
"https://freeaccuratecalculator.com/countries/south-africa/business/",200,true,false,"INDEX,FOLLOW","https://freeaccuratecalculator.com/countries/south-africa/business/",true,Yes,false,"South Africa Business Calculators — Free Online Tools (R) | Free Accurate Calculator","Accurate South Africa business calculators customized with ZAR (R) currency; statutory formulas; and instant edge calculation. 100% free and private.","South Africa Business Calculators. Fast; Accurate &amp; Clean.","en","south-africa","country-hub","","WebPage+Breadcrumbs",809,"Low","Low","P2"
"https://freeaccuratecalculator.com/countries/south-africa/chemistry/",200,true,false,"INDEX,FOLLOW","https://freeaccuratecalculator.com/countries/south-africa/chemistry/",true,Yes,false,"South Africa Chemistry Calculators — Free Online Tools (R) | Free Accurate Calculator","Accurate South Africa chemistry calculators customized with ZAR (R) currency; statutory formulas; and instant edge calculation. 100% free and private.","South Africa Chemistry Calculators. Fast; Accurate &amp; Free.","en","south-africa","country-hub","","WebPage+Breadcrumbs",815,"Low","Moderate (Intent Segmented)","P2"
"https://freeaccuratecalculator.com/countries/south-africa/construction/",200,true,false,"INDEX,FOLLOW","https://freeaccuratecalculator.com/countries/south-africa/construction/",true,Yes,false,"South Africa Construction Calculators — Free Online Tools (R) | Free Accurate Calculator","Accurate South Africa construction calculators customized with ZAR (R) currency; statutory formulas; and instant edge calculation. 100% free and private.","South Africa Construction Calculators. Fast; Accurate &amp; Free.","en","south-africa","country-hub","","WebPage+Breadcrumbs",817,"Low","Low","P2"
"https://freeaccuratecalculator.com/countries/south-africa/converter/",200,true,false,"INDEX,FOLLOW","https://freeaccuratecalculator.com/countries/south-africa/converter/",true,Yes,false,"South Africa Converter Calculators — Free Online Tools (R) | Free Accurate Calculator","Accurate South Africa converter calculators customized with ZAR (R) currency; statutory formulas; and instant edge calculation. 100% free and private.","South Africa Converter Calculators. Fast; Accurate &amp; Free.","en","south-africa","country-hub","","WebPage+Breadcrumbs",812,"Low","Low","P2"
"https://freeaccuratecalculator.com/countries/south-africa/ecology/",200,true,false,"INDEX,FOLLOW","https://freeaccuratecalculator.com/countries/south-africa/ecology/",true,Yes,false,"South Africa Ecology Calculators — Free Online Tools (R) | Free Accurate Calculator","Accurate South Africa ecology calculators customized with ZAR (R) currency; statutory formulas; and instant edge calculation. 100% free and private.","South Africa Ecology Calculators. Fast; Accurate &amp; Free.","en","south-africa","country-hub","","WebPage+Breadcrumbs",821,"Low","Low","P2"
"https://freeaccuratecalculator.com/countries/south-africa/emi-calculator/",200,true,false,"INDEX,FOLLOW","https://freeaccuratecalculator.com/countries/south-africa/emi-calculator/",true,Yes,false,"South Africa Loan Calculator (R) — Free Online Calculator | Free Accurate Calculator","Accurate South Africa Loan Calculator with ZAR (R) formatting and standard numerical precision. Free; instant client-side calculation.","South Africa Loan Calculator","en","south-africa","country-hub","emi-calculator","SoftwareApplication+Breadcrumbs",746,"Low-Moderate (Localized Params)","Moderate (Intent Segmented)","P2"
"https://freeaccuratecalculator.com/countries/south-africa/everyday/",200,true,false,"INDEX,FOLLOW","https://freeaccuratecalculator.com/countries/south-africa/everyday/",true,Yes,false,"South Africa Everyday Calculators — Free Online Tools (R) | Free Accurate Calculator","Accurate South Africa everyday calculators customized with ZAR (R) currency; statutory formulas; and instant edge calculation. 100% free and private.","South Africa Everyday Calculators. Fast; Accurate &amp; Clean.","en","south-africa","country-hub","","WebPage+Breadcrumbs",835,"Low","Low","P2"
"https://freeaccuratecalculator.com/countries/south-africa/finance/emi-calculator/",200,true,false,"INDEX,FOLLOW","https://freeaccuratecalculator.com/countries/south-africa/finance/emi-calculator/",true,Yes,false,"South Africa Loan Calculator (R) — Free Online Calculator | Free Accurate Calculator","Accurate South Africa Loan Calculator with ZAR (R) formatting and standard numerical precision. Free; instant client-side calculation.","South Africa Loan Calculator","en","south-africa","finance","emi-calculator","SoftwareApplication+Breadcrumbs",746,"Low-Moderate (Localized Params)","Moderate (Intent Segmented)","P2"
"https://freeaccuratecalculator.com/countries/south-africa/finance/income-tax-calculator/",200,true,false,"INDEX,FOLLOW","https://freeaccuratecalculator.com/countries/south-africa/finance/income-tax-calculator/",true,Yes,false,"South Africa Salary Calculator (R) — Free Online Calculator | Free Accurate Calculator","Accurate South Africa Salary Calculator with ZAR (R) formatting and standard numerical precision. Free; instant client-side calculation.","South Africa Salary Calculator","en","south-africa","finance","income-tax-calculator","SoftwareApplication+Breadcrumbs",709,"Low-Moderate (Localized Params)","Low","P2"
"https://freeaccuratecalculator.com/countries/south-africa/finance/",200,true,false,"INDEX,FOLLOW","https://freeaccuratecalculator.com/countries/south-africa/finance/",true,Yes,false,"South Africa Finance Calculators — Free Online Tools (R) | Free Accurate Calculator","Accurate South Africa finance calculators customized with ZAR (R) currency; statutory formulas; and instant edge calculation. 100% free and private.","South Africa Finance Calculators. Fast; Accurate &amp; Clean.","en","south-africa","country-hub","","WebPage+Breadcrumbs",1011,"Low","Low","P2"
"https://freeaccuratecalculator.com/countries/south-africa/finance/loan-calculator/",200,true,false,"INDEX,FOLLOW","https://freeaccuratecalculator.com/countries/south-africa/finance/loan-calculator/",true,Yes,false,"South Africa Loan Calculator (R) — Free Online Calculator | Free Accurate Calculator","Accurate South Africa Loan Calculator with ZAR (R) formatting and standard numerical precision. Free; instant client-side calculation.","South Africa Loan Calculator","en","south-africa","finance","loan-calculator","SoftwareApplication+Breadcrumbs",746,"Low-Moderate (Localized Params)","Low","P2"
"https://freeaccuratecalculator.com/countries/south-africa/finance/mortgage-calculator/",200,true,false,"INDEX,FOLLOW","https://freeaccuratecalculator.com/countries/south-africa/finance/mortgage-calculator/",true,Yes,false,"South Africa Mortgage Calculator (R) — Free Online Calculator | Free Accurate Calculator","Accurate South Africa Mortgage Calculator with ZAR (R) formatting and standard numerical precision. Free; instant client-side calculation.","South Africa Mortgage Calculator","en","south-africa","finance","mortgage-calculator","SoftwareApplication+Breadcrumbs",844,"Low-Moderate (Localized Params)","Low","P2"
"https://freeaccuratecalculator.com/countries/south-africa/finance/salary-calculator/",200,true,false,"INDEX,FOLLOW","https://freeaccuratecalculator.com/countries/south-africa/finance/salary-calculator/",true,Yes,false,"South Africa Salary Calculator (R) — Free Online Calculator | Free Accurate Calculator","Accurate South Africa Salary Calculator with ZAR (R) formatting and standard numerical precision. Free; instant client-side calculation.","South Africa Salary Calculator","en","south-africa","finance","salary-calculator","SoftwareApplication+Breadcrumbs",709,"Low-Moderate (Localized Params)","Low","P2"
"https://freeaccuratecalculator.com/countries/south-africa/food/",200,true,false,"INDEX,FOLLOW","https://freeaccuratecalculator.com/countries/south-africa/food/",true,Yes,false,"South Africa Food Calculators — Free Online Tools (R) | Free Accurate Calculator","Accurate South Africa food calculators customized with ZAR (R) currency; statutory formulas; and instant edge calculation. 100% free and private.","South Africa Food Calculators. Fast; Accurate &amp; Free.","en","south-africa","country-hub","","WebPage+Breadcrumbs",825,"Low","Low","P2"
"https://freeaccuratecalculator.com/countries/south-africa/health/",200,true,false,"INDEX,FOLLOW","https://freeaccuratecalculator.com/countries/south-africa/health/",true,Yes,false,"South Africa Health Calculators — Free Online Tools (R) | Free Accurate Calculator","Accurate South Africa health calculators customized with ZAR (R) currency; statutory formulas; and instant edge calculation. 100% free and private.","South Africa Health Calculators. Fast; Accurate &amp; Private.","en","south-africa","country-hub","","WebPage+Breadcrumbs",838,"Low","Low","P2"
"https://freeaccuratecalculator.com/countries/south-africa/income-tax-calculator/",200,true,false,"INDEX,FOLLOW","https://freeaccuratecalculator.com/countries/south-africa/income-tax-calculator/",true,Yes,false,"South Africa Salary Calculator (R) — Free Online Calculator | Free Accurate Calculator","Accurate South Africa Salary Calculator with ZAR (R) formatting and standard numerical precision. Free; instant client-side calculation.","South Africa Salary Calculator","en","south-africa","country-hub","income-tax-calculator","SoftwareApplication+Breadcrumbs",709,"Low-Moderate (Localized Params)","Low","P2"
"https://freeaccuratecalculator.com/countries/south-africa/",200,true,false,"INDEX,FOLLOW","https://freeaccuratecalculator.com/countries/south-africa/",true,Yes,false,"South Africa Calculators — Free Online Finance; Tax &amp; Utility Tools (R) | Free Accurate Calculator","Mathematically verified online calculators for South Africa. Customized with ZAR (R) currency; standard grouping; and statutory financial rules.","South Africa Calculators. Fast; Accurate &amp; Clean.","en","south-africa","countries","","WebPage+Breadcrumbs",785,"Low","Low","P2"
"https://freeaccuratecalculator.com/countries/south-africa/insurance/",200,true,false,"INDEX,FOLLOW","https://freeaccuratecalculator.com/countries/south-africa/insurance/",true,Yes,false,"South Africa Insurance Calculators — Free Online Tools (R) | Free Accurate Calculator","Accurate South Africa insurance calculators customized with ZAR (R) currency; statutory formulas; and instant edge calculation. 100% free and private.","South Africa Insurance Calculators. Fast; Accurate &amp; Clean.","en","south-africa","country-hub","","WebPage+Breadcrumbs",887,"Low","Low","P2"
"https://freeaccuratecalculator.com/countries/south-africa/legal/",200,true,false,"INDEX,FOLLOW","https://freeaccuratecalculator.com/countries/south-africa/legal/",true,Yes,false,"South Africa Legal Calculators — Free Online Tools (R) | Free Accurate Calculator","Accurate South Africa legal calculators customized with ZAR (R) currency; statutory formulas; and instant edge calculation. 100% free and private.","South Africa Legal Calculators. Fast; Accurate &amp; Private.","en","south-africa","country-hub","","WebPage+Breadcrumbs",821,"Low","Low","P2"
"https://freeaccuratecalculator.com/countries/south-africa/loan-calculator/",200,true,false,"INDEX,FOLLOW","https://freeaccuratecalculator.com/countries/south-africa/loan-calculator/",true,Yes,false,"South Africa Loan Calculator (R) — Free Online Calculator | Free Accurate Calculator","Accurate South Africa Loan Calculator with ZAR (R) formatting and standard numerical precision. Free; instant client-side calculation.","South Africa Loan Calculator","en","south-africa","country-hub","loan-calculator","SoftwareApplication+Breadcrumbs",746,"Low-Moderate (Localized Params)","Low","P2"
"https://freeaccuratecalculator.com/countries/south-africa/love/",200,true,false,"INDEX,FOLLOW","https://freeaccuratecalculator.com/countries/south-africa/love/",true,Yes,false,"South Africa Love Calculators — Free Online Tools (R) | Free Accurate Calculator","Accurate South Africa love calculators customized with ZAR (R) currency; statutory formulas; and instant edge calculation. 100% free and private.","South Africa Love Calculators. Compatibility &amp; Connection.","en","south-africa","country-hub","","WebPage+Breadcrumbs",818,"Low","Low","P2"
"https://freeaccuratecalculator.com/countries/south-africa/marketing/",200,true,false,"INDEX,FOLLOW","https://freeaccuratecalculator.com/countries/south-africa/marketing/",true,Yes,false,"South Africa Marketing Calculators — Free Online Tools (R) | Free Accurate Calculator","Accurate South Africa marketing calculators customized with ZAR (R) currency; statutory formulas; and instant edge calculation. 100% free and private.","South Africa Marketing Calculators. Fast; Accurate &amp; Clean.","en","south-africa","country-hub","","WebPage+Breadcrumbs",811,"Low","Low","P2"
"https://freeaccuratecalculator.com/countries/south-africa/math/",200,true,false,"INDEX,FOLLOW","https://freeaccuratecalculator.com/countries/south-africa/math/",true,Yes,false,"South Africa Math Calculators — Free Online Tools (R) | Free Accurate Calculator","Accurate South Africa math calculators customized with ZAR (R) currency; statutory formulas; and instant edge calculation. 100% free and private.","South Africa Math Calculators. Fast; Accurate &amp; Free.","en","south-africa","country-hub","","WebPage+Breadcrumbs",804,"Low","Low","P2"
"https://freeaccuratecalculator.com/countries/south-africa/mortgage-calculator/",200,true,false,"INDEX,FOLLOW","https://freeaccuratecalculator.com/countries/south-africa/mortgage-calculator/",true,Yes,false,"South Africa Mortgage Calculator (R) — Free Online Calculator | Free Accurate Calculator","Accurate South Africa Mortgage Calculator with ZAR (R) formatting and standard numerical precision. Free; instant client-side calculation.","South Africa Mortgage Calculator","en","south-africa","country-hub","mortgage-calculator","SoftwareApplication+Breadcrumbs",844,"Low-Moderate (Localized Params)","Low","P2"
"https://freeaccuratecalculator.com/countries/south-africa/physics/",200,true,false,"INDEX,FOLLOW","https://freeaccuratecalculator.com/countries/south-africa/physics/",true,Yes,false,"South Africa Physics Calculators — Free Online Tools (R) | Free Accurate Calculator","Accurate South Africa physics calculators customized with ZAR (R) currency; statutory formulas; and instant edge calculation. 100% free and private.","South Africa Physics Calculators. Fast; Accurate &amp; Clean.","en","south-africa","country-hub","","WebPage+Breadcrumbs",811,"Low","Low","P2"
"https://freeaccuratecalculator.com/countries/south-africa/real-estate/",200,true,false,"INDEX,FOLLOW","https://freeaccuratecalculator.com/countries/south-africa/real-estate/",true,Yes,false,"South Africa Real Estate Calculators — Free Online Tools (R) | Free Accurate Calculator","Accurate South Africa real estate calculators customized with ZAR (R) currency; statutory formulas; and instant edge calculation. 100% free and private.","South Africa Real Estate Calculators. Fast; Accurate &amp; Clean.","en","south-africa","country-hub","","WebPage+Breadcrumbs",827,"Low","Low","P2"
"https://freeaccuratecalculator.com/countries/south-africa/salary-calculator/",200,true,false,"INDEX,FOLLOW","https://freeaccuratecalculator.com/countries/south-africa/salary-calculator/",true,Yes,false,"South Africa Salary Calculator (R) — Free Online Calculator | Free Accurate Calculator","Accurate South Africa Salary Calculator with ZAR (R) formatting and standard numerical precision. Free; instant client-side calculation.","South Africa Salary Calculator","en","south-africa","country-hub","salary-calculator","SoftwareApplication+Breadcrumbs",709,"Low-Moderate (Localized Params)","Low","P2"
"https://freeaccuratecalculator.com/countries/south-africa/sports/",200,true,false,"INDEX,FOLLOW","https://freeaccuratecalculator.com/countries/south-africa/sports/",true,Yes,false,"South Africa Sports Calculators — Free Online Tools (R) | Free Accurate Calculator","Accurate South Africa sports calculators customized with ZAR (R) currency; statutory formulas; and instant edge calculation. 100% free and private.","South Africa Sports Calculators. Fast; Accurate &amp; Clean.","en","south-africa","country-hub","","WebPage+Breadcrumbs",825,"Low","Low","P2"
"https://freeaccuratecalculator.com/countries/south-africa/statistics/",200,true,false,"INDEX,FOLLOW","https://freeaccuratecalculator.com/countries/south-africa/statistics/",true,Yes,false,"South Africa Statistics Calculators — Free Online Tools (R) | Free Accurate Calculator","Accurate South Africa statistics calculators customized with ZAR (R) currency; statutory formulas; and instant edge calculation. 100% free and private.","South Africa Statistics Calculators. Fast; Accurate &amp; Free.","en","south-africa","country-hub","","WebPage+Breadcrumbs",813,"Low","Low","P2"
"https://freeaccuratecalculator.com/countries/south-africa/technology/",200,true,false,"INDEX,FOLLOW","https://freeaccuratecalculator.com/countries/south-africa/technology/",true,Yes,false,"South Africa Technology Calculators — Free Online Tools (R) | Free Accurate Calculator","Accurate South Africa technology calculators customized with ZAR (R) currency; statutory formulas; and instant edge calculation. 100% free and private.","South Africa Technology Calculators. Fast; Accurate &amp; Free.","en","south-africa","country-hub","","WebPage+Breadcrumbs",808,"Low","Low","P2"
"https://freeaccuratecalculator.com/countries/spain/automotive/",200,true,false,"INDEX,FOLLOW","https://freeaccuratecalculator.com/countries/spain/automotive/",true,Yes,false,"Spain Automotive Calculators — Free Online Tools (€) | Free Accurate Calculator","Accurate Spain automotive calculators customized with EUR (€) currency; statutory formulas; and instant edge calculation. 100% free and private.","Spain Automotive Calculators. Fast; Accurate &amp; Clean.","en","spain","country-hub","","WebPage+Breadcrumbs",797,"Low","Low","P2"
"https://freeaccuratecalculator.com/countries/spain/biology/",200,true,false,"INDEX,FOLLOW","https://freeaccuratecalculator.com/countries/spain/biology/",true,Yes,false,"Spain Biology Calculators — Free Online Tools (€) | Free Accurate Calculator","Accurate Spain biology calculators customized with EUR (€) currency; statutory formulas; and instant edge calculation. 100% free and private.","Spain Biology Calculators. Fast; Accurate &amp; Free.","en","spain","country-hub","","WebPage+Breadcrumbs",789,"Low","Low","P2"
"https://freeaccuratecalculator.com/countries/spain/business/",200,true,false,"INDEX,FOLLOW","https://freeaccuratecalculator.com/countries/spain/business/",true,Yes,false,"Spain Business Calculators — Free Online Tools (€) | Free Accurate Calculator","Accurate Spain business calculators customized with EUR (€) currency; statutory formulas; and instant edge calculation. 100% free and private.","Spain Business Calculators. Fast; Accurate &amp; Clean.","en","spain","country-hub","","WebPage+Breadcrumbs",792,"Low","Low","P2"
"https://freeaccuratecalculator.com/countries/spain/chemistry/",200,true,false,"INDEX,FOLLOW","https://freeaccuratecalculator.com/countries/spain/chemistry/",true,Yes,false,"Spain Chemistry Calculators — Free Online Tools (€) | Free Accurate Calculator","Accurate Spain chemistry calculators customized with EUR (€) currency; statutory formulas; and instant edge calculation. 100% free and private.","Spain Chemistry Calculators. Fast; Accurate &amp; Free.","en","spain","country-hub","","WebPage+Breadcrumbs",798,"Low","Moderate (Intent Segmented)","P2"
"https://freeaccuratecalculator.com/countries/spain/compound-interest-calculator/",200,true,false,"INDEX,FOLLOW","https://freeaccuratecalculator.com/countries/spain/compound-interest-calculator/",true,Yes,false,"Spain Compound Interest Calculator (€) — Free Online Calculator | Free Accurate Calculator","Accurate Spain Compound Interest Calculator with EUR (€) formatting and standard numerical precision. Free; instant client-side calculation.","Spain Compound Interest Calculator","en","spain","country-hub","compound-interest-calculator","SoftwareApplication+Breadcrumbs",805,"Low-Moderate (Localized Params)","Low","P2"
"https://freeaccuratecalculator.com/countries/spain/construction/",200,true,false,"INDEX,FOLLOW","https://freeaccuratecalculator.com/countries/spain/construction/",true,Yes,false,"Spain Construction Calculators — Free Online Tools (€) | Free Accurate Calculator","Accurate Spain construction calculators customized with EUR (€) currency; statutory formulas; and instant edge calculation. 100% free and private.","Spain Construction Calculators. Fast; Accurate &amp; Free.","en","spain","country-hub","","WebPage+Breadcrumbs",800,"Low","Low","P2"
"https://freeaccuratecalculator.com/countries/spain/converter/",200,true,false,"INDEX,FOLLOW","https://freeaccuratecalculator.com/countries/spain/converter/",true,Yes,false,"Spain Converter Calculators — Free Online Tools (€) | Free Accurate Calculator","Accurate Spain converter calculators customized with EUR (€) currency; statutory formulas; and instant edge calculation. 100% free and private.","Spain Converter Calculators. Fast; Accurate &amp; Free.","en","spain","country-hub","","WebPage+Breadcrumbs",795,"Low","Low","P2"
"https://freeaccuratecalculator.com/countries/spain/ecology/",200,true,false,"INDEX,FOLLOW","https://freeaccuratecalculator.com/countries/spain/ecology/",true,Yes,false,"Spain Ecology Calculators — Free Online Tools (€) | Free Accurate Calculator","Accurate Spain ecology calculators customized with EUR (€) currency; statutory formulas; and instant edge calculation. 100% free and private.","Spain Ecology Calculators. Fast; Accurate &amp; Free.","en","spain","country-hub","","WebPage+Breadcrumbs",804,"Low","Low","P2"
"https://freeaccuratecalculator.com/countries/spain/everyday/",200,true,false,"INDEX,FOLLOW","https://freeaccuratecalculator.com/countries/spain/everyday/",true,Yes,false,"Spain Everyday Calculators — Free Online Tools (€) | Free Accurate Calculator","Accurate Spain everyday calculators customized with EUR (€) currency; statutory formulas; and instant edge calculation. 100% free and private.","Spain Everyday Calculators. Fast; Accurate &amp; Clean.","en","spain","country-hub","","WebPage+Breadcrumbs",817,"Low","Low","P2"
"https://freeaccuratecalculator.com/countries/spain/finance/compound-interest-calculator/",200,true,false,"INDEX,FOLLOW","https://freeaccuratecalculator.com/countries/spain/finance/compound-interest-calculator/",true,Yes,false,"Spain Compound Interest Calculator (€) — Free Online Calculator | Free Accurate Calculator","Accurate Spain Compound Interest Calculator with EUR (€) formatting and standard numerical precision. Free; instant client-side calculation.","Spain Compound Interest Calculator","en","spain","finance","compound-interest-calculator","SoftwareApplication+Breadcrumbs",805,"Low-Moderate (Localized Params)","Low","P2"
"https://freeaccuratecalculator.com/countries/spain/finance/income-tax-calculator/",200,true,false,"INDEX,FOLLOW","https://freeaccuratecalculator.com/countries/spain/finance/income-tax-calculator/",true,Yes,false,"Spain Salary Calculator (€) — Free Online Calculator | Free Accurate Calculator","Accurate Spain Salary Calculator with EUR (€) formatting and standard numerical precision. Free; instant client-side calculation.","Spain Salary Calculator","en","spain","finance","income-tax-calculator","SoftwareApplication+Breadcrumbs",696,"Low-Moderate (Localized Params)","Low","P2"
"https://freeaccuratecalculator.com/countries/spain/finance/",200,true,false,"INDEX,FOLLOW","https://freeaccuratecalculator.com/countries/spain/finance/",true,Yes,false,"Spain Finance Calculators — Free Online Tools (€) | Free Accurate Calculator","Accurate Spain finance calculators customized with EUR (€) currency; statutory formulas; and instant edge calculation. 100% free and private.","Spain Finance Calculators. Fast; Accurate &amp; Clean.","en","spain","country-hub","","WebPage+Breadcrumbs",993,"Low","Low","P2"
"https://freeaccuratecalculator.com/countries/spain/finance/mortgage-calculator/",200,true,false,"INDEX,FOLLOW","https://freeaccuratecalculator.com/countries/spain/finance/mortgage-calculator/",true,Yes,false,"Spain Mortgage Calculator (€) — Free Online Calculator | Free Accurate Calculator","Accurate Spain Mortgage Calculator with EUR (€) formatting and standard numerical precision. Free; instant client-side calculation.","Spain Mortgage Calculator","en","spain","finance","mortgage-calculator","SoftwareApplication+Breadcrumbs",831,"Low-Moderate (Localized Params)","Low","P2"
"https://freeaccuratecalculator.com/countries/spain/finance/salary-calculator/",200,true,false,"INDEX,FOLLOW","https://freeaccuratecalculator.com/countries/spain/finance/salary-calculator/",true,Yes,false,"Spain Salary Calculator (€) — Free Online Calculator | Free Accurate Calculator","Accurate Spain Salary Calculator with EUR (€) formatting and standard numerical precision. Free; instant client-side calculation.","Spain Salary Calculator","en","spain","finance","salary-calculator","SoftwareApplication+Breadcrumbs",696,"Low-Moderate (Localized Params)","Low","P2"
"https://freeaccuratecalculator.com/countries/spain/food/",200,true,false,"INDEX,FOLLOW","https://freeaccuratecalculator.com/countries/spain/food/",true,Yes,false,"Spain Food Calculators — Free Online Tools (€) | Free Accurate Calculator","Accurate Spain food calculators customized with EUR (€) currency; statutory formulas; and instant edge calculation. 100% free and private.","Spain Food Calculators. Fast; Accurate &amp; Free.","en","spain","country-hub","","WebPage+Breadcrumbs",808,"Low","Low","P2"
"https://freeaccuratecalculator.com/countries/spain/health/",200,true,false,"INDEX,FOLLOW","https://freeaccuratecalculator.com/countries/spain/health/",true,Yes,false,"Spain Health Calculators — Free Online Tools (€) | Free Accurate Calculator","Accurate Spain health calculators customized with EUR (€) currency; statutory formulas; and instant edge calculation. 100% free and private.","Spain Health Calculators. Fast; Accurate &amp; Private.","en","spain","country-hub","","WebPage+Breadcrumbs",821,"Low","Low","P2"
"https://freeaccuratecalculator.com/countries/spain/income-tax-calculator/",200,true,false,"INDEX,FOLLOW","https://freeaccuratecalculator.com/countries/spain/income-tax-calculator/",true,Yes,false,"Spain Salary Calculator (€) — Free Online Calculator | Free Accurate Calculator","Accurate Spain Salary Calculator with EUR (€) formatting and standard numerical precision. Free; instant client-side calculation.","Spain Salary Calculator","en","spain","country-hub","income-tax-calculator","SoftwareApplication+Breadcrumbs",696,"Low-Moderate (Localized Params)","Low","P2"
"https://freeaccuratecalculator.com/countries/spain/",200,true,false,"INDEX,FOLLOW","https://freeaccuratecalculator.com/countries/spain/",true,Yes,false,"Spain Calculators — Free Online Finance; Tax &amp; Utility Tools (€) | Free Accurate Calculator","Mathematically verified online calculators for Spain. Customized with EUR (€) currency; standard grouping; and statutory financial rules.","Spain Calculators. Fast; Accurate &amp; Clean.","en","spain","countries","","WebPage+Breadcrumbs",772,"Low","Low","P2"
"https://freeaccuratecalculator.com/countries/spain/insurance/",200,true,false,"INDEX,FOLLOW","https://freeaccuratecalculator.com/countries/spain/insurance/",true,Yes,false,"Spain Insurance Calculators — Free Online Tools (€) | Free Accurate Calculator","Accurate Spain insurance calculators customized with EUR (€) currency; statutory formulas; and instant edge calculation. 100% free and private.","Spain Insurance Calculators. Fast; Accurate &amp; Clean.","en","spain","country-hub","","WebPage+Breadcrumbs",869,"Low","Low","P2"
"https://freeaccuratecalculator.com/countries/spain/legal/",200,true,false,"INDEX,FOLLOW","https://freeaccuratecalculator.com/countries/spain/legal/",true,Yes,false,"Spain Legal Calculators — Free Online Tools (€) | Free Accurate Calculator","Accurate Spain legal calculators customized with EUR (€) currency; statutory formulas; and instant edge calculation. 100% free and private.","Spain Legal Calculators. Fast; Accurate &amp; Private.","en","spain","country-hub","","WebPage+Breadcrumbs",804,"Low","Low","P2"
"https://freeaccuratecalculator.com/countries/spain/love/",200,true,false,"INDEX,FOLLOW","https://freeaccuratecalculator.com/countries/spain/love/",true,Yes,false,"Spain Love Calculators — Free Online Tools (€) | Free Accurate Calculator","Accurate Spain love calculators customized with EUR (€) currency; statutory formulas; and instant edge calculation. 100% free and private.","Spain Love Calculators. Compatibility &amp; Connection.","en","spain","country-hub","","WebPage+Breadcrumbs",801,"Low","Low","P2"
"https://freeaccuratecalculator.com/countries/spain/marketing/",200,true,false,"INDEX,FOLLOW","https://freeaccuratecalculator.com/countries/spain/marketing/",true,Yes,false,"Spain Marketing Calculators — Free Online Tools (€) | Free Accurate Calculator","Accurate Spain marketing calculators customized with EUR (€) currency; statutory formulas; and instant edge calculation. 100% free and private.","Spain Marketing Calculators. Fast; Accurate &amp; Clean.","en","spain","country-hub","","WebPage+Breadcrumbs",794,"Low","Low","P2"
"https://freeaccuratecalculator.com/countries/spain/math/",200,true,false,"INDEX,FOLLOW","https://freeaccuratecalculator.com/countries/spain/math/",true,Yes,false,"Spain Math Calculators — Free Online Tools (€) | Free Accurate Calculator","Accurate Spain math calculators customized with EUR (€) currency; statutory formulas; and instant edge calculation. 100% free and private.","Spain Math Calculators. Fast; Accurate &amp; Free.","en","spain","country-hub","","WebPage+Breadcrumbs",787,"Low","Low","P2"
"https://freeaccuratecalculator.com/countries/spain/mortgage-calculator/",200,true,false,"INDEX,FOLLOW","https://freeaccuratecalculator.com/countries/spain/mortgage-calculator/",true,Yes,false,"Spain Mortgage Calculator (€) — Free Online Calculator | Free Accurate Calculator","Accurate Spain Mortgage Calculator with EUR (€) formatting and standard numerical precision. Free; instant client-side calculation.","Spain Mortgage Calculator","en","spain","country-hub","mortgage-calculator","SoftwareApplication+Breadcrumbs",831,"Low-Moderate (Localized Params)","Low","P2"
"https://freeaccuratecalculator.com/countries/spain/physics/",200,true,false,"INDEX,FOLLOW","https://freeaccuratecalculator.com/countries/spain/physics/",true,Yes,false,"Spain Physics Calculators — Free Online Tools (€) | Free Accurate Calculator","Accurate Spain physics calculators customized with EUR (€) currency; statutory formulas; and instant edge calculation. 100% free and private.","Spain Physics Calculators. Fast; Accurate &amp; Clean.","en","spain","country-hub","","WebPage+Breadcrumbs",794,"Low","Low","P2"
"https://freeaccuratecalculator.com/countries/spain/real-estate/",200,true,false,"INDEX,FOLLOW","https://freeaccuratecalculator.com/countries/spain/real-estate/",true,Yes,false,"Spain Real Estate Calculators — Free Online Tools (€) | Free Accurate Calculator","Accurate Spain real estate calculators customized with EUR (€) currency; statutory formulas; and instant edge calculation. 100% free and private.","Spain Real Estate Calculators. Fast; Accurate &amp; Clean.","en","spain","country-hub","","WebPage+Breadcrumbs",810,"Low","Low","P2"
"https://freeaccuratecalculator.com/countries/spain/salary-calculator/",200,true,false,"INDEX,FOLLOW","https://freeaccuratecalculator.com/countries/spain/salary-calculator/",true,Yes,false,"Spain Salary Calculator (€) — Free Online Calculator | Free Accurate Calculator","Accurate Spain Salary Calculator with EUR (€) formatting and standard numerical precision. Free; instant client-side calculation.","Spain Salary Calculator","en","spain","country-hub","salary-calculator","SoftwareApplication+Breadcrumbs",696,"Low-Moderate (Localized Params)","Low","P2"
"https://freeaccuratecalculator.com/countries/spain/sports/",200,true,false,"INDEX,FOLLOW","https://freeaccuratecalculator.com/countries/spain/sports/",true,Yes,false,"Spain Sports Calculators — Free Online Tools (€) | Free Accurate Calculator","Accurate Spain sports calculators customized with EUR (€) currency; statutory formulas; and instant edge calculation. 100% free and private.","Spain Sports Calculators. Fast; Accurate &amp; Clean.","en","spain","country-hub","","WebPage+Breadcrumbs",808,"Low","Low","P2"
"https://freeaccuratecalculator.com/countries/spain/statistics/",200,true,false,"INDEX,FOLLOW","https://freeaccuratecalculator.com/countries/spain/statistics/",true,Yes,false,"Spain Statistics Calculators — Free Online Tools (€) | Free Accurate Calculator","Accurate Spain statistics calculators customized with EUR (€) currency; statutory formulas; and instant edge calculation. 100% free and private.","Spain Statistics Calculators. Fast; Accurate &amp; Free.","en","spain","country-hub","","WebPage+Breadcrumbs",796,"Low","Low","P2"
"https://freeaccuratecalculator.com/countries/spain/technology/",200,true,false,"INDEX,FOLLOW","https://freeaccuratecalculator.com/countries/spain/technology/",true,Yes,false,"Spain Technology Calculators — Free Online Tools (€) | Free Accurate Calculator","Accurate Spain technology calculators customized with EUR (€) currency; statutory formulas; and instant edge calculation. 100% free and private.","Spain Technology Calculators. Fast; Accurate &amp; Free.","en","spain","country-hub","","WebPage+Breadcrumbs",791,"Low","Low","P2"
"https://freeaccuratecalculator.com/countries/switzerland/automotive/",200,true,false,"INDEX,FOLLOW","https://freeaccuratecalculator.com/countries/switzerland/automotive/",true,Yes,false,"Switzerland Automotive Calculators — Free Online Tools (CHF) | Free Accurate Calculator","Accurate Switzerland automotive calculators customized with CHF (CHF) currency; statutory formulas; and instant edge calculation. 100% free and private.","Switzerland Automotive Calculators. Fast; Accurate &amp; Clean.","en","switzerland","country-hub","","WebPage+Breadcrumbs",797,"Low","Low","P2"
"https://freeaccuratecalculator.com/countries/switzerland/biology/",200,true,false,"INDEX,FOLLOW","https://freeaccuratecalculator.com/countries/switzerland/biology/",true,Yes,false,"Switzerland Biology Calculators — Free Online Tools (CHF) | Free Accurate Calculator","Accurate Switzerland biology calculators customized with CHF (CHF) currency; statutory formulas; and instant edge calculation. 100% free and private.","Switzerland Biology Calculators. Fast; Accurate &amp; Free.","en","switzerland","country-hub","","WebPage+Breadcrumbs",789,"Low","Low","P2"
"https://freeaccuratecalculator.com/countries/switzerland/business/",200,true,false,"INDEX,FOLLOW","https://freeaccuratecalculator.com/countries/switzerland/business/",true,Yes,false,"Switzerland Business Calculators — Free Online Tools (CHF) | Free Accurate Calculator","Accurate Switzerland business calculators customized with CHF (CHF) currency; statutory formulas; and instant edge calculation. 100% free and private.","Switzerland Business Calculators. Fast; Accurate &amp; Clean.","en","switzerland","country-hub","","WebPage+Breadcrumbs",792,"Low","Low","P2"
"https://freeaccuratecalculator.com/countries/switzerland/chemistry/",200,true,false,"INDEX,FOLLOW","https://freeaccuratecalculator.com/countries/switzerland/chemistry/",true,Yes,false,"Switzerland Chemistry Calculators — Free Online Tools (CHF) | Free Accurate Calculator","Accurate Switzerland chemistry calculators customized with CHF (CHF) currency; statutory formulas; and instant edge calculation. 100% free and private.","Switzerland Chemistry Calculators. Fast; Accurate &amp; Free.","en","switzerland","country-hub","","WebPage+Breadcrumbs",798,"Low","Moderate (Intent Segmented)","P2"
"https://freeaccuratecalculator.com/countries/switzerland/compound-interest-calculator/",200,true,false,"INDEX,FOLLOW","https://freeaccuratecalculator.com/countries/switzerland/compound-interest-calculator/",true,Yes,false,"Switzerland Compound Interest Calculator (CHF) — Free Online Calculator | Free Accurate Calculator","Accurate Switzerland Compound Interest Calculator with CHF (CHF) formatting and standard numerical precision. Free; instant client-side calculation.","Switzerland Compound Interest Calculator","en","switzerland","country-hub","compound-interest-calculator","SoftwareApplication+Breadcrumbs",805,"Low-Moderate (Localized Params)","Low","P2"
"https://freeaccuratecalculator.com/countries/switzerland/construction/",200,true,false,"INDEX,FOLLOW","https://freeaccuratecalculator.com/countries/switzerland/construction/",true,Yes,false,"Switzerland Construction Calculators — Free Online Tools (CHF) | Free Accurate Calculator","Accurate Switzerland construction calculators customized with CHF (CHF) currency; statutory formulas; and instant edge calculation. 100% free and private.","Switzerland Construction Calculators. Fast; Accurate &amp; Free.","en","switzerland","country-hub","","WebPage+Breadcrumbs",800,"Low","Low","P2"
"https://freeaccuratecalculator.com/countries/switzerland/converter/",200,true,false,"INDEX,FOLLOW","https://freeaccuratecalculator.com/countries/switzerland/converter/",true,Yes,false,"Switzerland Converter Calculators — Free Online Tools (CHF) | Free Accurate Calculator","Accurate Switzerland converter calculators customized with CHF (CHF) currency; statutory formulas; and instant edge calculation. 100% free and private.","Switzerland Converter Calculators. Fast; Accurate &amp; Free.","en","switzerland","country-hub","","WebPage+Breadcrumbs",795,"Low","Low","P2"
"https://freeaccuratecalculator.com/countries/switzerland/ecology/",200,true,false,"INDEX,FOLLOW","https://freeaccuratecalculator.com/countries/switzerland/ecology/",true,Yes,false,"Switzerland Ecology Calculators — Free Online Tools (CHF) | Free Accurate Calculator","Accurate Switzerland ecology calculators customized with CHF (CHF) currency; statutory formulas; and instant edge calculation. 100% free and private.","Switzerland Ecology Calculators. Fast; Accurate &amp; Free.","en","switzerland","country-hub","","WebPage+Breadcrumbs",804,"Low","Low","P2"
"https://freeaccuratecalculator.com/countries/switzerland/everyday/",200,true,false,"INDEX,FOLLOW","https://freeaccuratecalculator.com/countries/switzerland/everyday/",true,Yes,false,"Switzerland Everyday Calculators — Free Online Tools (CHF) | Free Accurate Calculator","Accurate Switzerland everyday calculators customized with CHF (CHF) currency; statutory formulas; and instant edge calculation. 100% free and private.","Switzerland Everyday Calculators. Fast; Accurate &amp; Clean.","en","switzerland","country-hub","","WebPage+Breadcrumbs",817,"Low","Low","P2"
"https://freeaccuratecalculator.com/countries/switzerland/finance/compound-interest-calculator/",200,true,false,"INDEX,FOLLOW","https://freeaccuratecalculator.com/countries/switzerland/finance/compound-interest-calculator/",true,Yes,false,"Switzerland Compound Interest Calculator (CHF) — Free Online Calculator | Free Accurate Calculator","Accurate Switzerland Compound Interest Calculator with CHF (CHF) formatting and standard numerical precision. Free; instant client-side calculation.","Switzerland Compound Interest Calculator","en","switzerland","finance","compound-interest-calculator","SoftwareApplication+Breadcrumbs",805,"Low-Moderate (Localized Params)","Low","P2"
"https://freeaccuratecalculator.com/countries/switzerland/finance/income-tax-calculator/",200,true,false,"INDEX,FOLLOW","https://freeaccuratecalculator.com/countries/switzerland/finance/income-tax-calculator/",true,Yes,false,"Switzerland Salary Calculator (CHF) — Free Online Calculator | Free Accurate Calculator","Accurate Switzerland Salary Calculator with CHF (CHF) formatting and standard numerical precision. Free; instant client-side calculation.","Switzerland Salary Calculator","en","switzerland","finance","income-tax-calculator","SoftwareApplication+Breadcrumbs",696,"Low-Moderate (Localized Params)","Low","P2"
"https://freeaccuratecalculator.com/countries/switzerland/finance/",200,true,false,"INDEX,FOLLOW","https://freeaccuratecalculator.com/countries/switzerland/finance/",true,Yes,false,"Switzerland Finance Calculators — Free Online Tools (CHF) | Free Accurate Calculator","Accurate Switzerland finance calculators customized with CHF (CHF) currency; statutory formulas; and instant edge calculation. 100% free and private.","Switzerland Finance Calculators. Fast; Accurate &amp; Clean.","en","switzerland","country-hub","","WebPage+Breadcrumbs",993,"Low","Low","P2"
"https://freeaccuratecalculator.com/countries/switzerland/finance/mortgage-calculator/",200,true,false,"INDEX,FOLLOW","https://freeaccuratecalculator.com/countries/switzerland/finance/mortgage-calculator/",true,Yes,false,"Switzerland Mortgage Calculator (CHF) — Free Online Calculator | Free Accurate Calculator","Accurate Switzerland Mortgage Calculator with CHF (CHF) formatting and standard numerical precision. Free; instant client-side calculation.","Switzerland Mortgage Calculator","en","switzerland","finance","mortgage-calculator","SoftwareApplication+Breadcrumbs",831,"Low-Moderate (Localized Params)","Low","P2"
"https://freeaccuratecalculator.com/countries/switzerland/finance/salary-calculator/",200,true,false,"INDEX,FOLLOW","https://freeaccuratecalculator.com/countries/switzerland/finance/salary-calculator/",true,Yes,false,"Switzerland Salary Calculator (CHF) — Free Online Calculator | Free Accurate Calculator","Accurate Switzerland Salary Calculator with CHF (CHF) formatting and standard numerical precision. Free; instant client-side calculation.","Switzerland Salary Calculator","en","switzerland","finance","salary-calculator","SoftwareApplication+Breadcrumbs",696,"Low-Moderate (Localized Params)","Low","P2"
"https://freeaccuratecalculator.com/countries/switzerland/food/",200,true,false,"INDEX,FOLLOW","https://freeaccuratecalculator.com/countries/switzerland/food/",true,Yes,false,"Switzerland Food Calculators — Free Online Tools (CHF) | Free Accurate Calculator","Accurate Switzerland food calculators customized with CHF (CHF) currency; statutory formulas; and instant edge calculation. 100% free and private.","Switzerland Food Calculators. Fast; Accurate &amp; Free.","en","switzerland","country-hub","","WebPage+Breadcrumbs",808,"Low","Low","P2"
"https://freeaccuratecalculator.com/countries/switzerland/health/",200,true,false,"INDEX,FOLLOW","https://freeaccuratecalculator.com/countries/switzerland/health/",true,Yes,false,"Switzerland Health Calculators — Free Online Tools (CHF) | Free Accurate Calculator","Accurate Switzerland health calculators customized with CHF (CHF) currency; statutory formulas; and instant edge calculation. 100% free and private.","Switzerland Health Calculators. Fast; Accurate &amp; Private.","en","switzerland","country-hub","","WebPage+Breadcrumbs",821,"Low","Low","P2"
"https://freeaccuratecalculator.com/countries/switzerland/income-tax-calculator/",200,true,false,"INDEX,FOLLOW","https://freeaccuratecalculator.com/countries/switzerland/income-tax-calculator/",true,Yes,false,"Switzerland Salary Calculator (CHF) — Free Online Calculator | Free Accurate Calculator","Accurate Switzerland Salary Calculator with CHF (CHF) formatting and standard numerical precision. Free; instant client-side calculation.","Switzerland Salary Calculator","en","switzerland","country-hub","income-tax-calculator","SoftwareApplication+Breadcrumbs",696,"Low-Moderate (Localized Params)","Low","P2"
"https://freeaccuratecalculator.com/countries/switzerland/",200,true,false,"INDEX,FOLLOW","https://freeaccuratecalculator.com/countries/switzerland/",true,Yes,false,"Switzerland Calculators — Free Online Finance; Tax &amp; Utility Tools (CHF) | Free Accurate Calculator","Mathematically verified online calculators for Switzerland. Customized with CHF (CHF) currency; standard grouping; and statutory financial rules.","Switzerland Calculators. Fast; Accurate &amp; Clean.","en","switzerland","countries","","WebPage+Breadcrumbs",772,"Low","Low","P2"
"https://freeaccuratecalculator.com/countries/switzerland/insurance/",200,true,false,"INDEX,FOLLOW","https://freeaccuratecalculator.com/countries/switzerland/insurance/",true,Yes,false,"Switzerland Insurance Calculators — Free Online Tools (CHF) | Free Accurate Calculator","Accurate Switzerland insurance calculators customized with CHF (CHF) currency; statutory formulas; and instant edge calculation. 100% free and private.","Switzerland Insurance Calculators. Fast; Accurate &amp; Clean.","en","switzerland","country-hub","","WebPage+Breadcrumbs",869,"Low","Low","P2"
"https://freeaccuratecalculator.com/countries/switzerland/legal/",200,true,false,"INDEX,FOLLOW","https://freeaccuratecalculator.com/countries/switzerland/legal/",true,Yes,false,"Switzerland Legal Calculators — Free Online Tools (CHF) | Free Accurate Calculator","Accurate Switzerland legal calculators customized with CHF (CHF) currency; statutory formulas; and instant edge calculation. 100% free and private.","Switzerland Legal Calculators. Fast; Accurate &amp; Private.","en","switzerland","country-hub","","WebPage+Breadcrumbs",804,"Low","Low","P2"
"https://freeaccuratecalculator.com/countries/switzerland/love/",200,true,false,"INDEX,FOLLOW","https://freeaccuratecalculator.com/countries/switzerland/love/",true,Yes,false,"Switzerland Love Calculators — Free Online Tools (CHF) | Free Accurate Calculator","Accurate Switzerland love calculators customized with CHF (CHF) currency; statutory formulas; and instant edge calculation. 100% free and private.","Switzerland Love Calculators. Compatibility &amp; Connection.","en","switzerland","country-hub","","WebPage+Breadcrumbs",801,"Low","Low","P2"
"https://freeaccuratecalculator.com/countries/switzerland/marketing/",200,true,false,"INDEX,FOLLOW","https://freeaccuratecalculator.com/countries/switzerland/marketing/",true,Yes,false,"Switzerland Marketing Calculators — Free Online Tools (CHF) | Free Accurate Calculator","Accurate Switzerland marketing calculators customized with CHF (CHF) currency; statutory formulas; and instant edge calculation. 100% free and private.","Switzerland Marketing Calculators. Fast; Accurate &amp; Clean.","en","switzerland","country-hub","","WebPage+Breadcrumbs",794,"Low","Low","P2"
"https://freeaccuratecalculator.com/countries/switzerland/math/",200,true,false,"INDEX,FOLLOW","https://freeaccuratecalculator.com/countries/switzerland/math/",true,Yes,false,"Switzerland Math Calculators — Free Online Tools (CHF) | Free Accurate Calculator","Accurate Switzerland math calculators customized with CHF (CHF) currency; statutory formulas; and instant edge calculation. 100% free and private.","Switzerland Math Calculators. Fast; Accurate &amp; Free.","en","switzerland","country-hub","","WebPage+Breadcrumbs",787,"Low","Low","P2"
"https://freeaccuratecalculator.com/countries/switzerland/mortgage-calculator/",200,true,false,"INDEX,FOLLOW","https://freeaccuratecalculator.com/countries/switzerland/mortgage-calculator/",true,Yes,false,"Switzerland Mortgage Calculator (CHF) — Free Online Calculator | Free Accurate Calculator","Accurate Switzerland Mortgage Calculator with CHF (CHF) formatting and standard numerical precision. Free; instant client-side calculation.","Switzerland Mortgage Calculator","en","switzerland","country-hub","mortgage-calculator","SoftwareApplication+Breadcrumbs",831,"Low-Moderate (Localized Params)","Low","P2"
"https://freeaccuratecalculator.com/countries/switzerland/physics/",200,true,false,"INDEX,FOLLOW","https://freeaccuratecalculator.com/countries/switzerland/physics/",true,Yes,false,"Switzerland Physics Calculators — Free Online Tools (CHF) | Free Accurate Calculator","Accurate Switzerland physics calculators customized with CHF (CHF) currency; statutory formulas; and instant edge calculation. 100% free and private.","Switzerland Physics Calculators. Fast; Accurate &amp; Clean.","en","switzerland","country-hub","","WebPage+Breadcrumbs",794,"Low","Low","P2"
"https://freeaccuratecalculator.com/countries/switzerland/real-estate/",200,true,false,"INDEX,FOLLOW","https://freeaccuratecalculator.com/countries/switzerland/real-estate/",true,Yes,false,"Switzerland Real Estate Calculators — Free Online Tools (CHF) | Free Accurate Calculator","Accurate Switzerland real estate calculators customized with CHF (CHF) currency; statutory formulas; and instant edge calculation. 100% free and private.","Switzerland Real Estate Calculators. Fast; Accurate &amp; Clean.","en","switzerland","country-hub","","WebPage+Breadcrumbs",810,"Low","Low","P2"
"https://freeaccuratecalculator.com/countries/switzerland/salary-calculator/",200,true,false,"INDEX,FOLLOW","https://freeaccuratecalculator.com/countries/switzerland/salary-calculator/",true,Yes,false,"Switzerland Salary Calculator (CHF) — Free Online Calculator | Free Accurate Calculator","Accurate Switzerland Salary Calculator with CHF (CHF) formatting and standard numerical precision. Free; instant client-side calculation.","Switzerland Salary Calculator","en","switzerland","country-hub","salary-calculator","SoftwareApplication+Breadcrumbs",696,"Low-Moderate (Localized Params)","Low","P2"
"https://freeaccuratecalculator.com/countries/switzerland/sports/",200,true,false,"INDEX,FOLLOW","https://freeaccuratecalculator.com/countries/switzerland/sports/",true,Yes,false,"Switzerland Sports Calculators — Free Online Tools (CHF) | Free Accurate Calculator","Accurate Switzerland sports calculators customized with CHF (CHF) currency; statutory formulas; and instant edge calculation. 100% free and private.","Switzerland Sports Calculators. Fast; Accurate &amp; Clean.","en","switzerland","country-hub","","WebPage+Breadcrumbs",808,"Low","Low","P2"
"https://freeaccuratecalculator.com/countries/switzerland/statistics/",200,true,false,"INDEX,FOLLOW","https://freeaccuratecalculator.com/countries/switzerland/statistics/",true,Yes,false,"Switzerland Statistics Calculators — Free Online Tools (CHF) | Free Accurate Calculator","Accurate Switzerland statistics calculators customized with CHF (CHF) currency; statutory formulas; and instant edge calculation. 100% free and private.","Switzerland Statistics Calculators. Fast; Accurate &amp; Free.","en","switzerland","country-hub","","WebPage+Breadcrumbs",796,"Low","Low","P2"
"https://freeaccuratecalculator.com/countries/switzerland/technology/",200,true,false,"INDEX,FOLLOW","https://freeaccuratecalculator.com/countries/switzerland/technology/",true,Yes,false,"Switzerland Technology Calculators — Free Online Tools (CHF) | Free Accurate Calculator","Accurate Switzerland technology calculators customized with CHF (CHF) currency; statutory formulas; and instant edge calculation. 100% free and private.","Switzerland Technology Calculators. Fast; Accurate &amp; Free.","en","switzerland","country-hub","","WebPage+Breadcrumbs",791,"Low","Low","P2"
"https://freeaccuratecalculator.com/countries/united-arab-emirates/401k-calculator/",200,true,false,"INDEX,FOLLOW","https://freeaccuratecalculator.com/countries/united-arab-emirates/401k-calculator/",true,Yes,false,"United Arab Emirates 401(k) Calculator (د.إ) — Free Online Calculator | Free Accurate Calculator","Accurate United Arab Emirates 401(k) Calculator with AED (د.إ) formatting and standard numerical precision. Free; instant client-side calculation.","United Arab Emirates 401(k) Calculator","en","united-arab-emirates","country-hub","401k-calculator","SoftwareApplication+Breadcrumbs",825,"Low-Moderate (Localized Params)","Moderate (Intent Segmented)","P2"
"https://freeaccuratecalculator.com/countries/united-arab-emirates/automotive/",200,true,false,"INDEX,FOLLOW","https://freeaccuratecalculator.com/countries/united-arab-emirates/automotive/",true,Yes,false,"United Arab Emirates Automotive Calculators — Free Online Tools (د.إ) | Free Accurate Calculator","Accurate United Arab Emirates automotive calculators customized with AED (د.إ) currency; statutory formulas; and instant edge calculation. 100% free and private.","United Arab Emirates Automotive Calculators. Fast; Accurate &amp; Clean.","en","united-arab-emirates","country-hub","","WebPage+Breadcrumbs",665,"Low","Moderate (Intent Segmented)","P2"
"https://freeaccuratecalculator.com/countries/united-arab-emirates/biology/",200,true,false,"INDEX,FOLLOW","https://freeaccuratecalculator.com/countries/united-arab-emirates/biology/",true,Yes,false,"United Arab Emirates Biology Calculators — Free Online Tools (د.إ) | Free Accurate Calculator","Accurate United Arab Emirates biology calculators customized with AED (د.إ) currency; statutory formulas; and instant edge calculation. 100% free and private.","United Arab Emirates Biology Calculators. Fast; Accurate &amp; Free.","en","united-arab-emirates","country-hub","","WebPage+Breadcrumbs",657,"Low","Moderate (Intent Segmented)","P2"
"https://freeaccuratecalculator.com/countries/united-arab-emirates/business/",200,true,false,"INDEX,FOLLOW","https://freeaccuratecalculator.com/countries/united-arab-emirates/business/",true,Yes,false,"United Arab Emirates Business Calculators — Free Online Tools (د.إ) | Free Accurate Calculator","Accurate United Arab Emirates business calculators customized with AED (د.إ) currency; statutory formulas; and instant edge calculation. 100% free and private.","United Arab Emirates Business Calculators. Fast; Accurate &amp; Clean.","en","united-arab-emirates","country-hub","","WebPage+Breadcrumbs",660,"Low","Moderate (Intent Segmented)","P2"
"https://freeaccuratecalculator.com/countries/united-arab-emirates/chemistry/",200,true,false,"INDEX,FOLLOW","https://freeaccuratecalculator.com/countries/united-arab-emirates/chemistry/",true,Yes,false,"United Arab Emirates Chemistry Calculators — Free Online Tools (د.إ) | Free Accurate Calculator","Accurate United Arab Emirates chemistry calculators customized with AED (د.إ) currency; statutory formulas; and instant edge calculation. 100% free and private.","United Arab Emirates Chemistry Calculators. Fast; Accurate &amp; Free.","en","united-arab-emirates","country-hub","","WebPage+Breadcrumbs",666,"Low","Moderate (Intent Segmented)","P2"
"https://freeaccuratecalculator.com/countries/united-arab-emirates/compound-interest-calculator/",200,true,false,"INDEX,FOLLOW","https://freeaccuratecalculator.com/countries/united-arab-emirates/compound-interest-calculator/",true,Yes,false,"United Arab Emirates Compound Interest Calculator (د.إ) — Free Online Calculator | Free Accurate Calculator","Accurate United Arab Emirates Compound Interest Calculator with AED (د.إ) formatting and standard numerical precision. Free; instant client-side calculation.","United Arab Emirates Compound Interest Calculator","en","united-arab-emirates","country-hub","compound-interest-calculator","SoftwareApplication+Breadcrumbs",840,"Low-Moderate (Localized Params)","Moderate (Intent Segmented)","P2"
"https://freeaccuratecalculator.com/countries/united-arab-emirates/construction/",200,true,false,"INDEX,FOLLOW","https://freeaccuratecalculator.com/countries/united-arab-emirates/construction/",true,Yes,false,"United Arab Emirates Construction Calculators — Free Online Tools (د.إ) | Free Accurate Calculator","Accurate United Arab Emirates construction calculators customized with AED (د.إ) currency; statutory formulas; and instant edge calculation. 100% free and private.","United Arab Emirates Construction Calculators. Fast; Accurate &amp; Free.","en","united-arab-emirates","country-hub","","WebPage+Breadcrumbs",668,"Low","Moderate (Intent Segmented)","P2"
"https://freeaccuratecalculator.com/countries/united-arab-emirates/converter/",200,true,false,"INDEX,FOLLOW","https://freeaccuratecalculator.com/countries/united-arab-emirates/converter/",true,Yes,false,"United Arab Emirates Converter Calculators — Free Online Tools (د.إ) | Free Accurate Calculator","Accurate United Arab Emirates converter calculators customized with AED (د.إ) currency; statutory formulas; and instant edge calculation. 100% free and private.","United Arab Emirates Converter Calculators. Fast; Accurate &amp; Free.","en","united-arab-emirates","country-hub","","WebPage+Breadcrumbs",663,"Low","Moderate (Intent Segmented)","P2"
"https://freeaccuratecalculator.com/countries/united-arab-emirates/ecology/",200,true,false,"INDEX,FOLLOW","https://freeaccuratecalculator.com/countries/united-arab-emirates/ecology/",true,Yes,false,"United Arab Emirates Ecology Calculators — Free Online Tools (د.إ) | Free Accurate Calculator","Accurate United Arab Emirates ecology calculators customized with AED (د.إ) currency; statutory formulas; and instant edge calculation. 100% free and private.","United Arab Emirates Ecology Calculators. Fast; Accurate &amp; Free.","en","united-arab-emirates","country-hub","","WebPage+Breadcrumbs",672,"Low","Moderate (Intent Segmented)","P2"
"https://freeaccuratecalculator.com/countries/united-arab-emirates/everyday/",200,true,false,"INDEX,FOLLOW","https://freeaccuratecalculator.com/countries/united-arab-emirates/everyday/",true,Yes,false,"United Arab Emirates Everyday Calculators — Free Online Tools (د.إ) | Free Accurate Calculator","Accurate United Arab Emirates everyday calculators customized with AED (د.إ) currency; statutory formulas; and instant edge calculation. 100% free and private.","United Arab Emirates Everyday Calculators. Fast; Accurate &amp; Clean.","en","united-arab-emirates","country-hub","","WebPage+Breadcrumbs",687,"Low","Moderate (Intent Segmented)","P2"
"https://freeaccuratecalculator.com/countries/united-arab-emirates/finance/401k-calculator/",200,true,false,"INDEX,FOLLOW","https://freeaccuratecalculator.com/countries/united-arab-emirates/finance/401k-calculator/",true,Yes,false,"United Arab Emirates 401(k) Calculator (د.إ) — Free Online Calculator | Free Accurate Calculator","Accurate United Arab Emirates 401(k) Calculator with AED (د.إ) formatting and standard numerical precision. Free; instant client-side calculation.","United Arab Emirates 401(k) Calculator","en","united-arab-emirates","finance","401k-calculator","SoftwareApplication+Breadcrumbs",825,"Low-Moderate (Localized Params)","Moderate (Intent Segmented)","P2"
"https://freeaccuratecalculator.com/countries/united-arab-emirates/finance/compound-interest-calculator/",200,true,false,"INDEX,FOLLOW","https://freeaccuratecalculator.com/countries/united-arab-emirates/finance/compound-interest-calculator/",true,Yes,false,"United Arab Emirates Compound Interest Calculator (د.إ) — Free Online Calculator | Free Accurate Calculator","Accurate United Arab Emirates Compound Interest Calculator with AED (د.إ) formatting and standard numerical precision. Free; instant client-side calculation.","United Arab Emirates Compound Interest Calculator","en","united-arab-emirates","finance","compound-interest-calculator","SoftwareApplication+Breadcrumbs",840,"Low-Moderate (Localized Params)","Moderate (Intent Segmented)","P2"
"https://freeaccuratecalculator.com/countries/united-arab-emirates/finance/gratuity-calculator/",200,true,false,"INDEX,FOLLOW","https://freeaccuratecalculator.com/countries/united-arab-emirates/finance/gratuity-calculator/",true,Yes,false,"United Arab Emirates Gratuity Calculator (د.إ) — Free Online Calculator | Free Accurate Calculator","Accurate United Arab Emirates Gratuity Calculator with AED (د.إ) formatting and standard numerical precision. Free; instant client-side calculation.","United Arab Emirates Gratuity Calculator","en","united-arab-emirates","finance","gratuity-calculator","SoftwareApplication+Breadcrumbs",759,"Low-Moderate (Localized Params)","Moderate (Intent Segmented)","P2"
"https://freeaccuratecalculator.com/countries/united-arab-emirates/finance/income-tax-calculator/",200,true,false,"INDEX,FOLLOW","https://freeaccuratecalculator.com/countries/united-arab-emirates/finance/income-tax-calculator/",true,Yes,false,"United Arab Emirates Salary Calculator (د.إ) — Free Online Calculator | Free Accurate Calculator","Accurate United Arab Emirates Salary Calculator with AED (د.إ) formatting and standard numerical precision. Free; instant client-side calculation.","United Arab Emirates Salary Calculator","en","united-arab-emirates","finance","income-tax-calculator","SoftwareApplication+Breadcrumbs",731,"Low-Moderate (Localized Params)","Moderate (Intent Segmented)","P2"
"https://freeaccuratecalculator.com/countries/united-arab-emirates/finance/",200,true,false,"INDEX,FOLLOW","https://freeaccuratecalculator.com/countries/united-arab-emirates/finance/",true,Yes,false,"United Arab Emirates Finance Calculators — Free Online Tools (د.إ) | Free Accurate Calculator","Accurate United Arab Emirates finance calculators customized with AED (د.إ) currency; statutory formulas; and instant edge calculation. 100% free and private.","United Arab Emirates Finance Calculators. Fast; Accurate &amp; Clean.","en","united-arab-emirates","country-hub","","WebPage+Breadcrumbs",863,"Low","Moderate (Intent Segmented)","P2"
"https://freeaccuratecalculator.com/countries/united-arab-emirates/finance/mortgage-calculator/",200,true,false,"INDEX,FOLLOW","https://freeaccuratecalculator.com/countries/united-arab-emirates/finance/mortgage-calculator/",true,Yes,false,"United Arab Emirates Mortgage Calculator (د.إ) — Free Online Calculator | Free Accurate Calculator","Accurate United Arab Emirates Mortgage Calculator with AED (د.إ) formatting and standard numerical precision. Free; instant client-side calculation.","United Arab Emirates Mortgage Calculator","en","united-arab-emirates","finance","mortgage-calculator","SoftwareApplication+Breadcrumbs",866,"Low-Moderate (Localized Params)","Moderate (Intent Segmented)","P2"
"https://freeaccuratecalculator.com/countries/united-arab-emirates/finance/roth-ira-calculator/",200,true,false,"INDEX,FOLLOW","https://freeaccuratecalculator.com/countries/united-arab-emirates/finance/roth-ira-calculator/",true,Yes,false,"United Arab Emirates Roth IRA Calculator (د.إ) — Free Online Calculator | Free Accurate Calculator","Accurate United Arab Emirates Roth IRA Calculator with AED (د.إ) formatting and standard numerical precision. Free; instant client-side calculation.","United Arab Emirates Roth IRA Calculator","en","united-arab-emirates","finance","roth-ira-calculator","SoftwareApplication+Breadcrumbs",812,"Low-Moderate (Localized Params)","Moderate (Intent Segmented)","P2"
"https://freeaccuratecalculator.com/countries/united-arab-emirates/finance/salary-calculator/",200,true,false,"INDEX,FOLLOW","https://freeaccuratecalculator.com/countries/united-arab-emirates/finance/salary-calculator/",true,Yes,false,"United Arab Emirates Salary Calculator (د.إ) — Free Online Calculator | Free Accurate Calculator","Accurate United Arab Emirates Salary Calculator with AED (د.إ) formatting and standard numerical precision. Free; instant client-side calculation.","United Arab Emirates Salary Calculator","en","united-arab-emirates","finance","salary-calculator","SoftwareApplication+Breadcrumbs",731,"Low-Moderate (Localized Params)","Moderate (Intent Segmented)","P2"
"https://freeaccuratecalculator.com/countries/united-arab-emirates/finance/sip-calculator/",200,true,false,"INDEX,FOLLOW","https://freeaccuratecalculator.com/countries/united-arab-emirates/finance/sip-calculator/",true,Yes,false,"United Arab Emirates SIP Calculator (د.إ) — Free Online Calculator | Free Accurate Calculator","Accurate United Arab Emirates SIP Calculator with AED (د.إ) formatting and standard numerical precision. Free; instant client-side calculation.","United Arab Emirates SIP Calculator","en","united-arab-emirates","finance","sip-calculator","SoftwareApplication+Breadcrumbs",835,"Low-Moderate (Localized Params)","Moderate (Intent Segmented)","P2"
"https://freeaccuratecalculator.com/countries/united-arab-emirates/food/",200,true,false,"INDEX,FOLLOW","https://freeaccuratecalculator.com/countries/united-arab-emirates/food/",true,Yes,false,"United Arab Emirates Food Calculators — Free Online Tools (د.إ) | Free Accurate Calculator","Accurate United Arab Emirates food calculators customized with AED (د.إ) currency; statutory formulas; and instant edge calculation. 100% free and private.","United Arab Emirates Food Calculators. Fast; Accurate &amp; Free.","en","united-arab-emirates","country-hub","","WebPage+Breadcrumbs",676,"Low","Moderate (Intent Segmented)","P2"
"https://freeaccuratecalculator.com/countries/united-arab-emirates/gratuity-calculator/",200,true,false,"INDEX,FOLLOW","https://freeaccuratecalculator.com/countries/united-arab-emirates/gratuity-calculator/",true,Yes,false,"United Arab Emirates Gratuity Calculator (د.إ) — Free Online Calculator | Free Accurate Calculator","Accurate United Arab Emirates Gratuity Calculator with AED (د.إ) formatting and standard numerical precision. Free; instant client-side calculation.","United Arab Emirates Gratuity Calculator","en","united-arab-emirates","country-hub","gratuity-calculator","SoftwareApplication+Breadcrumbs",759,"Low-Moderate (Localized Params)","Moderate (Intent Segmented)","P2"
"https://freeaccuratecalculator.com/countries/united-arab-emirates/health/",200,true,false,"INDEX,FOLLOW","https://freeaccuratecalculator.com/countries/united-arab-emirates/health/",true,Yes,false,"United Arab Emirates Health Calculators — Free Online Tools (د.إ) | Free Accurate Calculator","Accurate United Arab Emirates health calculators customized with AED (د.إ) currency; statutory formulas; and instant edge calculation. 100% free and private.","United Arab Emirates Health Calculators. Fast; Accurate &amp; Private.","en","united-arab-emirates","country-hub","","WebPage+Breadcrumbs",689,"Low","Moderate (Intent Segmented)","P2"
"https://freeaccuratecalculator.com/countries/united-arab-emirates/income-tax-calculator/",200,true,false,"INDEX,FOLLOW","https://freeaccuratecalculator.com/countries/united-arab-emirates/income-tax-calculator/",true,Yes,false,"United Arab Emirates Salary Calculator (د.إ) — Free Online Calculator | Free Accurate Calculator","Accurate United Arab Emirates Salary Calculator with AED (د.إ) formatting and standard numerical precision. Free; instant client-side calculation.","United Arab Emirates Salary Calculator","en","united-arab-emirates","country-hub","income-tax-calculator","SoftwareApplication+Breadcrumbs",731,"Low-Moderate (Localized Params)","Moderate (Intent Segmented)","P2"
"https://freeaccuratecalculator.com/countries/united-arab-emirates/",200,true,false,"INDEX,FOLLOW","https://freeaccuratecalculator.com/countries/united-arab-emirates/",true,Yes,false,"United Arab Emirates Calculators — Free Online Finance; Tax &amp; Utility Tools (د.إ) | Free Accurate Calculator","Mathematically verified online calculators for United Arab Emirates. Customized with AED (د.إ) currency; standard grouping; and statutory financial rules.","United Arab Emirates Calculators. Fast; Accurate &amp; Clean.","en","united-arab-emirates","countries","","WebPage+Breadcrumbs",632,"Low","Moderate (Intent Segmented)","P2"
"https://freeaccuratecalculator.com/countries/united-arab-emirates/insurance/",200,true,false,"INDEX,FOLLOW","https://freeaccuratecalculator.com/countries/united-arab-emirates/insurance/",true,Yes,false,"United Arab Emirates Insurance Calculators — Free Online Tools (د.إ) | Free Accurate Calculator","Accurate United Arab Emirates insurance calculators customized with AED (د.إ) currency; statutory formulas; and instant edge calculation. 100% free and private.","United Arab Emirates Insurance Calculators. Fast; Accurate &amp; Clean.","en","united-arab-emirates","country-hub","","WebPage+Breadcrumbs",739,"Low","Moderate (Intent Segmented)","P2"
"https://freeaccuratecalculator.com/countries/united-arab-emirates/legal/",200,true,false,"INDEX,FOLLOW","https://freeaccuratecalculator.com/countries/united-arab-emirates/legal/",true,Yes,false,"United Arab Emirates Legal Calculators — Free Online Tools (د.إ) | Free Accurate Calculator","Accurate United Arab Emirates legal calculators customized with AED (د.إ) currency; statutory formulas; and instant edge calculation. 100% free and private.","United Arab Emirates Legal Calculators. Fast; Accurate &amp; Private.","en","united-arab-emirates","country-hub","","WebPage+Breadcrumbs",672,"Low","Moderate (Intent Segmented)","P2"
"https://freeaccuratecalculator.com/countries/united-arab-emirates/love/",200,true,false,"INDEX,FOLLOW","https://freeaccuratecalculator.com/countries/united-arab-emirates/love/",true,Yes,false,"United Arab Emirates Love Calculators — Free Online Tools (د.إ) | Free Accurate Calculator","Accurate United Arab Emirates love calculators customized with AED (د.إ) currency; statutory formulas; and instant edge calculation. 100% free and private.","United Arab Emirates Love Calculators. Compatibility &amp; Connection.","en","united-arab-emirates","country-hub","","WebPage+Breadcrumbs",669,"Low","Moderate (Intent Segmented)","P2"
"https://freeaccuratecalculator.com/countries/united-arab-emirates/marketing/",200,true,false,"INDEX,FOLLOW","https://freeaccuratecalculator.com/countries/united-arab-emirates/marketing/",true,Yes,false,"United Arab Emirates Marketing Calculators — Free Online Tools (د.إ) | Free Accurate Calculator","Accurate United Arab Emirates marketing calculators customized with AED (د.إ) currency; statutory formulas; and instant edge calculation. 100% free and private.","United Arab Emirates Marketing Calculators. Fast; Accurate &amp; Clean.","en","united-arab-emirates","country-hub","","WebPage+Breadcrumbs",662,"Low","Moderate (Intent Segmented)","P2"
"https://freeaccuratecalculator.com/countries/united-arab-emirates/math/",200,true,false,"INDEX,FOLLOW","https://freeaccuratecalculator.com/countries/united-arab-emirates/math/",true,Yes,false,"United Arab Emirates Math Calculators — Free Online Tools (د.إ) | Free Accurate Calculator","Accurate United Arab Emirates math calculators customized with AED (د.إ) currency; statutory formulas; and instant edge calculation. 100% free and private.","United Arab Emirates Math Calculators. Fast; Accurate &amp; Free.","en","united-arab-emirates","country-hub","","WebPage+Breadcrumbs",651,"Low","Moderate (Intent Segmented)","P2"
"https://freeaccuratecalculator.com/countries/united-arab-emirates/mortgage-calculator/",200,true,false,"INDEX,FOLLOW","https://freeaccuratecalculator.com/countries/united-arab-emirates/mortgage-calculator/",true,Yes,false,"United Arab Emirates Mortgage Calculator (د.إ) — Free Online Calculator | Free Accurate Calculator","Accurate United Arab Emirates Mortgage Calculator with AED (د.إ) formatting and standard numerical precision. Free; instant client-side calculation.","United Arab Emirates Mortgage Calculator","en","united-arab-emirates","country-hub","mortgage-calculator","SoftwareApplication+Breadcrumbs",866,"Low-Moderate (Localized Params)","Moderate (Intent Segmented)","P2"
"https://freeaccuratecalculator.com/countries/united-arab-emirates/physics/",200,true,false,"INDEX,FOLLOW","https://freeaccuratecalculator.com/countries/united-arab-emirates/physics/",true,Yes,false,"United Arab Emirates Physics Calculators — Free Online Tools (د.إ) | Free Accurate Calculator","Accurate United Arab Emirates physics calculators customized with AED (د.إ) currency; statutory formulas; and instant edge calculation. 100% free and private.","United Arab Emirates Physics Calculators. Fast; Accurate &amp; Clean.","en","united-arab-emirates","country-hub","","WebPage+Breadcrumbs",662,"Low","Moderate (Intent Segmented)","P2"
"https://freeaccuratecalculator.com/countries/united-arab-emirates/real-estate/",200,true,false,"INDEX,FOLLOW","https://freeaccuratecalculator.com/countries/united-arab-emirates/real-estate/",true,Yes,false,"United Arab Emirates Real Estate Calculators — Free Online Tools (د.إ) | Free Accurate Calculator","Accurate United Arab Emirates real estate calculators customized with AED (د.إ) currency; statutory formulas; and instant edge calculation. 100% free and private.","United Arab Emirates Real Estate Calculators. Fast; Accurate &amp; Clean.","en","united-arab-emirates","country-hub","","WebPage+Breadcrumbs",678,"Low","Moderate (Intent Segmented)","P2"
"https://freeaccuratecalculator.com/countries/united-arab-emirates/roth-ira-calculator/",200,true,false,"INDEX,FOLLOW","https://freeaccuratecalculator.com/countries/united-arab-emirates/roth-ira-calculator/",true,Yes,false,"United Arab Emirates Roth IRA Calculator (د.إ) — Free Online Calculator | Free Accurate Calculator","Accurate United Arab Emirates Roth IRA Calculator with AED (د.إ) formatting and standard numerical precision. Free; instant client-side calculation.","United Arab Emirates Roth IRA Calculator","en","united-arab-emirates","country-hub","roth-ira-calculator","SoftwareApplication+Breadcrumbs",812,"Low-Moderate (Localized Params)","Moderate (Intent Segmented)","P2"
"https://freeaccuratecalculator.com/countries/united-arab-emirates/salary-calculator/",200,true,false,"INDEX,FOLLOW","https://freeaccuratecalculator.com/countries/united-arab-emirates/salary-calculator/",true,Yes,false,"United Arab Emirates Salary Calculator (د.إ) — Free Online Calculator | Free Accurate Calculator","Accurate United Arab Emirates Salary Calculator with AED (د.إ) formatting and standard numerical precision. Free; instant client-side calculation.","United Arab Emirates Salary Calculator","en","united-arab-emirates","country-hub","salary-calculator","SoftwareApplication+Breadcrumbs",731,"Low-Moderate (Localized Params)","Moderate (Intent Segmented)","P2"
"https://freeaccuratecalculator.com/countries/united-arab-emirates/sip-calculator/",200,true,false,"INDEX,FOLLOW","https://freeaccuratecalculator.com/countries/united-arab-emirates/sip-calculator/",true,Yes,false,"United Arab Emirates SIP Calculator (د.إ) — Free Online Calculator | Free Accurate Calculator","Accurate United Arab Emirates SIP Calculator with AED (د.إ) formatting and standard numerical precision. Free; instant client-side calculation.","United Arab Emirates SIP Calculator","en","united-arab-emirates","country-hub","sip-calculator","SoftwareApplication+Breadcrumbs",835,"Low-Moderate (Localized Params)","Moderate (Intent Segmented)","P2"
"https://freeaccuratecalculator.com/countries/united-arab-emirates/sports/",200,true,false,"INDEX,FOLLOW","https://freeaccuratecalculator.com/countries/united-arab-emirates/sports/",true,Yes,false,"United Arab Emirates Sports Calculators — Free Online Tools (د.إ) | Free Accurate Calculator","Accurate United Arab Emirates sports calculators customized with AED (د.إ) currency; statutory formulas; and instant edge calculation. 100% free and private.","United Arab Emirates Sports Calculators. Fast; Accurate &amp; Clean.","en","united-arab-emirates","country-hub","","WebPage+Breadcrumbs",676,"Low","Moderate (Intent Segmented)","P2"
"https://freeaccuratecalculator.com/countries/united-arab-emirates/statistics/",200,true,false,"INDEX,FOLLOW","https://freeaccuratecalculator.com/countries/united-arab-emirates/statistics/",true,Yes,false,"United Arab Emirates Statistics Calculators — Free Online Tools (د.إ) | Free Accurate Calculator","Accurate United Arab Emirates statistics calculators customized with AED (د.إ) currency; statutory formulas; and instant edge calculation. 100% free and private.","United Arab Emirates Statistics Calculators. Fast; Accurate &amp; Free.","en","united-arab-emirates","country-hub","","WebPage+Breadcrumbs",664,"Low","Moderate (Intent Segmented)","P2"
"https://freeaccuratecalculator.com/countries/united-arab-emirates/technology/",200,true,false,"INDEX,FOLLOW","https://freeaccuratecalculator.com/countries/united-arab-emirates/technology/",true,Yes,false,"United Arab Emirates Technology Calculators — Free Online Tools (د.إ) | Free Accurate Calculator","Accurate United Arab Emirates technology calculators customized with AED (د.إ) currency; statutory formulas; and instant edge calculation. 100% free and private.","United Arab Emirates Technology Calculators. Fast; Accurate &amp; Free.","en","united-arab-emirates","country-hub","","WebPage+Breadcrumbs",659,"Low","Moderate (Intent Segmented)","P2"
"https://freeaccuratecalculator.com/countries/united-kingdom/automotive/",200,true,false,"INDEX,FOLLOW","https://freeaccuratecalculator.com/countries/united-kingdom/automotive/",true,Yes,false,"United Kingdom Automotive Calculators — Free Online Tools (£) | Free Accurate Calculator","Accurate United Kingdom automotive calculators customized with GBP (£) currency; statutory formulas; and instant edge calculation. 100% free and private.","United Kingdom Automotive Calculators. Fast; Accurate &amp; Clean.","en","united-kingdom","country-hub","","WebPage+Breadcrumbs",674,"Low","Low","P2"
"https://freeaccuratecalculator.com/countries/united-kingdom/biology/",200,true,false,"INDEX,FOLLOW","https://freeaccuratecalculator.com/countries/united-kingdom/biology/",true,Yes,false,"United Kingdom Biology Calculators — Free Online Tools (£) | Free Accurate Calculator","Accurate United Kingdom biology calculators customized with GBP (£) currency; statutory formulas; and instant edge calculation. 100% free and private.","United Kingdom Biology Calculators. Fast; Accurate &amp; Free.","en","united-kingdom","country-hub","","WebPage+Breadcrumbs",666,"Low","Low","P2"
"https://freeaccuratecalculator.com/countries/united-kingdom/business/",200,true,false,"INDEX,FOLLOW","https://freeaccuratecalculator.com/countries/united-kingdom/business/",true,Yes,false,"United Kingdom Business Calculators — Free Online Tools (£) | Free Accurate Calculator","Accurate United Kingdom business calculators customized with GBP (£) currency; statutory formulas; and instant edge calculation. 100% free and private.","United Kingdom Business Calculators. Fast; Accurate &amp; Clean.","en","united-kingdom","country-hub","","WebPage+Breadcrumbs",669,"Low","Low","P2"
"https://freeaccuratecalculator.com/countries/united-kingdom/chemistry/",200,true,false,"INDEX,FOLLOW","https://freeaccuratecalculator.com/countries/united-kingdom/chemistry/",true,Yes,false,"United Kingdom Chemistry Calculators — Free Online Tools (£) | Free Accurate Calculator","Accurate United Kingdom chemistry calculators customized with GBP (£) currency; statutory formulas; and instant edge calculation. 100% free and private.","United Kingdom Chemistry Calculators. Fast; Accurate &amp; Free.","en","united-kingdom","country-hub","","WebPage+Breadcrumbs",675,"Low","Moderate (Intent Segmented)","P2"
"https://freeaccuratecalculator.com/countries/united-kingdom/compound-interest-calculator/",200,true,false,"INDEX,FOLLOW","https://freeaccuratecalculator.com/countries/united-kingdom/compound-interest-calculator/",true,Yes,false,"United Kingdom Compound Interest Calculator (£) — Free Online Calculator | Free Accurate Calculator","Accurate United Kingdom Compound Interest Calculator with GBP (£) formatting and standard numerical precision. Free; instant client-side calculation.","United Kingdom Compound Interest Calculator","en","united-kingdom","country-hub","compound-interest-calculator","SoftwareApplication+Breadcrumbs",822,"Low-Moderate (Localized Params)","Low","P2"
"https://freeaccuratecalculator.com/countries/united-kingdom/construction/",200,true,false,"INDEX,FOLLOW","https://freeaccuratecalculator.com/countries/united-kingdom/construction/",true,Yes,false,"United Kingdom Construction Calculators — Free Online Tools (£) | Free Accurate Calculator","Accurate United Kingdom construction calculators customized with GBP (£) currency; statutory formulas; and instant edge calculation. 100% free and private.","United Kingdom Construction Calculators. Fast; Accurate &amp; Free.","en","united-kingdom","country-hub","","WebPage+Breadcrumbs",677,"Low","Low","P2"
"https://freeaccuratecalculator.com/countries/united-kingdom/converter/",200,true,false,"INDEX,FOLLOW","https://freeaccuratecalculator.com/countries/united-kingdom/converter/",true,Yes,false,"United Kingdom Converter Calculators — Free Online Tools (£) | Free Accurate Calculator","Accurate United Kingdom converter calculators customized with GBP (£) currency; statutory formulas; and instant edge calculation. 100% free and private.","United Kingdom Converter Calculators. Fast; Accurate &amp; Free.","en","united-kingdom","country-hub","","WebPage+Breadcrumbs",672,"Low","Low","P2"
"https://freeaccuratecalculator.com/countries/united-kingdom/ecology/",200,true,false,"INDEX,FOLLOW","https://freeaccuratecalculator.com/countries/united-kingdom/ecology/",true,Yes,false,"United Kingdom Ecology Calculators — Free Online Tools (£) | Free Accurate Calculator","Accurate United Kingdom ecology calculators customized with GBP (£) currency; statutory formulas; and instant edge calculation. 100% free and private.","United Kingdom Ecology Calculators. Fast; Accurate &amp; Free.","en","united-kingdom","country-hub","","WebPage+Breadcrumbs",681,"Low","Low","P2"
"https://freeaccuratecalculator.com/countries/united-kingdom/emi-calculator/",200,true,false,"INDEX,FOLLOW","https://freeaccuratecalculator.com/countries/united-kingdom/emi-calculator/",true,Yes,false,"United Kingdom Loan Calculator (£) — Free Online Calculator | Free Accurate Calculator","Accurate United Kingdom Loan Calculator with GBP (£) formatting and standard numerical precision. Free; instant client-side calculation.","United Kingdom Loan Calculator","en","united-kingdom","country-hub","emi-calculator","SoftwareApplication+Breadcrumbs",750,"Low-Moderate (Localized Params)","Moderate (Intent Segmented)","P2"
"https://freeaccuratecalculator.com/countries/united-kingdom/everyday/",200,true,false,"INDEX,FOLLOW","https://freeaccuratecalculator.com/countries/united-kingdom/everyday/",true,Yes,false,"United Kingdom Everyday Calculators — Free Online Tools (£) | Free Accurate Calculator","Accurate United Kingdom everyday calculators customized with GBP (£) currency; statutory formulas; and instant edge calculation. 100% free and private.","United Kingdom Everyday Calculators. Fast; Accurate &amp; Clean.","en","united-kingdom","country-hub","","WebPage+Breadcrumbs",695,"Low","Low","P2"
"https://freeaccuratecalculator.com/countries/united-kingdom/finance/compound-interest-calculator/",200,true,false,"INDEX,FOLLOW","https://freeaccuratecalculator.com/countries/united-kingdom/finance/compound-interest-calculator/",true,Yes,false,"United Kingdom Compound Interest Calculator (£) — Free Online Calculator | Free Accurate Calculator","Accurate United Kingdom Compound Interest Calculator with GBP (£) formatting and standard numerical precision. Free; instant client-side calculation.","United Kingdom Compound Interest Calculator","en","united-kingdom","finance","compound-interest-calculator","SoftwareApplication+Breadcrumbs",822,"Low-Moderate (Localized Params)","Low","P2"
"https://freeaccuratecalculator.com/countries/united-kingdom/finance/emi-calculator/",200,true,false,"INDEX,FOLLOW","https://freeaccuratecalculator.com/countries/united-kingdom/finance/emi-calculator/",true,Yes,false,"United Kingdom Loan Calculator (£) — Free Online Calculator | Free Accurate Calculator","Accurate United Kingdom Loan Calculator with GBP (£) formatting and standard numerical precision. Free; instant client-side calculation.","United Kingdom Loan Calculator","en","united-kingdom","finance","emi-calculator","SoftwareApplication+Breadcrumbs",750,"Low-Moderate (Localized Params)","Moderate (Intent Segmented)","P2"
"https://freeaccuratecalculator.com/countries/united-kingdom/finance/income-tax-calculator/",200,true,false,"INDEX,FOLLOW","https://freeaccuratecalculator.com/countries/united-kingdom/finance/income-tax-calculator/",true,Yes,false,"United Kingdom Salary Calculator (£) — Free Online Calculator | Free Accurate Calculator","Accurate United Kingdom Salary Calculator with GBP (£) formatting and standard numerical precision. Free; instant client-side calculation.","United Kingdom Salary Calculator","en","united-kingdom","finance","income-tax-calculator","SoftwareApplication+Breadcrumbs",713,"Low-Moderate (Localized Params)","Low","P2"
"https://freeaccuratecalculator.com/countries/united-kingdom/finance/",200,true,false,"INDEX,FOLLOW","https://freeaccuratecalculator.com/countries/united-kingdom/finance/",true,Yes,false,"United Kingdom Finance Calculators — Free Online Tools (£) | Free Accurate Calculator","Accurate United Kingdom finance calculators customized with GBP (£) currency; statutory formulas; and instant edge calculation. 100% free and private.","United Kingdom Finance Calculators. Fast; Accurate &amp; Clean.","en","united-kingdom","country-hub","","WebPage+Breadcrumbs",902,"Low","Low","P2"
"https://freeaccuratecalculator.com/countries/united-kingdom/finance/loan-calculator/",200,true,false,"INDEX,FOLLOW","https://freeaccuratecalculator.com/countries/united-kingdom/finance/loan-calculator/",true,Yes,false,"United Kingdom Loan Calculator (£) — Free Online Calculator | Free Accurate Calculator","Accurate United Kingdom Loan Calculator with GBP (£) formatting and standard numerical precision. Free; instant client-side calculation.","United Kingdom Loan Calculator","en","united-kingdom","finance","loan-calculator","SoftwareApplication+Breadcrumbs",750,"Low-Moderate (Localized Params)","Low","P2"
"https://freeaccuratecalculator.com/countries/united-kingdom/finance/mortgage-calculator/",200,true,false,"INDEX,FOLLOW","https://freeaccuratecalculator.com/countries/united-kingdom/finance/mortgage-calculator/",true,Yes,false,"United Kingdom Mortgage Calculator (£) — Free Online Calculator | Free Accurate Calculator","Accurate United Kingdom Mortgage Calculator with GBP (£) formatting and standard numerical precision. Free; instant client-side calculation.","United Kingdom Mortgage Calculator","en","united-kingdom","finance","mortgage-calculator","SoftwareApplication+Breadcrumbs",848,"Low-Moderate (Localized Params)","Low","P2"
"https://freeaccuratecalculator.com/countries/united-kingdom/finance/salary-calculator/",200,true,false,"INDEX,FOLLOW","https://freeaccuratecalculator.com/countries/united-kingdom/finance/salary-calculator/",true,Yes,false,"United Kingdom Salary Calculator (£) — Free Online Calculator | Free Accurate Calculator","Accurate United Kingdom Salary Calculator with GBP (£) formatting and standard numerical precision. Free; instant client-side calculation.","United Kingdom Salary Calculator","en","united-kingdom","finance","salary-calculator","SoftwareApplication+Breadcrumbs",713,"Low-Moderate (Localized Params)","Low","P2"
"https://freeaccuratecalculator.com/countries/united-kingdom/finance/sales-tax-calculator/",200,true,false,"INDEX,FOLLOW","https://freeaccuratecalculator.com/countries/united-kingdom/finance/sales-tax-calculator/",true,Yes,false,"United Kingdom Sales Tax Calculator (£) — Free Online Calculator | Free Accurate Calculator","Accurate United Kingdom Sales Tax Calculator with GBP (£) formatting and standard numerical precision. Free; instant client-side calculation.","United Kingdom Sales Tax Calculator","en","united-kingdom","finance","sales-tax-calculator","SoftwareApplication+Breadcrumbs",739,"Low-Moderate (Localized Params)","Low","P2"
"https://freeaccuratecalculator.com/countries/united-kingdom/finance/vat-calculator/",200,true,false,"INDEX,FOLLOW","https://freeaccuratecalculator.com/countries/united-kingdom/finance/vat-calculator/",true,Yes,false,"United Kingdom Sales Tax Calculator (£) — Free Online Calculator | Free Accurate Calculator","Accurate United Kingdom Sales Tax Calculator with GBP (£) formatting and standard numerical precision. Free; instant client-side calculation.","United Kingdom Sales Tax Calculator","en","united-kingdom","finance","vat-calculator","SoftwareApplication+Breadcrumbs",739,"Low-Moderate (Localized Params)","Low","P2"
"https://freeaccuratecalculator.com/countries/united-kingdom/food/",200,true,false,"INDEX,FOLLOW","https://freeaccuratecalculator.com/countries/united-kingdom/food/",true,Yes,false,"United Kingdom Food Calculators — Free Online Tools (£) | Free Accurate Calculator","Accurate United Kingdom food calculators customized with GBP (£) currency; statutory formulas; and instant edge calculation. 100% free and private.","United Kingdom Food Calculators. Fast; Accurate &amp; Free.","en","united-kingdom","country-hub","","WebPage+Breadcrumbs",685,"Low","Low","P2"
"https://freeaccuratecalculator.com/countries/united-kingdom/health/",200,true,false,"INDEX,FOLLOW","https://freeaccuratecalculator.com/countries/united-kingdom/health/",true,Yes,false,"United Kingdom Health Calculators — Free Online Tools (£) | Free Accurate Calculator","Accurate United Kingdom health calculators customized with GBP (£) currency; statutory formulas; and instant edge calculation. 100% free and private.","United Kingdom Health Calculators. Fast; Accurate &amp; Private.","en","united-kingdom","country-hub","","WebPage+Breadcrumbs",698,"Low","Low","P2"
"https://freeaccuratecalculator.com/countries/united-kingdom/income-tax-calculator/",200,true,false,"INDEX,FOLLOW","https://freeaccuratecalculator.com/countries/united-kingdom/income-tax-calculator/",true,Yes,false,"United Kingdom Salary Calculator (£) — Free Online Calculator | Free Accurate Calculator","Accurate United Kingdom Salary Calculator with GBP (£) formatting and standard numerical precision. Free; instant client-side calculation.","United Kingdom Salary Calculator","en","united-kingdom","country-hub","income-tax-calculator","SoftwareApplication+Breadcrumbs",713,"Low-Moderate (Localized Params)","Low","P2"
"https://freeaccuratecalculator.com/countries/united-kingdom/",200,true,false,"INDEX,FOLLOW","https://freeaccuratecalculator.com/countries/united-kingdom/",true,Yes,false,"United Kingdom Calculators — Free Online Finance; Tax &amp; Utility Tools (£) | Free Accurate Calculator","Mathematically verified online calculators for United Kingdom. Customized with GBP (£) currency; standard grouping; and statutory financial rules.","United Kingdom Calculators. Fast; Accurate &amp; Clean.","en","united-kingdom","countries","","WebPage+Breadcrumbs",645,"Low","Low","P2"
"https://freeaccuratecalculator.com/countries/united-kingdom/insurance/",200,true,false,"INDEX,FOLLOW","https://freeaccuratecalculator.com/countries/united-kingdom/insurance/",true,Yes,false,"United Kingdom Insurance Calculators — Free Online Tools (£) | Free Accurate Calculator","Accurate United Kingdom insurance calculators customized with GBP (£) currency; statutory formulas; and instant edge calculation. 100% free and private.","United Kingdom Insurance Calculators. Fast; Accurate &amp; Clean.","en","united-kingdom","country-hub","","WebPage+Breadcrumbs",747,"Low","Low","P2"
"https://freeaccuratecalculator.com/countries/united-kingdom/legal/",200,true,false,"INDEX,FOLLOW","https://freeaccuratecalculator.com/countries/united-kingdom/legal/",true,Yes,false,"United Kingdom Legal Calculators — Free Online Tools (£) | Free Accurate Calculator","Accurate United Kingdom legal calculators customized with GBP (£) currency; statutory formulas; and instant edge calculation. 100% free and private.","United Kingdom Legal Calculators. Fast; Accurate &amp; Private.","en","united-kingdom","country-hub","","WebPage+Breadcrumbs",681,"Low","Low","P2"
"https://freeaccuratecalculator.com/countries/united-kingdom/loan-calculator/",200,true,false,"INDEX,FOLLOW","https://freeaccuratecalculator.com/countries/united-kingdom/loan-calculator/",true,Yes,false,"United Kingdom Loan Calculator (£) — Free Online Calculator | Free Accurate Calculator","Accurate United Kingdom Loan Calculator with GBP (£) formatting and standard numerical precision. Free; instant client-side calculation.","United Kingdom Loan Calculator","en","united-kingdom","country-hub","loan-calculator","SoftwareApplication+Breadcrumbs",750,"Low-Moderate (Localized Params)","Low","P2"
"https://freeaccuratecalculator.com/countries/united-kingdom/love/",200,true,false,"INDEX,FOLLOW","https://freeaccuratecalculator.com/countries/united-kingdom/love/",true,Yes,false,"United Kingdom Love Calculators — Free Online Tools (£) | Free Accurate Calculator","Accurate United Kingdom love calculators customized with GBP (£) currency; statutory formulas; and instant edge calculation. 100% free and private.","United Kingdom Love Calculators. Compatibility &amp; Connection.","en","united-kingdom","country-hub","","WebPage+Breadcrumbs",678,"Low","Low","P2"
"https://freeaccuratecalculator.com/countries/united-kingdom/marketing/",200,true,false,"INDEX,FOLLOW","https://freeaccuratecalculator.com/countries/united-kingdom/marketing/",true,Yes,false,"United Kingdom Marketing Calculators — Free Online Tools (£) | Free Accurate Calculator","Accurate United Kingdom marketing calculators customized with GBP (£) currency; statutory formulas; and instant edge calculation. 100% free and private.","United Kingdom Marketing Calculators. Fast; Accurate &amp; Clean.","en","united-kingdom","country-hub","","WebPage+Breadcrumbs",671,"Low","Low","P2"
"https://freeaccuratecalculator.com/countries/united-kingdom/math/",200,true,false,"INDEX,FOLLOW","https://freeaccuratecalculator.com/countries/united-kingdom/math/",true,Yes,false,"United Kingdom Math Calculators — Free Online Tools (£) | Free Accurate Calculator","Accurate United Kingdom math calculators customized with GBP (£) currency; statutory formulas; and instant edge calculation. 100% free and private.","United Kingdom Math Calculators. Fast; Accurate &amp; Free.","en","united-kingdom","country-hub","","WebPage+Breadcrumbs",660,"Low","Low","P2"
"https://freeaccuratecalculator.com/countries/united-kingdom/mortgage-calculator/",200,true,false,"INDEX,FOLLOW","https://freeaccuratecalculator.com/countries/united-kingdom/mortgage-calculator/",true,Yes,false,"United Kingdom Mortgage Calculator (£) — Free Online Calculator | Free Accurate Calculator","Accurate United Kingdom Mortgage Calculator with GBP (£) formatting and standard numerical precision. Free; instant client-side calculation.","United Kingdom Mortgage Calculator","en","united-kingdom","country-hub","mortgage-calculator","SoftwareApplication+Breadcrumbs",848,"Low-Moderate (Localized Params)","Low","P2"
"https://freeaccuratecalculator.com/countries/united-kingdom/physics/",200,true,false,"INDEX,FOLLOW","https://freeaccuratecalculator.com/countries/united-kingdom/physics/",true,Yes,false,"United Kingdom Physics Calculators — Free Online Tools (£) | Free Accurate Calculator","Accurate United Kingdom physics calculators customized with GBP (£) currency; statutory formulas; and instant edge calculation. 100% free and private.","United Kingdom Physics Calculators. Fast; Accurate &amp; Clean.","en","united-kingdom","country-hub","","WebPage+Breadcrumbs",671,"Low","Low","P2"
"https://freeaccuratecalculator.com/countries/united-kingdom/property-tax-calculator/",200,true,false,"INDEX,FOLLOW","https://freeaccuratecalculator.com/countries/united-kingdom/property-tax-calculator/",true,Yes,false,"United Kingdom Property Tax Calculator (£) — Free Online Calculator | Free Accurate Calculator","Accurate United Kingdom Property Tax Calculator with GBP (£) formatting and standard numerical precision. Free; instant client-side calculation.","United Kingdom Property Tax Calculator","en","united-kingdom","country-hub","property-tax-calculator","SoftwareApplication+Breadcrumbs",739,"Low-Moderate (Localized Params)","Low","P2"
"https://freeaccuratecalculator.com/countries/united-kingdom/real-estate/",200,true,false,"INDEX,FOLLOW","https://freeaccuratecalculator.com/countries/united-kingdom/real-estate/",true,Yes,false,"United Kingdom Real Estate Calculators — Free Online Tools (£) | Free Accurate Calculator","Accurate United Kingdom real estate calculators customized with GBP (£) currency; statutory formulas; and instant edge calculation. 100% free and private.","United Kingdom Real Estate Calculators. Fast; Accurate &amp; Clean.","en","united-kingdom","country-hub","","WebPage+Breadcrumbs",687,"Low","Low","P2"
"https://freeaccuratecalculator.com/countries/united-kingdom/real-estate/property-tax-calculator/",200,true,false,"INDEX,FOLLOW","https://freeaccuratecalculator.com/countries/united-kingdom/real-estate/property-tax-calculator/",true,Yes,false,"United Kingdom Property Tax Calculator (£) — Free Online Calculator | Free Accurate Calculator","Accurate United Kingdom Property Tax Calculator with GBP (£) formatting and standard numerical precision. Free; instant client-side calculation.","United Kingdom Property Tax Calculator","en","united-kingdom","real-estate","property-tax-calculator","SoftwareApplication+Breadcrumbs",739,"Low-Moderate (Localized Params)","Low","P2"
"https://freeaccuratecalculator.com/countries/united-kingdom/real-estate/stamp-duty-calculator/",200,true,false,"INDEX,FOLLOW","https://freeaccuratecalculator.com/countries/united-kingdom/real-estate/stamp-duty-calculator/",true,Yes,false,"United Kingdom Property Tax Calculator (£) — Free Online Calculator | Free Accurate Calculator","Accurate United Kingdom Property Tax Calculator with GBP (£) formatting and standard numerical precision. Free; instant client-side calculation.","United Kingdom Property Tax Calculator","en","united-kingdom","real-estate","stamp-duty-calculator","SoftwareApplication+Breadcrumbs",739,"Low-Moderate (Localized Params)","Low","P2"
"https://freeaccuratecalculator.com/countries/united-kingdom/salary-calculator/",200,true,false,"INDEX,FOLLOW","https://freeaccuratecalculator.com/countries/united-kingdom/salary-calculator/",true,Yes,false,"United Kingdom Salary Calculator (£) — Free Online Calculator | Free Accurate Calculator","Accurate United Kingdom Salary Calculator with GBP (£) formatting and standard numerical precision. Free; instant client-side calculation.","United Kingdom Salary Calculator","en","united-kingdom","country-hub","salary-calculator","SoftwareApplication+Breadcrumbs",713,"Low-Moderate (Localized Params)","Low","P2"
"https://freeaccuratecalculator.com/countries/united-kingdom/sales-tax-calculator/",200,true,false,"INDEX,FOLLOW","https://freeaccuratecalculator.com/countries/united-kingdom/sales-tax-calculator/",true,Yes,false,"United Kingdom Sales Tax Calculator (£) — Free Online Calculator | Free Accurate Calculator","Accurate United Kingdom Sales Tax Calculator with GBP (£) formatting and standard numerical precision. Free; instant client-side calculation.","United Kingdom Sales Tax Calculator","en","united-kingdom","country-hub","sales-tax-calculator","SoftwareApplication+Breadcrumbs",739,"Low-Moderate (Localized Params)","Low","P2"
"https://freeaccuratecalculator.com/countries/united-kingdom/sports/",200,true,false,"INDEX,FOLLOW","https://freeaccuratecalculator.com/countries/united-kingdom/sports/",true,Yes,false,"United Kingdom Sports Calculators — Free Online Tools (£) | Free Accurate Calculator","Accurate United Kingdom sports calculators customized with GBP (£) currency; statutory formulas; and instant edge calculation. 100% free and private.","United Kingdom Sports Calculators. Fast; Accurate &amp; Clean.","en","united-kingdom","country-hub","","WebPage+Breadcrumbs",685,"Low","Low","P2"
"https://freeaccuratecalculator.com/countries/united-kingdom/stamp-duty-calculator/",200,true,false,"INDEX,FOLLOW","https://freeaccuratecalculator.com/countries/united-kingdom/stamp-duty-calculator/",true,Yes,false,"United Kingdom Property Tax Calculator (£) — Free Online Calculator | Free Accurate Calculator","Accurate United Kingdom Property Tax Calculator with GBP (£) formatting and standard numerical precision. Free; instant client-side calculation.","United Kingdom Property Tax Calculator","en","united-kingdom","country-hub","stamp-duty-calculator","SoftwareApplication+Breadcrumbs",739,"Low-Moderate (Localized Params)","Low","P2"
"https://freeaccuratecalculator.com/countries/united-kingdom/statistics/",200,true,false,"INDEX,FOLLOW","https://freeaccuratecalculator.com/countries/united-kingdom/statistics/",true,Yes,false,"United Kingdom Statistics Calculators — Free Online Tools (£) | Free Accurate Calculator","Accurate United Kingdom statistics calculators customized with GBP (£) currency; statutory formulas; and instant edge calculation. 100% free and private.","United Kingdom Statistics Calculators. Fast; Accurate &amp; Free.","en","united-kingdom","country-hub","","WebPage+Breadcrumbs",673,"Low","Low","P2"
"https://freeaccuratecalculator.com/countries/united-kingdom/technology/",200,true,false,"INDEX,FOLLOW","https://freeaccuratecalculator.com/countries/united-kingdom/technology/",true,Yes,false,"United Kingdom Technology Calculators — Free Online Tools (£) | Free Accurate Calculator","Accurate United Kingdom technology calculators customized with GBP (£) currency; statutory formulas; and instant edge calculation. 100% free and private.","United Kingdom Technology Calculators. Fast; Accurate &amp; Free.","en","united-kingdom","country-hub","","WebPage+Breadcrumbs",668,"Low","Low","P2"
"https://freeaccuratecalculator.com/countries/united-kingdom/vat-calculator/",200,true,false,"INDEX,FOLLOW","https://freeaccuratecalculator.com/countries/united-kingdom/vat-calculator/",true,Yes,false,"United Kingdom Sales Tax Calculator (£) — Free Online Calculator | Free Accurate Calculator","Accurate United Kingdom Sales Tax Calculator with GBP (£) formatting and standard numerical precision. Free; instant client-side calculation.","United Kingdom Sales Tax Calculator","en","united-kingdom","country-hub","vat-calculator","SoftwareApplication+Breadcrumbs",739,"Low-Moderate (Localized Params)","Low","P2"
"https://freeaccuratecalculator.com/countries/united-states/401k-calculator/",200,true,false,"INDEX,FOLLOW","https://freeaccuratecalculator.com/countries/united-states/401k-calculator/",true,Yes,false,"United States 401(k) Calculator ($) — Free Online Calculator | Free Accurate Calculator","Accurate United States 401(k) Calculator with USD ($) formatting and standard numerical precision. Free; instant client-side calculation.","United States 401(k) Calculator","en","united-states","country-hub","401k-calculator","SoftwareApplication+Breadcrumbs",812,"Low-Moderate (Localized Params)","Low","P1"
"https://freeaccuratecalculator.com/countries/united-states/auto-loan-calculator/",200,true,false,"INDEX,FOLLOW","https://freeaccuratecalculator.com/countries/united-states/auto-loan-calculator/",true,Yes,false,"United States Auto Loan Calculator ($) — Free Online Calculator | Free Accurate Calculator","Accurate United States Auto Loan Calculator with USD ($) formatting and standard numerical precision. Free; instant client-side calculation.","United States Auto Loan Calculator","en","united-states","country-hub","auto-loan-calculator","SoftwareApplication+Breadcrumbs",767,"Low-Moderate (Localized Params)","Low","P1"
"https://freeaccuratecalculator.com/countries/united-states/automotive/",200,true,false,"INDEX,FOLLOW","https://freeaccuratecalculator.com/countries/united-states/automotive/",true,Yes,false,"United States Automotive Calculators — Free Online Tools ($) | Free Accurate Calculator","Accurate United States automotive calculators customized with USD ($) currency; statutory formulas; and instant edge calculation. 100% free and private.","United States Automotive Calculators. Fast; Accurate &amp; Clean.","en","united-states","country-hub","","WebPage+Breadcrumbs",675,"Low","Low","P1"
"https://freeaccuratecalculator.com/countries/united-states/biology/",200,true,false,"INDEX,FOLLOW","https://freeaccuratecalculator.com/countries/united-states/biology/",true,Yes,false,"United States Biology Calculators — Free Online Tools ($) | Free Accurate Calculator","Accurate United States biology calculators customized with USD ($) currency; statutory formulas; and instant edge calculation. 100% free and private.","United States Biology Calculators. Fast; Accurate &amp; Free.","en","united-states","country-hub","","WebPage+Breadcrumbs",667,"Low","Low","P1"
"https://freeaccuratecalculator.com/countries/united-states/business/",200,true,false,"INDEX,FOLLOW","https://freeaccuratecalculator.com/countries/united-states/business/",true,Yes,false,"United States Business Calculators — Free Online Tools ($) | Free Accurate Calculator","Accurate United States business calculators customized with USD ($) currency; statutory formulas; and instant edge calculation. 100% free and private.","United States Business Calculators. Fast; Accurate &amp; Clean.","en","united-states","country-hub","","WebPage+Breadcrumbs",670,"Low","Low","P1"
"https://freeaccuratecalculator.com/countries/united-states/chemistry/",200,true,false,"INDEX,FOLLOW","https://freeaccuratecalculator.com/countries/united-states/chemistry/",true,Yes,false,"United States Chemistry Calculators — Free Online Tools ($) | Free Accurate Calculator","Accurate United States chemistry calculators customized with USD ($) currency; statutory formulas; and instant edge calculation. 100% free and private.","United States Chemistry Calculators. Fast; Accurate &amp; Free.","en","united-states","country-hub","","WebPage+Breadcrumbs",676,"Low","Moderate (Intent Segmented)","P1"
"https://freeaccuratecalculator.com/countries/united-states/compound-interest-calculator/",200,true,false,"INDEX,FOLLOW","https://freeaccuratecalculator.com/countries/united-states/compound-interest-calculator/",true,Yes,false,"United States Compound Interest Calculator ($) — Free Online Calculator | Free Accurate Calculator","Accurate United States Compound Interest Calculator with USD ($) formatting and standard numerical precision. Free; instant client-side calculation.","United States Compound Interest Calculator","en","united-states","country-hub","compound-interest-calculator","SoftwareApplication+Breadcrumbs",829,"Low-Moderate (Localized Params)","Low","P1"
"https://freeaccuratecalculator.com/countries/united-states/construction/",200,true,false,"INDEX,FOLLOW","https://freeaccuratecalculator.com/countries/united-states/construction/",true,Yes,false,"United States Construction Calculators — Free Online Tools ($) | Free Accurate Calculator","Accurate United States construction calculators customized with USD ($) currency; statutory formulas; and instant edge calculation. 100% free and private.","United States Construction Calculators. Fast; Accurate &amp; Free.","en","united-states","country-hub","","WebPage+Breadcrumbs",678,"Low","Low","P1"
"https://freeaccuratecalculator.com/countries/united-states/converter/",200,true,false,"INDEX,FOLLOW","https://freeaccuratecalculator.com/countries/united-states/converter/",true,Yes,false,"United States Converter Calculators — Free Online Tools ($) | Free Accurate Calculator","Accurate United States converter calculators customized with USD ($) currency; statutory formulas; and instant edge calculation. 100% free and private.","United States Converter Calculators. Fast; Accurate &amp; Free.","en","united-states","country-hub","","WebPage+Breadcrumbs",673,"Low","Low","P1"
"https://freeaccuratecalculator.com/countries/united-states/ecology/",200,true,false,"INDEX,FOLLOW","https://freeaccuratecalculator.com/countries/united-states/ecology/",true,Yes,false,"United States Ecology Calculators — Free Online Tools ($) | Free Accurate Calculator","Accurate United States ecology calculators customized with USD ($) currency; statutory formulas; and instant edge calculation. 100% free and private.","United States Ecology Calculators. Fast; Accurate &amp; Free.","en","united-states","country-hub","","WebPage+Breadcrumbs",682,"Low","Low","P1"
"https://freeaccuratecalculator.com/countries/united-states/everyday/",200,true,false,"INDEX,FOLLOW","https://freeaccuratecalculator.com/countries/united-states/everyday/",true,Yes,false,"United States Everyday Calculators — Free Online Tools ($) | Free Accurate Calculator","Accurate United States everyday calculators customized with USD ($) currency; statutory formulas; and instant edge calculation. 100% free and private.","United States Everyday Calculators. Fast; Accurate &amp; Clean.","en","united-states","country-hub","","WebPage+Breadcrumbs",696,"Low","Low","P1"
"https://freeaccuratecalculator.com/countries/united-states/finance/401k-calculator/",200,true,false,"INDEX,FOLLOW","https://freeaccuratecalculator.com/countries/united-states/finance/401k-calculator/",true,Yes,false,"United States 401(k) Calculator ($) — Free Online Calculator | Free Accurate Calculator","Accurate United States 401(k) Calculator with USD ($) formatting and standard numerical precision. Free; instant client-side calculation.","United States 401(k) Calculator","en","united-states","finance","401k-calculator","SoftwareApplication+Breadcrumbs",812,"Low-Moderate (Localized Params)","Low","P1"
"https://freeaccuratecalculator.com/countries/united-states/finance/auto-loan-calculator/",200,true,false,"INDEX,FOLLOW","https://freeaccuratecalculator.com/countries/united-states/finance/auto-loan-calculator/",true,Yes,false,"United States Auto Loan Calculator ($) — Free Online Calculator | Free Accurate Calculator","Accurate United States Auto Loan Calculator with USD ($) formatting and standard numerical precision. Free; instant client-side calculation.","United States Auto Loan Calculator","en","united-states","finance","auto-loan-calculator","SoftwareApplication+Breadcrumbs",767,"Low-Moderate (Localized Params)","Low","P1"
"https://freeaccuratecalculator.com/countries/united-states/finance/compound-interest-calculator/",200,true,false,"INDEX,FOLLOW","https://freeaccuratecalculator.com/countries/united-states/finance/compound-interest-calculator/",true,Yes,false,"United States Compound Interest Calculator ($) — Free Online Calculator | Free Accurate Calculator","Accurate United States Compound Interest Calculator with USD ($) formatting and standard numerical precision. Free; instant client-side calculation.","United States Compound Interest Calculator","en","united-states","finance","compound-interest-calculator","SoftwareApplication+Breadcrumbs",829,"Low-Moderate (Localized Params)","Low","P1"
"https://freeaccuratecalculator.com/countries/united-states/finance/income-tax-calculator/",200,true,false,"INDEX,FOLLOW","https://freeaccuratecalculator.com/countries/united-states/finance/income-tax-calculator/",true,Yes,false,"United States Salary Calculator ($) — Free Online Calculator | Free Accurate Calculator","Accurate United States Salary Calculator with USD ($) formatting and standard numerical precision. Free; instant client-side calculation.","United States Salary Calculator","en","united-states","finance","income-tax-calculator","SoftwareApplication+Breadcrumbs",720,"Low-Moderate (Localized Params)","Low","P1"
"https://freeaccuratecalculator.com/countries/united-states/finance/",200,true,false,"INDEX,FOLLOW","https://freeaccuratecalculator.com/countries/united-states/finance/",true,Yes,false,"United States Finance Calculators — Free Online Tools ($) | Free Accurate Calculator","Accurate United States finance calculators customized with USD ($) currency; statutory formulas; and instant edge calculation. 100% free and private.","United States Finance Calculators. Fast; Accurate &amp; Clean.","en","united-states","country-hub","","WebPage+Breadcrumbs",872,"Low","Low","P1"
"https://freeaccuratecalculator.com/countries/united-states/finance/mortgage-calculator/",200,true,false,"INDEX,FOLLOW","https://freeaccuratecalculator.com/countries/united-states/finance/mortgage-calculator/",true,Yes,false,"United States Mortgage Calculator ($) — Free Online Calculator | Free Accurate Calculator","Accurate United States Mortgage Calculator with USD ($) formatting and standard numerical precision. Free; instant client-side calculation.","United States Mortgage Calculator","en","united-states","finance","mortgage-calculator","SoftwareApplication+Breadcrumbs",859,"Low-Moderate (Localized Params)","Low","P1"
"https://freeaccuratecalculator.com/countries/united-states/finance/roth-ira-calculator/",200,true,false,"INDEX,FOLLOW","https://freeaccuratecalculator.com/countries/united-states/finance/roth-ira-calculator/",true,Yes,false,"United States Roth IRA Calculator ($) — Free Online Calculator | Free Accurate Calculator","Accurate United States Roth IRA Calculator with USD ($) formatting and standard numerical precision. Free; instant client-side calculation.","United States Roth IRA Calculator","en","united-states","finance","roth-ira-calculator","SoftwareApplication+Breadcrumbs",801,"Low-Moderate (Localized Params)","Low","P1"
"https://freeaccuratecalculator.com/countries/united-states/finance/salary-calculator/",200,true,false,"INDEX,FOLLOW","https://freeaccuratecalculator.com/countries/united-states/finance/salary-calculator/",true,Yes,false,"United States Salary Calculator ($) — Free Online Calculator | Free Accurate Calculator","Accurate United States Salary Calculator with USD ($) formatting and standard numerical precision. Free; instant client-side calculation.","United States Salary Calculator","en","united-states","finance","salary-calculator","SoftwareApplication+Breadcrumbs",720,"Low-Moderate (Localized Params)","Low","P1"
"https://freeaccuratecalculator.com/countries/united-states/food/",200,true,false,"INDEX,FOLLOW","https://freeaccuratecalculator.com/countries/united-states/food/",true,Yes,false,"United States Food Calculators — Free Online Tools ($) | Free Accurate Calculator","Accurate United States food calculators customized with USD ($) currency; statutory formulas; and instant edge calculation. 100% free and private.","United States Food Calculators. Fast; Accurate &amp; Free.","en","united-states","country-hub","","WebPage+Breadcrumbs",686,"Low","Low","P1"
"https://freeaccuratecalculator.com/countries/united-states/health/",200,true,false,"INDEX,FOLLOW","https://freeaccuratecalculator.com/countries/united-states/health/",true,Yes,false,"United States Health Calculators — Free Online Tools ($) | Free Accurate Calculator","Accurate United States health calculators customized with USD ($) currency; statutory formulas; and instant edge calculation. 100% free and private.","United States Health Calculators. Fast; Accurate &amp; Private.","en","united-states","country-hub","","WebPage+Breadcrumbs",730,"Low","Low","P1"
"https://freeaccuratecalculator.com/countries/united-states/income-tax-calculator/",200,true,false,"INDEX,FOLLOW","https://freeaccuratecalculator.com/countries/united-states/income-tax-calculator/",true,Yes,false,"United States Salary Calculator ($) — Free Online Calculator | Free Accurate Calculator","Accurate United States Salary Calculator with USD ($) formatting and standard numerical precision. Free; instant client-side calculation.","United States Salary Calculator","en","united-states","country-hub","income-tax-calculator","SoftwareApplication+Breadcrumbs",720,"Low-Moderate (Localized Params)","Low","P1"
"https://freeaccuratecalculator.com/countries/united-states/",200,true,false,"INDEX,FOLLOW","https://freeaccuratecalculator.com/countries/united-states/",true,Yes,false,"United States Calculators — Free Online Finance; Tax &amp; Utility Tools ($) | Free Accurate Calculator","Mathematically verified online calculators for United States. Customized with USD ($) currency; standard grouping; and statutory financial rules.","United States Calculators. Fast; Accurate &amp; Clean.","en","united-states","countries","","WebPage+Breadcrumbs",646,"Low","Low","P1"
"https://freeaccuratecalculator.com/countries/united-states/insurance/",200,true,false,"INDEX,FOLLOW","https://freeaccuratecalculator.com/countries/united-states/insurance/",true,Yes,false,"United States Insurance Calculators — Free Online Tools ($) | Free Accurate Calculator","Accurate United States insurance calculators customized with USD ($) currency; statutory formulas; and instant edge calculation. 100% free and private.","United States Insurance Calculators. Fast; Accurate &amp; Clean.","en","united-states","country-hub","","WebPage+Breadcrumbs",748,"Low","Low","P1"
"https://freeaccuratecalculator.com/countries/united-states/legal/",200,true,false,"INDEX,FOLLOW","https://freeaccuratecalculator.com/countries/united-states/legal/",true,Yes,false,"United States Legal Calculators — Free Online Tools ($) | Free Accurate Calculator","Accurate United States legal calculators customized with USD ($) currency; statutory formulas; and instant edge calculation. 100% free and private.","United States Legal Calculators. Fast; Accurate &amp; Private.","en","united-states","country-hub","","WebPage+Breadcrumbs",682,"Low","Low","P1"
"https://freeaccuratecalculator.com/countries/united-states/love/",200,true,false,"INDEX,FOLLOW","https://freeaccuratecalculator.com/countries/united-states/love/",true,Yes,false,"United States Love Calculators — Free Online Tools ($) | Free Accurate Calculator","Accurate United States love calculators customized with USD ($) currency; statutory formulas; and instant edge calculation. 100% free and private.","United States Love Calculators. Compatibility &amp; Connection.","en","united-states","country-hub","","WebPage+Breadcrumbs",679,"Low","Low","P1"
"https://freeaccuratecalculator.com/countries/united-states/marketing/",200,true,false,"INDEX,FOLLOW","https://freeaccuratecalculator.com/countries/united-states/marketing/",true,Yes,false,"United States Marketing Calculators — Free Online Tools ($) | Free Accurate Calculator","Accurate United States marketing calculators customized with USD ($) currency; statutory formulas; and instant edge calculation. 100% free and private.","United States Marketing Calculators. Fast; Accurate &amp; Clean.","en","united-states","country-hub","","WebPage+Breadcrumbs",672,"Low","Low","P1"
"https://freeaccuratecalculator.com/countries/united-states/math/",200,true,false,"INDEX,FOLLOW","https://freeaccuratecalculator.com/countries/united-states/math/",true,Yes,false,"United States Math Calculators — Free Online Tools ($) | Free Accurate Calculator","Accurate United States math calculators customized with USD ($) currency; statutory formulas; and instant edge calculation. 100% free and private.","United States Math Calculators. Fast; Accurate &amp; Free.","en","united-states","country-hub","","WebPage+Breadcrumbs",661,"Low","Low","P1"
"https://freeaccuratecalculator.com/countries/united-states/mortgage-calculator/",200,true,false,"INDEX,FOLLOW","https://freeaccuratecalculator.com/countries/united-states/mortgage-calculator/",true,Yes,false,"United States Mortgage Calculator ($) — Free Online Calculator | Free Accurate Calculator","Accurate United States Mortgage Calculator with USD ($) formatting and standard numerical precision. Free; instant client-side calculation.","United States Mortgage Calculator","en","united-states","country-hub","mortgage-calculator","SoftwareApplication+Breadcrumbs",859,"Low-Moderate (Localized Params)","Low","P1"
"https://freeaccuratecalculator.com/countries/united-states/physics/",200,true,false,"INDEX,FOLLOW","https://freeaccuratecalculator.com/countries/united-states/physics/",true,Yes,false,"United States Physics Calculators — Free Online Tools ($) | Free Accurate Calculator","Accurate United States physics calculators customized with USD ($) currency; statutory formulas; and instant edge calculation. 100% free and private.","United States Physics Calculators. Fast; Accurate &amp; Clean.","en","united-states","country-hub","","WebPage+Breadcrumbs",672,"Low","Low","P1"
"https://freeaccuratecalculator.com/countries/united-states/real-estate/",200,true,false,"INDEX,FOLLOW","https://freeaccuratecalculator.com/countries/united-states/real-estate/",true,Yes,false,"United States Real Estate Calculators — Free Online Tools ($) | Free Accurate Calculator","Accurate United States real estate calculators customized with USD ($) currency; statutory formulas; and instant edge calculation. 100% free and private.","United States Real Estate Calculators. Fast; Accurate &amp; Clean.","en","united-states","country-hub","","WebPage+Breadcrumbs",688,"Low","Low","P1"
"https://freeaccuratecalculator.com/countries/united-states/roth-ira-calculator/",200,true,false,"INDEX,FOLLOW","https://freeaccuratecalculator.com/countries/united-states/roth-ira-calculator/",true,Yes,false,"United States Roth IRA Calculator ($) — Free Online Calculator | Free Accurate Calculator","Accurate United States Roth IRA Calculator with USD ($) formatting and standard numerical precision. Free; instant client-side calculation.","United States Roth IRA Calculator","en","united-states","country-hub","roth-ira-calculator","SoftwareApplication+Breadcrumbs",801,"Low-Moderate (Localized Params)","Low","P1"
"https://freeaccuratecalculator.com/countries/united-states/salary-calculator/",200,true,false,"INDEX,FOLLOW","https://freeaccuratecalculator.com/countries/united-states/salary-calculator/",true,Yes,false,"United States Salary Calculator ($) — Free Online Calculator | Free Accurate Calculator","Accurate United States Salary Calculator with USD ($) formatting and standard numerical precision. Free; instant client-side calculation.","United States Salary Calculator","en","united-states","country-hub","salary-calculator","SoftwareApplication+Breadcrumbs",720,"Low-Moderate (Localized Params)","Low","P1"
"https://freeaccuratecalculator.com/countries/united-states/sports/",200,true,false,"INDEX,FOLLOW","https://freeaccuratecalculator.com/countries/united-states/sports/",true,Yes,false,"United States Sports Calculators — Free Online Tools ($) | Free Accurate Calculator","Accurate United States sports calculators customized with USD ($) currency; statutory formulas; and instant edge calculation. 100% free and private.","United States Sports Calculators. Fast; Accurate &amp; Clean.","en","united-states","country-hub","","WebPage+Breadcrumbs",686,"Low","Low","P1"
"https://freeaccuratecalculator.com/countries/united-states/statistics/",200,true,false,"INDEX,FOLLOW","https://freeaccuratecalculator.com/countries/united-states/statistics/",true,Yes,false,"United States Statistics Calculators — Free Online Tools ($) | Free Accurate Calculator","Accurate United States statistics calculators customized with USD ($) currency; statutory formulas; and instant edge calculation. 100% free and private.","United States Statistics Calculators. Fast; Accurate &amp; Free.","en","united-states","country-hub","","WebPage+Breadcrumbs",674,"Low","Low","P1"
"https://freeaccuratecalculator.com/countries/united-states/technology/",200,true,false,"INDEX,FOLLOW","https://freeaccuratecalculator.com/countries/united-states/technology/",true,Yes,false,"United States Technology Calculators — Free Online Tools ($) | Free Accurate Calculator","Accurate United States technology calculators customized with USD ($) currency; statutory formulas; and instant edge calculation. 100% free and private.","United States Technology Calculators. Fast; Accurate &amp; Free.","en","united-states","country-hub","","WebPage+Breadcrumbs",669,"Low","Low","P1"
"https://freeaccuratecalculator.com/de/",200,true,false,"INDEX,FOLLOW","https://freeaccuratecalculator.com/de/",true,Yes,false,"Kostenlose Präzise Rechner — Schnell und Exakt Online | Free Accurate Calculator","Mathematisch verifizierte Online-Rechner für Finanzen; Gesundheit; Mathematik und Alltag mit sofortiger lokaler Privatsphäre und Zero-Lag.","Berechnungen Richtig Gemacht. Schnell; Präzise &amp; Zuverlässig.","de","","i18n-home","","WebPage+Breadcrumbs",684,"Low","Low","P2"
"https://freeaccuratecalculator.com/ecology/carbon-footprint-calculator/",200,true,false,"INDEX,FOLLOW","https://freeaccuratecalculator.com/ecology/carbon-footprint-calculator/",true,Yes,false,"Free Carbon Footprint Calculator — Annual Greenhouse Gas Emissions | Free Accurate Calculator","Calculate your annual household greenhouse gas footprint in metric tons of CO₂ equivalent across electricity; vehicle fuel; and air travel.","Carbon Footprint Calculator","en","","ecology","carbon-footprint-calculator","SoftwareApplication+Breadcrumbs",533,"Low","Low","P2"
"https://freeaccuratecalculator.com/ecology/compost-ratio-calculator/",200,true,false,"INDEX,FOLLOW","https://freeaccuratecalculator.com/ecology/compost-ratio-calculator/",true,Yes,false,"Free Compost C:N Ratio Calculator — Carbon to Nitrogen Balance | Free Accurate Calculator","Calculate the optimal Carbon-to-Nitrogen (C:N) ratio for rapid organic composting by balancing browns (carbon) and greens (nitrogen).","Composting C:N Ratio Tool","en","","ecology","compost-ratio-calculator","SoftwareApplication+Breadcrumbs",536,"Low","Low","P2"
"https://freeaccuratecalculator.com/ecology/",200,true,false,"INDEX,FOLLOW","https://freeaccuratecalculator.com/ecology/",true,Yes,false,"Ecology Calculators — Fast; Accurate &amp; Free Online Tools | Free Accurate Calculator","Carbon footprint emissions; residential solar photovoltaic generation; water conservation savings; and compost C:N ratios.","Ecology Calculators. Fast; Accurate &amp; Free.","en","","ecology","","WebPage+Breadcrumbs",812,"Low","Low","P2"
"https://freeaccuratecalculator.com/ecology/solar-energy-calculator/",200,true,false,"INDEX,FOLLOW","https://freeaccuratecalculator.com/ecology/solar-energy-calculator/",true,Yes,false,"Free Solar Panel Calculator — Photovoltaic kWh Generation &amp; Utility Savings | Free Accurate Calculator","Calculate annual solar photovoltaic power generation and electric utility bill savings from system kilowatt size and peak sun hours.","Solar Panel Energy Tool","en","","ecology","solar-energy-calculator","SoftwareApplication+Breadcrumbs",537,"Low","Low","P2"
"https://freeaccuratecalculator.com/ecology/water-conservation-calculator/",200,true,false,"INDEX,FOLLOW","https://freeaccuratecalculator.com/ecology/water-conservation-calculator/",true,Yes,false,"Free Water Conservation Calculator — Gallons Saved &amp; Utility Reduction | Free Accurate Calculator","Calculate annual water and money saved by upgrading fixtures to high-efficiency WaterSense showerheads; aerators; and dual-flush toilets.","Water Conservation Tool","en","","ecology","water-conservation-calculator","SoftwareApplication+Breadcrumbs",524,"Low","Low","P2"
"https://freeaccuratecalculator.com/es/guides/how-compound-interest-works/",200,true,false,"INDEX,FOLLOW","https://freeaccuratecalculator.com/es/guides/how-compound-interest-works/",true,Yes,false,"Cómo Funciona el Interés Compuesto: Fórmulas y Cálculos Prácticos | Free Accurate Calculator","Aprenda cómo opera el interés compuesto con fórmulas rigurosas; ejemplos paso a paso; frecuencias de capitalización; aportaciones periódicas; TAE y cálculos prácticos.","Cómo Funciona el Interés Compuesto: Fórmulas; Ejemplos y Cálculos Paso a Paso","es","","guides","","WebPage+Breadcrumbs",684,"Low","Low","P2"
"https://freeaccuratecalculator.com/es/guides/how-to-calculate-percentages-accurately/",200,true,false,"INDEX,FOLLOW","https://freeaccuratecalculator.com/es/guides/how-to-calculate-percentages-accurately/",true,Yes,false,"Cómo Calcular Porcentajes con Precisión: Fórmulas Reales y Errores Comunes | Free Accurate Calculator","Domine los cálculos de porcentajes; variación porcentual y porcentajes inversos con demostraciones matemáticas claras y cero ambigüedad.","Cómo Calcular Porcentajes con Precisión: Fórmulas Reales y Errores Comunes","es","","guides","","WebPage+Breadcrumbs",396,"Low","Low","P2"
"https://freeaccuratecalculator.com/es/guides/",200,true,false,"INDEX,FOLLOW","https://freeaccuratecalculator.com/es/guides/",true,Yes,false,"Guías Financieras y Matemáticas | Free Accurate Calculator","Artículos educativos; fórmulas matemáticas documentadas; ejemplos paso a paso y guías de cálculo cuantitativo en español.","Guías de Cálculo y Demostraciones Matemáticas","es","","guides","","WebPage+Breadcrumbs",339,"Low","Low","P2"
"https://freeaccuratecalculator.com/es/",200,true,false,"INDEX,FOLLOW","https://freeaccuratecalculator.com/es/",true,Yes,false,"Calculadoras Gratuitas y Precisas — Rápidas y Sin Esperas | Free Accurate Calculator","Calculadoras en línea verificadas matemáticamente para Finanzas; Salud; Matemáticas y Vida Cotidiana con máxima privacidad local y ejecución instantánea.","Cálculos Bien Hechos. Rápidos; Precisos y Claros.","es","","i18n-home","","WebPage+Breadcrumbs",787,"Low","Low","P2"
"https://freeaccuratecalculator.com/es/math/percentage-calculator/",200,true,false,"INDEX,FOLLOW","https://freeaccuratecalculator.com/es/math/percentage-calculator/",true,Yes,false,"Calculadora de Porcentajes Gratuita — Instantánea y Precisa | Free Accurate Calculator","Calcula porcentajes al instante con desglose paso a paso. Calcula el porcentaje de un número; aumentos; disminuciones y diferencias porcentuales.","Calculadora de Porcentajes","es","","math","percentage-calculator","SoftwareApplication+Breadcrumbs",706,"Low","Low","P2"
"https://freeaccuratecalculator.com/everyday/age-calculator/",200,true,false,"INDEX,FOLLOW","https://freeaccuratecalculator.com/everyday/age-calculator/",true,Yes,false,"Age Calculator — Exact Chronological Age in Days; Hours &amp; Live Seconds | Free Accurate Calculator","Calculate your exact chronological age in years; months; days; hours; minutes; and live ticking seconds. Includes future date limits; next birthday countdown; and birth day of week.","Age Calculator","en","","everyday","age-calculator","SoftwareApplication+Breadcrumbs",1106,"Low","Low","P0"
"https://freeaccuratecalculator.com/everyday/date-calculator/",200,true,false,"INDEX,FOLLOW","https://freeaccuratecalculator.com/everyday/date-calculator/",true,Yes,false,"Date Calculator — Days Between Dates &amp; Business Day Counter | Free Accurate Calculator","Calculate the number of calendar days; business working days; and weeks between two arbitrary dates.","Date Calculator","en","","everyday","date-calculator","SoftwareApplication+Breadcrumbs",499,"Low","Low","P1"
"https://freeaccuratecalculator.com/everyday/gpa-calculator/",200,true,false,"INDEX,FOLLOW","https://freeaccuratecalculator.com/everyday/gpa-calculator/",true,Yes,false,"GPA Calculator — 4.0 Scale Cumulative &amp; Semester Average | Free Accurate Calculator","Calculate high school or college Grade Point Average (GPA) on standard 4.0 weighted and unweighted scales.","GPA Calculator","en","","everyday","gpa-calculator","SoftwareApplication+Breadcrumbs",506,"Low","Low","P1"
"https://freeaccuratecalculator.com/everyday/grade-calculator/",200,true,false,"INDEX,FOLLOW","https://freeaccuratecalculator.com/everyday/grade-calculator/",true,Yes,false,"Grade Calculator — Weighted Assignments &amp; Final Exam Goal | Free Accurate Calculator","Calculate overall semester course grade from weighted assignments and determine what score is needed on the final exam.","Grade Calculator","en","","everyday","grade-calculator","SoftwareApplication+Breadcrumbs",503,"Low","Low","P1"
"https://freeaccuratecalculator.com/everyday/hours-calculator/",200,true,false,"INDEX,FOLLOW","https://freeaccuratecalculator.com/everyday/hours-calculator/",true,Yes,false,"Work Hours Calculator — Timesheet; Lunch Breaks &amp; Gross Pay | Free Accurate Calculator","Calculate daily and weekly work hours; deduct unpaid lunch breaks; and determine gross earnings.","Hours Calculator","en","","everyday","hours-calculator","SoftwareApplication+Breadcrumbs",497,"Low","Low","P1"
"https://freeaccuratecalculator.com/everyday/",200,true,false,"INDEX,FOLLOW","https://freeaccuratecalculator.com/everyday/",true,Yes,false,"Everyday Calculators — Verified Daily Life &amp; Utility Tools | Free Accurate Calculator","High-precision everyday life calculators: Age; Date Difference; Timesheet Hours; GPA; Grade Target; Concrete Volume; IPv4 Subnet; and Passwords. 100% free and private.","Everyday Calculators. Fast; Accurate & Private.","en","","everyday","","WebPage+Breadcrumbs",587,"Low","Low","P1"
"https://freeaccuratecalculator.com/everyday/time-calculator/",200,true,false,"INDEX,FOLLOW","https://freeaccuratecalculator.com/everyday/time-calculator/",true,Yes,false,"Time Calculator — Add &amp; Subtract Hours; Minutes &amp; Seconds | Free Accurate Calculator","Add or subtract hours; minutes; and seconds; convert between 12-hour AM/PM and 24-hour military time.","Time Calculator","en","","everyday","time-calculator","SoftwareApplication+Breadcrumbs",493,"Low","Low","P1"
"https://freeaccuratecalculator.com/finance/401k-calculator/",200,true,false,"INDEX,FOLLOW","https://freeaccuratecalculator.com/finance/401k-calculator/",true,Yes,false,"401(k) Calculator — Retirement Savings with Employer Match | Free Accurate Calculator","Project your future 401(k) balance; employee salary deferrals; employer matching contributions; and compound earnings.","401(k) Calculator","en","","finance","401k-calculator","SoftwareApplication+Breadcrumbs",753,"Low","Low","P1"
"https://freeaccuratecalculator.com/finance/amortization-calculator/",200,true,false,"INDEX,FOLLOW","https://freeaccuratecalculator.com/finance/amortization-calculator/",true,Yes,false,"Loan Amortization Calculator — Principal vs Interest Schedule | Free Accurate Calculator","Generate detailed month-by-month and annual amortization schedules showing balance reduction and interest payments.","Amortization Calculator","en","","finance","amortization-calculator","SoftwareApplication+Breadcrumbs",700,"Low","Low","P1"
"https://freeaccuratecalculator.com/finance/auto-loan-calculator/",200,true,false,"INDEX,FOLLOW","https://freeaccuratecalculator.com/finance/auto-loan-calculator/",true,Yes,false,"Auto Loan Calculator — Monthly Car Payment &amp; Financing Costs | Free Accurate Calculator","Calculate monthly car payments; financing costs; and trade-in adjustments with tax rate considerations.","Auto Loan Calculator","en","","finance","auto-loan-calculator","SoftwareApplication+Breadcrumbs",768,"Low","Low","P1"
"https://freeaccuratecalculator.com/finance/compound-interest-calculator/",200,true,false,"INDEX,FOLLOW","https://freeaccuratecalculator.com/finance/compound-interest-calculator/",true,Yes,false,"Compound Interest Calculator — Exponential Investment Growth | Free Accurate Calculator","Calculate compound interest growth on investments with regular contributions and flexible compounding frequencies.","Compound Interest Calculator","en","","finance","compound-interest-calculator","SoftwareApplication+Breadcrumbs",809,"Low","Low","P1"
"https://freeaccuratecalculator.com/finance/emi-calculator/",200,true,false,"INDEX,FOLLOW","https://freeaccuratecalculator.com/finance/emi-calculator/",true,Yes,false,"EMI Calculator — Equated Monthly Installment with Prepayment &amp; Lakh/Crore Support | Free Accurate Calculator","Calculate your exact loan EMI; extra payment savings; and multi-tab amortization schedule. Features real-time what-if reactivity; step-by-step mathematical proof; and Indian Lakh/Crore formatting.","EMI Calculator","en","","finance","emi-calculator","SoftwareApplication+Breadcrumbs",1099,"Low","Low","P0"
"https://freeaccuratecalculator.com/finance/epf-calculator/",200,true,false,"INDEX,FOLLOW","https://freeaccuratecalculator.com/finance/epf-calculator/",true,Yes,false,"EPF Calculator — Employees Provident Fund Corpus &amp; Pension Estimator | Free Accurate Calculator","Calculate total retirement corpus accumulated from Employee (12%) and Employer contributions under the EPFO scheme at 8.25%.","EPF Calculator","en","","finance","epf-calculator","SoftwareApplication+Breadcrumbs",732,"Low","Low","P1"
"https://freeaccuratecalculator.com/finance/finance-calculator/",200,true,false,"INDEX,FOLLOW","https://freeaccuratecalculator.com/finance/finance-calculator/",true,Yes,false,"Financial Calculator — Time Value of Money (TVM Solver) | Free Accurate Calculator","General-purpose Time Value of Money (TVM) calculator solving Present Value (PV); Future Value (FV); Interest; and Payments.","Finance Calculator","en","","finance","finance-calculator","SoftwareApplication+Breadcrumbs",720,"Low","Low","P1"
"https://freeaccuratecalculator.com/finance/gratuity-calculator/",200,true,false,"INDEX,FOLLOW","https://freeaccuratecalculator.com/finance/gratuity-calculator/",true,Yes,false,"Gratuity Calculator — Calculate Gratuity Amount Online (15/26 Formula) | Free Accurate Calculator","Calculate your statutory gratuity payout under the Payment of Gratuity Act based on last drawn basic salary and completed years of service.","Gratuity Calculator","en","","finance","gratuity-calculator","SoftwareApplication+Breadcrumbs",713,"Low","Low","P1"
"https://freeaccuratecalculator.com/finance/income-tax-calculator/",200,true,false,"INDEX,FOLLOW","https://freeaccuratecalculator.com/finance/income-tax-calculator/",true,Yes,false,"Income Tax Calculator 2026 — Multi-Country Slabs; Cess &amp; Marginal Tax Rates | Free Accurate Calculator","Calculate 2026 income tax with verified FY 2026-27 Indian slabs (4% cess; ₹75k std deduction) and 2026 IRS US inflation adjustments ($16;100 single; $24;500 401k).","Income Tax Calculator","en","","finance","income-tax-calculator","SoftwareApplication+Breadcrumbs",1155,"Low","Low","P0"
"https://freeaccuratecalculator.com/finance/",200,true,false,"INDEX,FOLLOW","https://freeaccuratecalculator.com/finance/",true,Yes,false,"Finance Calculators — Fast; Accurate &amp; Free Financial Tools | Free Accurate Calculator","Master your money with verified financial calculators: Loan EMI; Mortgage; SIP; Income Tax (Old vs New Regime); Compound Interest; 401(k); and Profit Margin.","Finance Calculators. Fast; Accurate & Private.","en","","finance","","WebPage+Breadcrumbs",576,"Low","Low","P1"
"https://freeaccuratecalculator.com/finance/inflation-calculator/",200,true,false,"INDEX,FOLLOW","https://freeaccuratecalculator.com/finance/inflation-calculator/",true,Yes,false,"Inflation Calculator — Purchasing Power &amp; Historical Value | Free Accurate Calculator","Calculate how inflation erodes purchasing power over time and determine what future amounts are worth in today’s dollars.","Inflation Calculator","en","","finance","inflation-calculator","SoftwareApplication+Breadcrumbs",720,"Low","Low","P1"
"https://freeaccuratecalculator.com/finance/interest-calculator/",200,true,false,"INDEX,FOLLOW","https://freeaccuratecalculator.com/finance/interest-calculator/",true,Yes,false,"Free Interest Calculator — Simple vs Compound Interest | Free Accurate Calculator","Calculate simple interest and compound interest side-by-side with principal returns and time breakdowns.","Interest Calculator","en","","finance","interest-calculator","SoftwareApplication+Breadcrumbs",705,"Low","Low","P1"
"https://freeaccuratecalculator.com/finance/interest-rate-calculator/",200,true,false,"INDEX,FOLLOW","https://freeaccuratecalculator.com/finance/interest-rate-calculator/",true,Yes,false,"Interest Rate Calculator — Nominal APR vs Effective APY | Free Accurate Calculator","Convert between nominal Annual Percentage Rate (APR) and Effective Annual Percentage Yield (APY) based on compounding.","Interest Rate Calculator","en","","finance","interest-rate-calculator","SoftwareApplication+Breadcrumbs",716,"Low","Low","P1"
"https://freeaccuratecalculator.com/finance/investment-calculator/",200,true,false,"INDEX,FOLLOW","https://freeaccuratecalculator.com/finance/investment-calculator/",true,Yes,false,"Investment Calculator — ROI; Capital Growth &amp; Portfolio Value | Free Accurate Calculator","Calculate future investment portfolio value; total return on investment (ROI); and annualized CAGR growth.","Investment Calculator","en","","finance","investment-calculator","SoftwareApplication+Breadcrumbs",707,"Low","Low","P1"
"https://freeaccuratecalculator.com/finance/loan-calculator/",200,true,false,"INDEX,FOLLOW","https://freeaccuratecalculator.com/finance/loan-calculator/",true,Yes,false,"Free Loan Calculator — Monthly Payments &amp; Total Interest | Free Accurate Calculator","Calculate monthly loan payments; total interest costs; and repayment schedules for personal; auto; or student loans.","Loan Calculator","en","","finance","loan-calculator","SoftwareApplication+Breadcrumbs",713,"Low","Low","P1"
"https://freeaccuratecalculator.com/finance/lumpsum-calculator/",200,true,false,"INDEX,FOLLOW","https://freeaccuratecalculator.com/finance/lumpsum-calculator/",true,Yes,false,"Lumpsum Calculator — Mutual Fund One-Time Return Calculator | Free Accurate Calculator","Calculate compound interest and future maturity wealth for a one-time lump-sum mutual fund or equity investment.","Lumpsum Calculator","en","","finance","lumpsum-calculator","SoftwareApplication+Breadcrumbs",711,"Low","Low","P1"
"https://freeaccuratecalculator.com/finance/mortgage-calculator/",200,true,false,"INDEX,FOLLOW","https://freeaccuratecalculator.com/finance/mortgage-calculator/",true,Yes,false,"Free Mortgage Calculator — Monthly Payment; Taxes &amp; Interest | Free Accurate Calculator","Calculate monthly mortgage payments including principal; interest; property taxes; and homeowners insurance with full amortization.","Mortgage Calculator","en","","finance","mortgage-calculator","SoftwareApplication+Breadcrumbs",776,"Low","Low","P1"
"https://freeaccuratecalculator.com/finance/payment-calculator/",200,true,false,"INDEX,FOLLOW","https://freeaccuratecalculator.com/finance/payment-calculator/",true,Yes,false,"Payment Calculator — Monthly Debt Payoff &amp; Repayment Schedule | Free Accurate Calculator","Calculate required monthly payments to eliminate debt within a target timeline or evaluate fixed payment outcomes.","Payment Calculator","en","","finance","payment-calculator","SoftwareApplication+Breadcrumbs",715,"Low","Low","P1"
"https://freeaccuratecalculator.com/finance/ppf-calculator/",200,true,false,"INDEX,FOLLOW","https://freeaccuratecalculator.com/finance/ppf-calculator/",true,Yes,false,"PPF Calculator — Public Provident Fund Interest &amp; Maturity Calculator | Free Accurate Calculator","Calculate maturity corpus and guaranteed tax-free interest under the Public Provident Fund (PPF) scheme over 15 years.","PPF Calculator","en","","finance","ppf-calculator","SoftwareApplication+Breadcrumbs",717,"Low","Low","P1"
"https://freeaccuratecalculator.com/finance/profit-margin-calculator/",200,true,false,"INDEX,FOLLOW","https://freeaccuratecalculator.com/finance/profit-margin-calculator/",true,Yes,false,"Profit Margin Calculator — Calculate Gross Margin; Markup &amp; Profit | Free Accurate Calculator","Calculate gross profit margin percentage; markup percentage; and profit from item cost and selling price.","Profit Margin Calculator","en","","finance","profit-margin-calculator","SoftwareApplication+Breadcrumbs",727,"Low","Low","P1"
"https://freeaccuratecalculator.com/finance/retirement-calculator/",200,true,false,"INDEX,FOLLOW","https://freeaccuratecalculator.com/finance/retirement-calculator/",true,Yes,false,"Retirement Calculator — 4% Rule; Nest Egg &amp; Savings Goals | Free Accurate Calculator","Calculate your required retirement nest egg; projected savings timeline; and sustainable safe withdrawal rate.","Retirement Calculator","en","","finance","retirement-calculator","SoftwareApplication+Breadcrumbs",731,"Low","Low","P1"
"https://freeaccuratecalculator.com/finance/roth-ira-calculator/",200,true,false,"INDEX,FOLLOW","https://freeaccuratecalculator.com/finance/roth-ira-calculator/",true,Yes,false,"Roth IRA Calculator — Tax-Free Compound Growth &amp; Retirement Wealth | Free Accurate Calculator","Calculate future tax-free retirement wealth in a Roth IRA with annual contributions and compounding market returns.","Roth IRA Calculator","en","","finance","roth-ira-calculator","SoftwareApplication+Breadcrumbs",742,"Low","Low","P1"
"https://freeaccuratecalculator.com/finance/salary/100000-in-hand-salary-india-new-regime/",200,true,false,"INDEX,FOLLOW","https://freeaccuratecalculator.com/finance/salary/100000-in-hand-salary-india-new-regime/",true,Yes,false,"₹1 Lakh Monthly In-Hand Salary in India — Take-Home Calculation FY 25–26 | Free Accurate Calculator","Earning ₹1;00;000/month? See your exact monthly take-home salary after income tax; 4% cess; and employee PF deduction under the latest New Regime slabs.","₹1;00;000 Monthly In-Hand Salary (India)","en","","finance","100000-in-hand-salary-india-new-regime","SoftwareApplication+Breadcrumbs",622,"Low","Low","P1"
"https://freeaccuratecalculator.com/finance/salary/120000-salary-after-taxes-california/",200,true,false,"INDEX,FOLLOW","https://freeaccuratecalculator.com/finance/salary/120000-salary-after-taxes-california/",true,Yes,false,"$120;000 Salary After Taxes in California — Take Home Pay Calculator | Free Accurate Calculator","Find out how much you keep from a $120;000 salary in California. Breakdown includes federal tax; CA state income tax; SDI; and FICA deductions.","$120;000 Salary After Taxes in California","en","","finance","120000-salary-after-taxes-california","SoftwareApplication+Breadcrumbs",628,"Low","Low","P1"
"https://freeaccuratecalculator.com/finance/salary/50000-in-hand-salary-india-new-regime/",200,true,false,"INDEX,FOLLOW","https://freeaccuratecalculator.com/finance/salary/50000-in-hand-salary-india-new-regime/",true,Yes,false,"₹50;000 Monthly In-Hand Salary in India (2025–26) — Net Pay &amp; EPF Breakdown | Free Accurate Calculator","Calculate the exact in-hand take-home pay for a ₹50;000 gross monthly salary in India under the New Tax Regime. Includes EPF and professional tax deductions.","₹50;000 Monthly In-Hand Salary (India)","en","","finance","50000-in-hand-salary-india-new-regime","SoftwareApplication+Breadcrumbs",623,"Low","Low","P1"
"https://freeaccuratecalculator.com/finance/salary/60000-salary-after-tax-uk/",200,true,false,"INDEX,FOLLOW","https://freeaccuratecalculator.com/finance/salary/60000-salary-after-tax-uk/",true,Yes,false,"£60;000 Salary After Tax UK (2025/2026) — Monthly Take Home Pay | Free Accurate Calculator","Calculate take-home pay on a £60;000 UK salary. Includes 20% &amp; 40% income tax bands; personal allowance; and class 1 employee National Insurance.","£60;000 Salary After Tax (UK)","en","","finance","60000-salary-after-tax-uk","SoftwareApplication+Breadcrumbs",626,"Low","Low","P1"
"https://freeaccuratecalculator.com/finance/salary/75000-salary-after-taxes-texas/",200,true,false,"INDEX,FOLLOW","https://freeaccuratecalculator.com/finance/salary/75000-salary-after-taxes-texas/",true,Yes,false,"$75;000 Salary After Taxes in Texas (2025/2026) — Single Filer Net Pay | Free Accurate Calculator","Calculate net pay on a $75;000 salary in Texas. 0% state income tax. See monthly; bi-weekly; and annual take-home after Federal tax and FICA.","$75;000 Salary After Taxes in Texas","en","","finance","75000-salary-after-taxes-texas","SoftwareApplication+Breadcrumbs",629,"Low","Low","P1"
"https://freeaccuratecalculator.com/finance/salary-calculator/",200,true,false,"INDEX,FOLLOW","https://freeaccuratecalculator.com/finance/salary-calculator/",true,Yes,false,"Salary Calculator — Hourly to Annual Wage Conversion | Free Accurate Calculator","Convert between hourly wage; weekly salary; bi-weekly paychecks; monthly earnings; and annual salary.","Salary Calculator","en","","finance","salary-calculator","SoftwareApplication+Breadcrumbs",700,"Low","Low","P1"
"https://freeaccuratecalculator.com/finance/sales-tax-calculator/",200,true,false,"INDEX,FOLLOW","https://freeaccuratecalculator.com/finance/sales-tax-calculator/",true,Yes,false,"Sales Tax Calculator — Pre-Tax &amp; Post-Tax Price Breakdown | Free Accurate Calculator","Calculate sales tax amounts; total retail price after tax; and reverse tax to find original pre-tax prices.","Sales Tax Calculator","en","","finance","sales-tax-calculator","SoftwareApplication+Breadcrumbs",716,"Low","Low","P1"
"https://freeaccuratecalculator.com/finance/simple-interest-calculator/",200,true,false,"INDEX,FOLLOW","https://freeaccuratecalculator.com/finance/simple-interest-calculator/",true,Yes,false,"Simple Interest Calculator — Calculate Interest; Rate &amp; Principal | Free Accurate Calculator","Quickly compute simple interest; total repayment value; and loan cost with step-by-step arithmetic proofs.","Simple Interest Calculator","en","","finance","simple-interest-calculator","SoftwareApplication+Breadcrumbs",726,"Low","Low","P1"
"https://freeaccuratecalculator.com/finance/sip/10000-monthly-sip-for-10-years/",200,true,false,"INDEX,FOLLOW","https://freeaccuratecalculator.com/finance/sip/10000-monthly-sip-for-10-years/",true,Yes,false,"₹10;000 Monthly SIP for 10 Years — Maturity Value &amp; Step-by-Step Proof | Free Accurate Calculator","A ₹10;000 monthly mutual fund SIP for 10 years grows to ₹23;23;391 at 12% returns. View the interactive compounding schedule and breakdown.","₹10;000 Monthly SIP for 10 Years","en","","finance","10000-monthly-sip-for-10-years","SoftwareApplication+Breadcrumbs",576,"Low","Low","P1"
"https://freeaccuratecalculator.com/finance/sip/10000-monthly-sip-for-15-years/",200,true,false,"INDEX,FOLLOW","https://freeaccuratecalculator.com/finance/sip/10000-monthly-sip-for-15-years/",true,Yes,false,"₹10;000 Monthly SIP for 15 Years — ₹50 Lakh Wealth Accumulation | Free Accurate Calculator","Investing ₹10;000 per month for 15 years yields ₹50;45;760 at 12% p.a. Discover how compounding interest delivers a 180% return on invested capital.","₹10;000 Monthly SIP for 15 Years","en","","finance","10000-monthly-sip-for-15-years","SoftwareApplication+Breadcrumbs",575,"Low","Low","P1"
"https://freeaccuratecalculator.com/finance/sip/25000-monthly-sip-for-20-years/",200,true,false,"INDEX,FOLLOW","https://freeaccuratecalculator.com/finance/sip/25000-monthly-sip-for-20-years/",true,Yes,false,"₹25;000 Monthly SIP for 20 Years — The ₹2.5 Crore Retirement Engine | Free Accurate Calculator","Calculate the returns on a ₹25;000 monthly SIP over 20 years. Accumulate ₹2;49;78;740 with ₹60;00;000 invested principal at 12% CAGR.","₹25;000 Monthly SIP for 20 Years","en","","finance","25000-monthly-sip-for-20-years","SoftwareApplication+Breadcrumbs",576,"Low","Low","P1"
"https://freeaccuratecalculator.com/finance/sip/5000-monthly-sip-for-10-years/",200,true,false,"INDEX,FOLLOW","https://freeaccuratecalculator.com/finance/sip/5000-monthly-sip-for-10-years/",true,Yes,false,"₹5;000 Monthly SIP for 10 Years — Maturity Value &amp; Wealth Growth | Free Accurate Calculator","Investing ₹5;000 per month for 10 years at 12% return yields ₹11;61;695. See the exact year-by-year investment breakdown; returns; and inflation impact.","₹5;000 Monthly SIP for 10 Years","en","","finance","5000-monthly-sip-for-10-years","SoftwareApplication+Breadcrumbs",576,"Low","Low","P1"
"https://freeaccuratecalculator.com/finance/sip/50000-monthly-sip-for-15-years/",200,true,false,"INDEX,FOLLOW","https://freeaccuratecalculator.com/finance/sip/50000-monthly-sip-for-15-years/",true,Yes,false,"₹50;000 Monthly SIP for 15 Years — ₹2.5 Crore Target Roadmap | Free Accurate Calculator","Discover the exact maturity value of ₹50;000 monthly SIP over 15 years. Total maturity reaches ₹2;52;28;801 with ₹90;00;000 invested at 12% returns.","₹50;000 Monthly SIP for 15 Years","en","","finance","50000-monthly-sip-for-15-years","SoftwareApplication+Breadcrumbs",575,"Low","Low","P1"
"https://freeaccuratecalculator.com/finance/sip-calculator/",200,true,false,"INDEX,FOLLOW","https://freeaccuratecalculator.com/finance/sip-calculator/",true,Yes,false,"SIP Calculator — Mutual Fund Systematic Investment Plan Growth Online | Free Accurate Calculator","Calculate your SIP maturity corpus; invested capital; and wealth gain with live interactive visualizer; target goal planner; beginning vs end of month timing; and PDF export.","SIP Calculator","en","","finance","sip-calculator","SoftwareApplication+Breadcrumbs",1285,"Low","Low","P0"
"https://freeaccuratecalculator.com/finance/step-up-sip-calculator/",200,true,false,"INDEX,FOLLOW","https://freeaccuratecalculator.com/finance/step-up-sip-calculator/",true,Yes,false,"Step-Up SIP Calculator — Top-Up SIP Growth &amp; Wealth Planner | Free Accurate Calculator","Calculate how annual percentage increments to your monthly SIP contributions supercharge your compounding portfolio over time.","Step-Up SIP Calculator","en","","finance","step-up-sip-calculator","SoftwareApplication+Breadcrumbs",745,"Low","Low","P1"
"https://freeaccuratecalculator.com/finance/swp-calculator/",200,true,false,"INDEX,FOLLOW","https://freeaccuratecalculator.com/finance/swp-calculator/",true,Yes,false,"SWP Calculator — Systematic Withdrawal Plan for Regular Income | Free Accurate Calculator","Plan regular monthly income withdrawals from your mutual fund corpus while tracking capital balance and portfolio longevity.","SWP Calculator","en","","finance","swp-calculator","SoftwareApplication+Breadcrumbs",723,"Low","Low","P1"
"https://freeaccuratecalculator.com/food/bakers-percentage-calculator/",200,true,false,"INDEX,FOLLOW","https://freeaccuratecalculator.com/food/bakers-percentage-calculator/",true,Yes,false,"Free Baker’s Percentage Calculator — Bread Dough Hydration &amp; Ratios | Free Accurate Calculator","Calculate professional artisan bread formulas where flour is indexed at 100% and hydration; salt; and yeast scale proportionally.","Baker’s Percentage Tool","en","","food","bakers-percentage-calculator","SoftwareApplication+Breadcrumbs",520,"Low","Low","P2"
"https://freeaccuratecalculator.com/food/calorie-per-serving-calculator/",200,true,false,"INDEX,FOLLOW","https://freeaccuratecalculator.com/food/calorie-per-serving-calculator/",true,Yes,false,"Free Calorie per Serving Calculator — Recipe Nutritional Breakdown | Free Accurate Calculator","Calculate nutritional energy per single food portion from gross batch calories and designated portion counts.","Calorie per Serving Tool","en","","food","calorie-per-serving-calculator","SoftwareApplication+Breadcrumbs",510,"Low","Low","P2"
"https://freeaccuratecalculator.com/food/",200,true,false,"INDEX,FOLLOW","https://freeaccuratecalculator.com/food/",true,Yes,false,"Food Calculators — Fast; Accurate &amp; Free Online Tools | Free Accurate Calculator","Recipe scaling ratios; macronutrient caloric splits; baker’s percentage bread formulations; and per-serving nutrition.","Food Calculators. Fast; Accurate &amp; Free.","en","","food","","WebPage+Breadcrumbs",645,"Low","Low","P2"
"https://freeaccuratecalculator.com/food/macronutrient-calculator/",200,true,false,"INDEX,FOLLOW","https://freeaccuratecalculator.com/food/macronutrient-calculator/",true,Yes,false,"Free Macronutrient Calculator — Grams from Caloric Percentages | Free Accurate Calculator","Convert daily calorie targets into exact gram breakdowns for carbohydrates (4 kcal/g); protein (4 kcal/g); and dietary fat (9 kcal/g).","Macronutrient Ratio Tool","en","","food","macronutrient-calculator","SoftwareApplication+Breadcrumbs",537,"Low","Low","P2"
"https://freeaccuratecalculator.com/food/recipe-scaler-calculator/",200,true,false,"INDEX,FOLLOW","https://freeaccuratecalculator.com/food/recipe-scaler-calculator/",true,Yes,false,"Free Recipe Scaler Calculator — Scale Servings &amp; Ingredient Ratios | Free Accurate Calculator","Scale culinary recipes up or down proportionally by desired serving size or pan yield without changing culinary balances.","Recipe Scaler &amp; Converter","en","","food","recipe-scaler-calculator","SoftwareApplication+Breadcrumbs",523,"Low","Low","P2"
"https://freeaccuratecalculator.com/fr/guides/how-compound-interest-works/",200,true,false,"INDEX,FOLLOW","https://freeaccuratecalculator.com/fr/guides/how-compound-interest-works/",true,Yes,false,"Comment Fonctionnent les Intérêts Composés : Formule et Exemples | Free Accurate Calculator","Comprenez le mécanisme des intérêts composés avec formules mathématiques; exemples pas à pas; fréquences de composition; versements réguliers et calculs pratiques.","Comment Fonctionnent les Intérêts Composés : Formule; Exemples et Calculs","fr","","guides","","WebPage+Breadcrumbs",681,"Low","Low","P2"
"https://freeaccuratecalculator.com/fr/guides/how-to-calculate-percentages-accurately/",200,true,false,"INDEX,FOLLOW","https://freeaccuratecalculator.com/fr/guides/how-to-calculate-percentages-accurately/",true,Yes,false,"Comment Calculer des Pourcentages Précisément : Formules Réelles et Pièges Fréquents | Free Accurate Calculator","Maîtrisez les calculs de pourcentages; taux de variation et pourcentages inversés avec démonstrations claires et zéro ambiguïté.","Comment Calculer des Pourcentages Précisément : Formules Réelles et Pièges Fréquents","fr","","guides","","WebPage+Breadcrumbs",403,"Low","Low","P2"
"https://freeaccuratecalculator.com/fr/guides/",200,true,false,"INDEX,FOLLOW","https://freeaccuratecalculator.com/fr/guides/",true,Yes,false,"Guides Financiers et Mathématiques | Free Accurate Calculator","Articles éducatifs; formules mathématiques documentées; exemples détaillés et guides de calcul quantitatif en français.","Guides de Calcul et Démonstrations Mathématiques","fr","","guides","","WebPage+Breadcrumbs",345,"Low","Low","P2"
"https://freeaccuratecalculator.com/fr/",200,true,false,"INDEX,FOLLOW","https://freeaccuratecalculator.com/fr/",true,Yes,false,"Calculateurs Gratuits et Précis — Rapides et Sans Lenteur | Free Accurate Calculator","Calculateurs en ligne mathématiquement vérifiés pour les Finances; la Santé; les Maths et le Quotidien avec confidentialité locale instantanée.","Des Calculs Bien Faits. Rapides; Précis et Lisibles.","fr","","i18n-home","","WebPage+Breadcrumbs",783,"Low","Low","P2"
"https://freeaccuratecalculator.com/fr/math/percentage-calculator/",200,true,false,"INDEX,FOLLOW","https://freeaccuratecalculator.com/fr/math/percentage-calculator/",true,Yes,false,"Calculateur de Pourcentage Gratuit — Instantané et Précis | Free Accurate Calculator","Calculez des pourcentages instantanément avec explications étape par étape. Calculez un pourcentage d","Calculateur de Pourcentage","fr","","math","percentage-calculator","SoftwareApplication+Breadcrumbs",759,"Low","Low","P2"
"https://freeaccuratecalculator.com/guides/accurate-chinese-gender-chart-science-vs-myth/",200,true,false,"INDEX,FOLLOW","https://freeaccuratecalculator.com/guides/accurate-chinese-gender-chart-science-vs-myth/",true,Yes,false,"Accurate Chinese Gender Chart: Science; Myth; or Just Fun? (2026 Guide) | Free Accurate Calculator","Is the Chinese gender predictor really accurate? Explore the ancient lunar math; the 2.8 million birth Swedish study; and how it compares to real medical tests.","The Accurate Chinese Gender Chart: Science; Myth; or Just Fun?","en","","guides","","WebPage+Breadcrumbs",3505,"Low","Low","P2"
"https://freeaccuratecalculator.com/guides/advanced-fitness-math-scooby-accurate-calculator-lifters/",200,true,false,"INDEX,FOLLOW","https://freeaccuratecalculator.com/guides/advanced-fitness-math-scooby-accurate-calculator-lifters/",true,Yes,false,"The Scooby Accurate Calculator Method: Advanced Fitness Math for Lifters | Free Accurate Calculator","Why do lifters swear by the Scooby calorie calculator? Discover the engineering math behind activity hours; the 10-20% rule; and macro splits for natural bodybuilders.","Advanced Fitness Math: The &quot;Scooby&quot; Accurate Calculator Method for Lifters","en","","guides","advanced-fitness-math-scooby-accurate-calculator-lifters","WebPage+Breadcrumbs",2755,"Low","Low","P2"
"https://freeaccuratecalculator.com/guides/architects-blueprint-choosing-online-sip-calculator-dashboard/",200,true,false,"INDEX,FOLLOW","https://freeaccuratecalculator.com/guides/architects-blueprint-choosing-online-sip-calculator-dashboard/",true,Yes,false,"Best SIP Calculator Online: HDFC; SBI; Groww vs Excel Blueprint (2026) | Free Accurate Calculator","Comparing HDFC; SBI; Groww; and Excel formulas. Learn how to make a SIP calculator in Excel and why a unified online SIP calculator gives you the ultimate edge.","The Architect’s Blueprint: Choosing Your Ultimate Online SIP Calculator Dashboard","en","","guides","architects-blueprint-choosing-online-sip-calculator-dashboard","WebPage+Breadcrumbs",2735,"Low","Low","P2"
"https://freeaccuratecalculator.com/guides/beyond-the-scale-bmi-body-fat-calculator/",200,true,false,"INDEX,FOLLOW","https://freeaccuratecalculator.com/guides/beyond-the-scale-bmi-body-fat-calculator/",true,Yes,false,"Beyond the Scale: The Most Accurate BMI &amp; Body Fat Calculator Guide | Free Accurate Calculator","Why does standard BMI label athletes as obese while missing hidden visceral fat? Discover the science of body composition and how to find an accurate body fat calculator.","Beyond the Scale: Finding the Most Accurate BMI &amp; Body Fat Calculator for Real Health","en","","guides","beyond-the-scale-bmi-body-fat-calculator","WebPage+Breadcrumbs",3169,"Low","Low","P2"
"https://freeaccuratecalculator.com/guides/bmi-tdee-calorie-planning-guide/",200,true,false,"INDEX,FOLLOW","https://freeaccuratecalculator.com/guides/bmi-tdee-calorie-planning-guide/",true,Yes,false,"Ideal Weight &amp; Calorie Planning Guide: BMI; TDEE; BMR &amp; Diet Math | Free Accurate Calculator","BMI aur TDEE mein kya antar hai? Apne fitness goal (weight loss; muscle gain ya maintenance) ke hisaab se exact daily calories aur ideal weight kaise plan karein.","Apna Ideal Weight aur Daily Calorie Intake kaise Plan karein? (BMI aur TDEE Guide)","en","","guides","","WebPage+Breadcrumbs",1673,"Low","Low","P2"
"https://freeaccuratecalculator.com/guides/break-even-profit-margin-startup-guide/",200,true,false,"INDEX,FOLLOW","https://freeaccuratecalculator.com/guides/break-even-profit-margin-startup-guide/",true,Yes,false,"Startup Break-Even &amp; Profit Margin Guide: Unit Economics &amp; Pricing Math | Free Accurate Calculator","Startup ke liye Break-Even Point (BEP) aur Gross vs Net Profit Margin kaise calculate karein? Unit economics validate karne aur pricing fix karne ki complete guide.","Startup ke liye Break-Even Point aur Profit Margin kaise Calculate karein?","en","","guides","","WebPage+Breadcrumbs",1576,"Low","Low","P2"
"https://freeaccuratecalculator.com/guides/btc-sip-calculator-crypto-dollar-cost-averaging/",200,true,false,"INDEX,FOLLOW","https://freeaccuratecalculator.com/guides/btc-sip-calculator-crypto-dollar-cost-averaging/",true,Yes,false,"BTC SIP Calculator Free: Dollar-Cost Averaging Bitcoin (2026 Guide) | Free Accurate Calculator","Burnt by crypto market crashes? Discover how a free BTC SIP calculator uses Dollar-Cost Averaging to tame 80% volatility; overcome exchange fees; and build wealth.","The Digital Gold Rush: Taming the Volatility of Bitcoin with a Free BTC SIP Calculator","en","","guides","btc-sip-calculator-crypto-dollar-cost-averaging","WebPage+Breadcrumbs",2819,"Low","Low","P2"
"https://freeaccuratecalculator.com/guides/car-fuel-cost-depreciation-guide/",200,true,false,"INDEX,FOLLOW","https://freeaccuratecalculator.com/guides/car-fuel-cost-depreciation-guide/",true,Yes,false,"Car Buying Guide 2026: Fuel Cost; Depreciation Math &amp; New vs Used | Free Accurate Calculator","Car kharidne se pehle Total Cost of Ownership (TCO) kaise nikalein? Vehicle depreciation curves; fuel cost math; auto loan interest aur nayi vs purani car comparison.","Car Kharidne se Pehle: Fuel Cost aur Depreciation ka Calculation kyun Zaroori hai?","en","","guides","","WebPage+Breadcrumbs",1498,"Low","Low","P2"
"https://freeaccuratecalculator.com/guides/car-loan-emi-depreciating-assets-calculator-guide/",200,true,false,"INDEX,FOLLOW","https://freeaccuratecalculator.com/guides/car-loan-emi-depreciating-assets-calculator-guide/",true,Yes,false,"Car Loan EMI Calculator: The True Cost of Depreciating Auto Debt (2026) | Free Accurate Calculator","Is your car keeping you broke? Learn how auto dealerships hide true costs; how to calculate car loan EMI with the 20/4/10 rule; and productive vs consumer debt.","The Metal Trap: Why a Car Loan EMI Calculator Exposes the Upward Mobility Illusion","en","","guides","car-loan-emi-depreciating-assets-calculator-guide","WebPage+Breadcrumbs",2963,"Low","Low","P2"
"https://freeaccuratecalculator.com/guides/carbon-footprint-reduction-guide/",200,true,false,"INDEX,FOLLOW","https://freeaccuratecalculator.com/guides/carbon-footprint-reduction-guide/",true,Yes,false,"Carbon Footprint &amp; Solar Energy Guide: Calculation &amp; Eco-Friendly Tips | Free Accurate Calculator","Carbon footprint kya hai aur ye kaise calculate hota hai? Rooftop solar panel sizing; electricity bill bachat aur sustainable lifestyle apnane ke 5 actionable tarike.","Apna Carbon Footprint kaise Kam karein? (Simple Calculation aur Eco-friendly Tips)","en","","guides","","WebPage+Breadcrumbs",1561,"Low","Low","P2"
"https://freeaccuratecalculator.com/guides/compound-interest-explained/",200,true,false,"INDEX,FOLLOW","https://freeaccuratecalculator.com/guides/compound-interest-explained/",true,Yes,false,"Compound Interest Calculator: Formula; Rule of 72 &amp; Guide (2026) | Free Accurate Calculator","Discover why Albert Einstein famously called compound interest the 8th wonder of the world. Learn the exact mathematical formula; the Rule of 72; and compounding frequency effects.","Compound Interest Calculator: The 8th Wonder of the World Explained","en","","guides","","WebPage+Breadcrumbs",1245,"Low","Low","P2"
"https://freeaccuratecalculator.com/guides/daily-calorie-needs-guide/",200,true,false,"INDEX,FOLLOW","https://freeaccuratecalculator.com/guides/daily-calorie-needs-guide/",true,Yes,false,"Calorie Calculator: BMR; TDEE &amp; Daily Caloric Needs Guide | Free Accurate Calculator","Calculate your exact daily caloric needs. Learn the difference between BMR and TDEE; activity multipliers; macro ratios; and sustainable weight management math.","Calorie Calculator: How Many Calories Do You Need Daily?","en","","guides","","WebPage+Breadcrumbs",1085,"Low","Low","P2"
"https://freeaccuratecalculator.com/guides/digital-marketing-roi-cac-guide/",200,true,false,"INDEX,FOLLOW","https://freeaccuratecalculator.com/guides/digital-marketing-roi-cac-guide/",true,Yes,false,"Digital Marketing ROI &amp; CAC Guide: ROAS Formula; LTV Math &amp; Growth | Free Accurate Calculator","Digital marketing campaign ka ROI; ROAS aur Customer Acquisition Cost (CAC) kaise calculate karein? LTV:CAC ratio benchmarks aur ad spend optimize karne ki complete guide.","Digital Marketing Campaign ka ROI aur Customer Acquisition Cost (CAC) kaise Track karein?","en","","guides","","WebPage+Breadcrumbs",1558,"Low","Low","P2"
"https://freeaccuratecalculator.com/guides/electric-vehicle-breakeven-mileage-analysis/",200,true,false,"INDEX,FOLLOW","https://freeaccuratecalculator.com/guides/electric-vehicle-breakeven-mileage-analysis/",true,Yes,false,"EV vs Gas Breakeven Mileage Calculator: 5-Year Cost Comparison | Free Accurate Calculator","Calculate the exact odometer mileage when fuel and maintenance savings of an electric vehicle offset its higher purchase price compared to gas and hybrid cars.","EV vs Gas: The Exact Mileage When an Electric Car Saves Money","en","","guides","","WebPage+Breadcrumbs",1009,"Low","Low","P2"
"https://freeaccuratecalculator.com/guides/excel-sip-calculator-download-vs-cloud-engine/",200,true,false,"INDEX,FOLLOW","https://freeaccuratecalculator.com/guides/excel-sip-calculator-download-vs-cloud-engine/",true,Yes,false,"Excel SIP Calculator Download vs Modern Cloud Calculators (2026) | Free Accurate Calculator","Still searching for an Excel SIP calculator free download? Discover why downloaded spreadsheets fail modern investors and why dynamic cloud tools rule.","The Graveyard of Spreadsheets: Why the Excel SIP Calculator is a Relic of the Past","en","","guides","excel-sip-calculator-download-vs-cloud-engine","WebPage+Breadcrumbs",2547,"Low","Low","P2"
"https://freeaccuratecalculator.com/guides/fragmented-labyrinth-why-bank-specific-emi-calculators-fail/",200,true,false,"INDEX,FOLLOW","https://freeaccuratecalculator.com/guides/fragmented-labyrinth-why-bank-specific-emi-calculators-fail/",true,Yes,false,"Bank EMI Calculators: HDFC; SBI; BankBazaar vs Agnostic Math (2026) | Free Accurate Calculator","Why do HDFC; SBI; and BankBazaar show different EMIs for the same loan? Discover hidden bank assumptions; US vs India mortgage math; and unbiased calculations.","The Fragmented Labyrinth: Why Bank-Specific Calculators are Failing You","en","","guides","fragmented-labyrinth-why-bank-specific-emi-calculators-fail","WebPage+Breadcrumbs",2570,"Low","Low","P2"
"https://freeaccuratecalculator.com/guides/freelance-hourly-rate-pricing-guide/",200,true,false,"INDEX,FOLLOW","https://freeaccuratecalculator.com/guides/freelance-hourly-rate-pricing-guide/",true,Yes,false,"Freelance Rate Calculator Formula: How to Bill $100k+ Annually | Free Accurate Calculator","Learn the exact mathematical formula to calculate your freelance hourly or project rate. Account for unpaid admin; platform cuts; self-employment tax; and vacation time.","How to Price Freelance Services to Make $100;000/Year","en","","guides","","WebPage+Breadcrumbs",1036,"Low","Low","P2"
"https://freeaccuratecalculator.com/guides/gpa-calculation-academic-planning-guide/",200,true,false,"INDEX,FOLLOW","https://freeaccuratecalculator.com/guides/gpa-calculation-academic-planning-guide/",true,Yes,false,"GPA Calculation &amp; Academic Planning Guide: CGPA Formula; Study Goals | Free Accurate Calculator","GPA aur CGPA kaise calculate hota hai? 4.0 scale vs 10.0 point grading formula; college/job shortlisting criteria aur effective study schedule planning tips.","Students ke liye GPA Calculate karne aur Academic Goals Set karne ki Complete Guide","en","","guides","","WebPage+Breadcrumbs",1463,"Low","Low","P2"
"https://freeaccuratecalculator.com/guides/graveyard-of-spreadsheets-evolution-online-emi-calculator/",200,true,false,"INDEX,FOLLOW","https://freeaccuratecalculator.com/guides/graveyard-of-spreadsheets-evolution-online-emi-calculator/",true,Yes,false,"Online EMI Calculator vs Excel Downloads: The Evolution of Debt Tech (2026) | Free Accurate Calculator","Still using downloaded Excel sheets and outdated apps? Discover why an online EMI calculator free of downloads outperforms legacy software in speed; privacy; and math.","The Graveyard of Spreadsheets: The Evolution of Financial Technology and the Online EMI Calculator","en","","guides","graveyard-of-spreadsheets-evolution-online-emi-calculator","WebPage+Breadcrumbs",2557,"Low","Low","P2"
"https://freeaccuratecalculator.com/guides/healthy-meal-prep-recipe-scaler-guide/",200,true,false,"INDEX,FOLLOW","https://freeaccuratecalculator.com/guides/healthy-meal-prep-recipe-scaler-guide/",true,Yes,false,"Meal Prep &amp; Recipe Scaler Guide: Macro Ratios; Scaling &amp; Nutrition Math | Free Accurate Calculator","Party ya weekly meal prep ke liye recipe double/half kaise scale karein? Protein; carb aur fats ka ideal ratio calculate karne aur healthy cooking ke practical tips.","Healthy Meal Prep: Recipe Scaler aur Macronutrient Ratio ka Sahi Istemal kaise Karein?","en","","guides","","WebPage+Breadcrumbs",1528,"Low","Low","P2"
"https://freeaccuratecalculator.com/guides/home-renovation-material-estimation-guide/",200,true,false,"INDEX,FOLLOW","https://freeaccuratecalculator.com/guides/home-renovation-material-estimation-guide/",true,Yes,false,"Home Renovation Material Estimate: Paint; Concrete &amp; Sq Ft Formulas | Free Accurate Calculator","Ghar renovation mein material wastage kaise rokein? Square footage; paint coverage liters; aur concrete volume ka sahi estimate nikalne ki complete civil &amp; DIY guide.","Ghar ki Renovation: Paint; Concrete aur Square Footage ka Sahi Estimate kaise Lagayein?","en","","guides","","WebPage+Breadcrumbs",1546,"Low","Low","P2"
"https://freeaccuratecalculator.com/guides/how-compound-interest-works/",200,true,false,"INDEX,FOLLOW","https://freeaccuratecalculator.com/guides/how-compound-interest-works/",true,Yes,false,"How Compound Interest Works: Formula; Examples &amp; Calculations | Free Accurate Calculator","Learn how compound interest works with formulas; step-by-step examples; compounding frequency comparisons; regular contributions; APY; and practical calculations.","How Compound Interest Works: Formula; Examples &amp; Step-by-Step Calculations","en","","guides","","WebPage+Breadcrumbs",3432,"Low","Low","P2"
"https://freeaccuratecalculator.com/guides/how-to-calculate-home-loan-emi/",200,true,false,"INDEX,FOLLOW","https://freeaccuratecalculator.com/guides/how-to-calculate-home-loan-emi/",true,Yes,false,"How to Calculate Home Loan EMI: Formula; Schedule &amp; 2026 Guide | Free Accurate Calculator","Learn how to calculate home loan EMI using standard amortization formulas. Understand principal vs interest curves; prepayment strategies; and how to save thousands in interest.","EMI Calculator Guide: How to Calculate Your Home Loan EMI in 2026","en","","guides","","WebPage+Breadcrumbs",1211,"Low","Low","P2"
"https://freeaccuratecalculator.com/guides/how-to-calculate-percentages-accurately/",200,true,false,"INDEX,FOLLOW","https://freeaccuratecalculator.com/guides/how-to-calculate-percentages-accurately/",true,Yes,false,"How to Calculate Percentages Accurately: Real-World Formulas and Common Pitfalls | Free Accurate Calculator","Master percentage calculations; percentage change; and reverse percentages with clear mathematical proofs; step-by-step examples; and zero ambiguity.","How to Calculate Percentages Accurately: Real-World Formulas and Common Pitfalls","en","","guides","","WebPage+Breadcrumbs",700,"Low","Low","P2"
"https://freeaccuratecalculator.com/guides/how-to-calculate-sip-returns/",200,true,false,"INDEX,FOLLOW","https://freeaccuratecalculator.com/guides/how-to-calculate-sip-returns/",true,Yes,false,"How to Calculate SIP Returns: Formula; Examples &amp; 2026 Guide | Free Accurate Calculator","Master how to calculate SIP returns using exact compounding annuity formulas. Learn how rupee cost averaging; frequency; and contribution timing maximize mutual fund wealth.","How to Calculate SIP Returns: Complete Guide for Beginners (2026)","en","","guides","","WebPage+Breadcrumbs",1450,"Low","Low","P2"
"https://freeaccuratecalculator.com/guides/income-tax-calculator-india-new-vs-old-regime/",200,true,false,"INDEX,FOLLOW","https://freeaccuratecalculator.com/guides/income-tax-calculator-india-new-vs-old-regime/",true,Yes,false,"Income Tax Calculator India 2026: New vs Old Regime Compared | Free Accurate Calculator","Compare the New Tax Regime vs Old Tax Regime for AY 2026-27. Understand standard deduction; 87A rebate; Section 80C exemptions; and calculate your exact tax liability.","Income Tax Calculator India 2026: New vs Old Regime Comparison","en","","guides","income-tax-calculator-india-new-vs-old-regime","WebPage+Breadcrumbs",1310,"Low","Low","P2"
"https://freeaccuratecalculator.com/guides/",200,true,false,"INDEX,FOLLOW","https://freeaccuratecalculator.com/guides/",true,Yes,false,"Financial &amp; Mathematical Guides | Free Accurate Calculator","In-depth educational articles; documented mathematical formulas; step-by-step worked examples; and quantitative calculation guides.","Calculation Guides & Mathematical Proofs","en","","guides","","WebPage+Breadcrumbs",2940,"Low","Low","P2"
"https://freeaccuratecalculator.com/guides/intermittent-fasting-calorie-deficit-math/",200,true,false,"INDEX,FOLLOW","https://freeaccuratecalculator.com/guides/intermittent-fasting-calorie-deficit-math/",true,Yes,false,"Calorie Deficit Calculator Formula: How to Predict Weight Loss Dates | Free Accurate Calculator","Learn the exact mathematical thermodynamics of calorie deficits. Calculate your Total Daily Energy Expenditure (TDEE) and predict your target goal date accurately.","The Science of Calorie Deficits: Predict Your Target Weight Date","en","","guides","","WebPage+Breadcrumbs",1017,"Low","Low","P2"
"https://freeaccuratecalculator.com/guides/llm-api-pricing-comparison-deepseek-vs-openai/",200,true,false,"INDEX,FOLLOW","https://freeaccuratecalculator.com/guides/llm-api-pricing-comparison-deepseek-vs-openai/",true,Yes,false,"AI API Cost Comparison 2026: DeepSeek-V3 vs GPT-4o vs Claude 3.5 | Free Accurate Calculator","Compare LLM API token pricing between DeepSeek-V3; OpenAI GPT-4o; Claude 3.5 Sonnet; and Gemini 1.5. Learn how KV prompt caching cuts inference costs up to 90%.","LLM API Pricing Breakdown: DeepSeek-V3 vs GPT-4o vs Claude 3.5","en","","guides","","WebPage+Breadcrumbs",1063,"Low","Low","P2"
"https://freeaccuratecalculator.com/guides/loan-amortization-schedule-guide/",200,true,false,"INDEX,FOLLOW","https://freeaccuratecalculator.com/guides/loan-amortization-schedule-guide/",true,Yes,false,"Loan Amortization Schedule: How to Read; Calculate &amp; Save Interest | Free Accurate Calculator","Master how to read a loan amortization schedule. Understand how principal and interest shift over time; negative amortization risks; and how extra payments save thousands.","Loan Amortization Schedule: How to Read and Understand It","en","","guides","","WebPage+Breadcrumbs",1032,"Low","Low","P2"
"https://freeaccuratecalculator.com/guides/lumpsum-vs-sip-daily-hybrid-investment-strategy/",200,true,false,"INDEX,FOLLOW","https://freeaccuratecalculator.com/guides/lumpsum-vs-sip-daily-hybrid-investment-strategy/",true,Yes,false,"Lumpsum vs SIP vs Daily SIP Calculator: The Ultimate Strategy (2026) | Free Accurate Calculator","Should you invest a lump sum or drip-feed with a SIP? Compare lumpsum vs daily SIP calculators; and learn how to deploy capital using a hybrid strategy.","The Strategy: Lumpsum; Daily Grind; or the Golden Mean?","en","","guides","","WebPage+Breadcrumbs",2734,"Low","Low","P2"
"https://freeaccuratecalculator.com/guides/mirage-of-free-sip-calculator-wealth-engineering/",200,true,false,"INDEX,FOLLOW","https://freeaccuratecalculator.com/guides/mirage-of-free-sip-calculator-wealth-engineering/",true,Yes,false,"SIP Calculator Free Online: Why Basic Calculators Fail Your Wealth (2026) | Free Accurate Calculator","Is your free SIP calculator lying to you? Discover the hidden math of inflation; the Fisher equation; LTCG taxes; and how to engineer real wealth online.","The Mirage of &quot;Free&quot;: Why Your Financial Future Deserves More Than a Basic SIP Calculator","en","","guides","mirage-of-free-sip-calculator-wealth-engineering","WebPage+Breadcrumbs",2720,"Low","Low","P2"
"https://freeaccuratecalculator.com/guides/mortgage-calculator-buy-vs-rent-analysis/",200,true,false,"INDEX,FOLLOW","https://freeaccuratecalculator.com/guides/mortgage-calculator-buy-vs-rent-analysis/",true,Yes,false,"Mortgage Calculator: Buy vs Rent Analysis &amp; Guide (2026) | Free Accurate Calculator","Is it better to buy a home or rent in 2026? Run a comprehensive buy vs rent analysis comparing mortgage interest; opportunity costs; property taxes; and market appreciation.","Mortgage Calculator: Buy vs Rent Analysis for 2026","en","","guides","mortgage-calculator-buy-vs-rent-analysis","WebPage+Breadcrumbs",1269,"Low","Low","P2"
"https://freeaccuratecalculator.com/guides/most-accurate-pregnancy-due-date-calculator/",200,true,false,"INDEX,FOLLOW","https://freeaccuratecalculator.com/guides/most-accurate-pregnancy-due-date-calculator/",true,Yes,false,"Expecting? The Most Accurate Pregnancy &amp; Due Date Calculator Guide | Free Accurate Calculator","Why do only 4% of babies arrive on their due date? Discover the math behind Naegele","Expecting? Finding the Most Accurate Pregnancy &amp; Due Date Calculator","en","","guides","most-accurate-pregnancy-due-date-calculator","WebPage+Breadcrumbs",2812,"Low","Low","P2"
"https://freeaccuratecalculator.com/guides/multi-asset-sip-strategy-wealth-blueprint/",200,true,false,"INDEX,FOLLOW","https://freeaccuratecalculator.com/guides/multi-asset-sip-strategy-wealth-blueprint/",true,Yes,false,"Multi-Asset SIP Strategy: The Barbell Portfolio Blueprint (2026) | Free Accurate Calculator","Why depend on a single asset class? Discover Taleb","The Ultimate Wealth Blueprint: Designing Your Multi-Asset SIP Strategy","en","","guides","","WebPage+Breadcrumbs",2524,"Low","Low","P2"
"https://freeaccuratecalculator.com/guides/personal-loan-emi-calculator-unsecured-debt-guide/",200,true,false,"INDEX,FOLLOW","https://freeaccuratecalculator.com/guides/personal-loan-emi-calculator-unsecured-debt-guide/",true,Yes,false,"Personal Loan EMI Calculator: Uncover Hidden Fees &amp; True Borrowing Costs | Free Accurate Calculator","Trapped in high-interest debt? Discover what is a personal loan EMI calculator; how to calculate EMI using a simple calculator; and how to avoid predatory fees.","The Invisible Handcuffs: Navigating Unsecured Debt with a Personal Loan EMI Calculator","en","","guides","personal-loan-emi-calculator-unsecured-debt-guide","WebPage+Breadcrumbs",2596,"Low","Low","P2"
"https://freeaccuratecalculator.com/guides/ppf-tax-free-investment-guide/",200,true,false,"INDEX,FOLLOW","https://freeaccuratecalculator.com/guides/ppf-tax-free-investment-guide/",true,Yes,false,"PPF Calculator: Returns; Rules; 15-Year Chart &amp; Tax Guide (2026) | Free Accurate Calculator","Master the Public Provident Fund (PPF). Calculate 15-year maturity amounts; understand the EEE tax status; extension rules; and deposit timing strategies.","PPF Calculator: Tax-Free Investment Guide for Indians (2026)","en","","guides","","WebPage+Breadcrumbs",1038,"Low","Low","P2"
"https://freeaccuratecalculator.com/guides/precise-vs-accurate-fraction-calculator-guide/",200,true,false,"INDEX,FOLLOW","https://freeaccuratecalculator.com/guides/precise-vs-accurate-fraction-calculator-guide/",true,Yes,false,"Fraction Accurate Calculator: Precise vs. Accurate Math for Real Projects | Free Accurate Calculator","Why does your phone say 37.4375 when your tape measure only reads 16ths? Master fraction math; kerf loss; and how to find an accurate fraction calculator.","Precise vs. Accurate: When You Need a &quot;1/4&quot; or Fraction Accurate Calculator","en","","guides","precise-vs-accurate-fraction-calculator-guide","WebPage+Breadcrumbs",2878,"Low","Low","P2"
"https://freeaccuratecalculator.com/guides/psychology-of-set-and-forget-millionaire-sip/",200,true,false,"INDEX,FOLLOW","https://freeaccuratecalculator.com/guides/psychology-of-set-and-forget-millionaire-sip/",true,Yes,false,"Set and Forget SIP Strategy: Behavioral Alpha &amp; Free Online Tools (2026) | Free Accurate Calculator","Why does doing nothing beat active market timing? Discover the psychology of behavioral alpha; automated SIP discipline; and how to build stress-free wealth.","The Psychology of the &quot;Set and Forget&quot; Millionaire: Mastering Behavioral Wealth","en","","guides","","WebPage+Breadcrumbs",2642,"Low","Low","P2"
"https://freeaccuratecalculator.com/guides/rental-yield-cap-rate-calculation-guide/",200,true,false,"INDEX,FOLLOW","https://freeaccuratecalculator.com/guides/rental-yield-cap-rate-calculation-guide/",true,Yes,false,"Rental Yield &amp; Cap Rate Guide: Property ROI; Formulas &amp; Real Estate Tips | Free Accurate Calculator","Property investment mein Rental Yield aur Capitalization Rate (Cap Rate) kyun important hain? Gross vs Net Yield formula; NOI calculation aur beginners ke liye golden rules.","Real Estate Investment: Rental Yield aur Cap Rate ko Calculate karne ka Sahi Tarika","en","","guides","","WebPage+Breadcrumbs",1627,"Low","Low","P2"
"https://freeaccuratecalculator.com/guides/retirement-planning-how-much-to-retire/",200,true,false,"INDEX,FOLLOW","https://freeaccuratecalculator.com/guides/retirement-planning-how-much-to-retire/",true,Yes,false,"How Much Do You Need to Retire? 4% Rule &amp; Retirement Guide (2026) | Free Accurate Calculator","Calculate your exact retirement nest egg. Master the 4% safe withdrawal rule; calculate inflation impact on living costs; and model healthcare expenses.","Retirement Calculator: How Much Do You Need to Retire Comfortably?","en","","guides","","WebPage+Breadcrumbs",1107,"Low","Low","P2"
"https://freeaccuratecalculator.com/guides/sip-vs-lump-sum-compounding-wealth-proof/",200,true,false,"INDEX,FOLLOW","https://freeaccuratecalculator.com/guides/sip-vs-lump-sum-compounding-wealth-proof/",true,Yes,false,"SIP vs Lump Sum: Which Yields Higher Returns? (With Exact Math) | Free Accurate Calculator","Discover whether monthly SIP (dollar-cost averaging) or lump sum investing builds more wealth over 10 to 20 years. Historical Vanguard and AMFI return models compared.","SIP vs Lump Sum Investment: 15-Year Historical Math Proof","en","","guides","","WebPage+Breadcrumbs",1014,"Low","Low","P2"
"https://freeaccuratecalculator.com/guides/smart-emi-loan-repayment-guide/",200,true,false,"INDEX,FOLLOW","https://freeaccuratecalculator.com/guides/smart-emi-loan-repayment-guide/",true,Yes,false,"Smart EMI &amp; Loan Repayment Guide 2026: Prepayment; Formula &amp; Tips | Free Accurate Calculator","Janiye EMI kaise calculate hoti hai; loan tenure aur interest rate ka repayment par kya asar padta hai; aur smart prepayment strategies se lakhon rupaye kaise bachayein.","EMI aur Loan Repayment ko Smartly kaise Manage karein? (Complete Guide)","en","","guides","","WebPage+Breadcrumbs",1725,"Low","Low","P2"
"https://freeaccuratecalculator.com/guides/step-up-sip-calculator-wealth-time-machine/",200,true,false,"INDEX,FOLLOW","https://freeaccuratecalculator.com/guides/step-up-sip-calculator-wealth-time-machine/",true,Yes,false,"What is a Step Up SIP Calculator? The 40-Year Wealth Multiplier (2026) | Free Accurate Calculator","Why does an annual 10% step-up quadruple your retirement wealth? Discover what is a step up SIP calculator; the math behind 40-year horizons; and how to outpace lifestyle creep.","The Time Machine: The Silent Power of the Step-Up SIP Calculator","en","","guides","step-up-sip-calculator-wealth-time-machine","WebPage+Breadcrumbs",2714,"Low","Low","P2"
"https://freeaccuratecalculator.com/guides/the-truth-about-tdee-bmr-calculators/",200,true,false,"INDEX,FOLLOW","https://freeaccuratecalculator.com/guides/the-truth-about-tdee-bmr-calculators/",true,Yes,false,"The Truth About TDEE &amp; BMR Calculators: Which One is the Most Accurate Calculator? | Free Accurate Calculator","Are online TDEE and BMR calculators actually accurate? Discover why most tools fail; the science behind the formulas; and how to find your real metabolic burn.","The Truth About TDEE &amp; BMR Calculators: Which One is the Most Accurate Calculator for You?","en","","guides","the-truth-about-tdee-bmr-calculators","WebPage+Breadcrumbs",3504,"Low","Low","P2"
"https://freeaccuratecalculator.com/guides/top-10-accurate-calculator-tools-digital-toolkit/",200,true,false,"INDEX,FOLLOW","https://freeaccuratecalculator.com/guides/top-10-accurate-calculator-tools-digital-toolkit/",true,Yes,false,"Top 10 Accurate Calculator Tools for Your Digital Toolkit (2026 Guide) | Free Accurate Calculator","Tired of ad-cluttered calculator apps and buggy math? Discover the top 10 accurate calculator tools for finance; health; engineering; and everyday life.","Top 10 Accurate Calculator Tools You Need in Your Digital Toolkit Today","en","","guides","top-10-accurate-calculator-tools-digital-toolkit","WebPage+Breadcrumbs",2893,"Low","Low","P2"
"https://freeaccuratecalculator.com/guides/ultra-accurate-calculators-engineers-scientists/",200,true,false,"INDEX,FOLLOW","https://freeaccuratecalculator.com/guides/ultra-accurate-calculators-engineers-scientists/",true,Yes,false,"Ultra &amp; Extremely Accurate Calculators for Engineers and Scientists | Free Accurate Calculator","Why does NASA only use 15 digits of pi? Explore catastrophic cancellation; arbitrary-precision MPFR engines; and the most accurate calculator tools in STEM.","Ultra &amp; Extremely Accurate Calculators for Engineers; Scientists; and Students","en","","guides","ultra-accurate-calculators-engineers-scientists","WebPage+Breadcrumbs",2624,"Low","Low","P2"
"https://freeaccuratecalculator.com/guides/understand-body-mass-index-bmi/",200,true,false,"INDEX,FOLLOW","https://freeaccuratecalculator.com/guides/understand-body-mass-index-bmi/",true,Yes,false,"How to Calculate BMI: Categories; Formula &amp; Health Guide (2026) | Free Accurate Calculator","Learn how to calculate your Body Mass Index (BMI). Discover official WHO weight categories; health implications; formula breakdowns; and clinical limitations.","BMI Calculator: Understand Your Body Mass Index in 5 Minutes","en","","guides","","WebPage+Breadcrumbs",1092,"Low","Low","P2"
"https://freeaccuratecalculator.com/guides/unmasking-crorepati-illusion-sip-calculator-inflation-tax/",200,true,false,"INDEX,FOLLOW","https://freeaccuratecalculator.com/guides/unmasking-crorepati-illusion-sip-calculator-inflation-tax/",true,Yes,false,"SIP Calculator with Inflation &amp; Tax: The Real Crorepati Reality Check | Free Accurate Calculator","Will ₹1 Crore in 20 years be enough to retire? Learn how taxes and inflation erode mutual fund returns; and how to use a SIP calculator with inflation.","The Reality Check: Unmasking the &quot;Crorepati&quot; Illusion with an Inflation &amp; Tax SIP Calculator","en","","guides","unmasking-crorepati-illusion-sip-calculator-inflation-tax","WebPage+Breadcrumbs",2868,"Low","Low","P2"
"https://freeaccuratecalculator.com/guides/what-is-the-most-accurate-calculator-math-tools/",200,true,false,"INDEX,FOLLOW","https://freeaccuratecalculator.com/guides/what-is-the-most-accurate-calculator-math-tools/",true,Yes,false,"What is the Most Accurate Calculator? A Guide to Precise Math Tools | Free Accurate Calculator","Why does your computer say 0.1 + 0.2 is 0.30000000000000004? Discover the truth about floating-point math; symbolic engines; and the most accurate calculator tools.","What is the Most Accurate Calculator? A Guide to Precise Math Tools for Real Life","en","","guides","what-is-the-most-accurate-calculator-math-tools","WebPage+Breadcrumbs",2932,"Low","Low","P2"
"https://freeaccuratecalculator.com/guides/when-will-i-die-life-expectancy-calculator/",200,true,false,"INDEX,FOLLOW","https://freeaccuratecalculator.com/guides/when-will-i-die-life-expectancy-calculator/",true,Yes,false,"The &quot;When Will I Die&quot; Calculator: The Science of Life Expectancy | Free Accurate Calculator","Can an online algorithm predict your lifespan? Discover the actuarial science behind life expectancy calculators; healthspan vs lifespan; and what you can control.","The &quot;When Will I Die&quot; Calculator: A Fascinating Look at Life Expectancy Math","en","","guides","when-will-i-die-life-expectancy-calculator","WebPage+Breadcrumbs",3181,"Low","Low","P2"
"https://freeaccuratecalculator.com/guides/why-home-loan-emi-is-a-mirror-calculator-guide/",200,true,false,"INDEX,FOLLOW","https://freeaccuratecalculator.com/guides/why-home-loan-emi-is-a-mirror-calculator-guide/",true,Yes,false,"Home Loan EMI Calculator: How to Plan and Prepay Your Mortgage (2026) | Free Accurate Calculator","Feeling trapped by a 20-year home loan? Learn how to use a home loan EMI calculator strategically; master the amortization curve; and prepay lakhs in interest.","The Architecture of a Dream: Why Your Home Loan EMI is a Mirror; Not a Math Problem","en","","guides","why-home-loan-emi-is-a-mirror-calculator-guide","WebPage+Breadcrumbs",3017,"Low","Low","P2"
"https://freeaccuratecalculator.com/guides/why-savings-account-robbing-you-sip-calculator/",200,true,false,"INDEX,FOLLOW","https://freeaccuratecalculator.com/guides/why-savings-account-robbing-you-sip-calculator/",true,Yes,false,"What is a SIP Calculator? Why Savings Accounts Rob You (2026 Guide) | Free Accurate Calculator","Is your safe savings account losing money to inflation? Discover what is a SIP calculator; how mutual fund compounding works; and how to build real wealth.","The Awakening: Why Your Savings Account is Slowly Robbing You (And What is a SIP Calculator?)","en","","guides","why-savings-account-robbing-you-sip-calculator","WebPage+Breadcrumbs",2684,"Low","Low","P2"
"https://freeaccuratecalculator.com/health/bmi-calculator/",200,true,false,"INDEX,FOLLOW","https://freeaccuratecalculator.com/health/bmi-calculator/",true,Yes,false,"BMI Calculator — Body Mass Index with Metric &amp; Imperial Toggles | Free Accurate Calculator","Calculate your exact Body Mass Index (BMI) with instant Metric (kg/cm) and Imperial (lbs/ft-in) switchers; WHO classification gauge; and healthy weight recommendations.","BMI Calculator","en","","health","bmi-calculator","SoftwareApplication+Breadcrumbs",933,"Low","Low","P0"
"https://freeaccuratecalculator.com/health/bmr-calculator/",200,true,false,"INDEX,FOLLOW","https://freeaccuratecalculator.com/health/bmr-calculator/",true,Yes,false,"BMR Calculator — Basal Metabolic Rate (Calories at Complete Rest) | Free Accurate Calculator","Calculate the baseline number of calories your body burns every 24 hours performing vital involuntary functions.","BMR Calculator","en","","health","bmr-calculator","SoftwareApplication+Breadcrumbs",501,"Low","Low","P1"
"https://freeaccuratecalculator.com/health/body-fat-calculator/",200,true,false,"INDEX,FOLLOW","https://freeaccuratecalculator.com/health/body-fat-calculator/",true,Yes,false,"Body Fat Calculator — US Navy Circumference Method | Free Accurate Calculator","Estimate body fat percentage and lean muscle mass using the official US Navy circumference formula.","Body Fat Calculator","en","","health","body-fat-calculator","SoftwareApplication+Breadcrumbs",504,"Low","Low","P1"
"https://freeaccuratecalculator.com/health/calorie-calculator/",200,true,false,"INDEX,FOLLOW","https://freeaccuratecalculator.com/health/calorie-calculator/",true,Yes,false,"Calorie Calculator — Daily Energy Expenditure (TDEE) &amp; Goals | Free Accurate Calculator","Calculate Total Daily Energy Expenditure (TDEE) and target calories for weight loss; maintenance; or muscle gain.","Calorie Calculator","en","","health","calorie-calculator","SoftwareApplication+Breadcrumbs",559,"Low","Low","P1"
"https://freeaccuratecalculator.com/health/due-date-calculator/",200,true,false,"INDEX,FOLLOW","https://freeaccuratecalculator.com/health/due-date-calculator/",true,Yes,false,"Due Date Calculator — Naegele’s Rule Estimated Delivery Date | Free Accurate Calculator","Calculate your official estimated due date (EDD) using standard Naegele’s clinical obstetrics formula.","Due Date Calculator","en","","health","due-date-calculator","SoftwareApplication+Breadcrumbs",508,"Low","Low","P1"
"https://freeaccuratecalculator.com/health/ideal-weight-calculator/",200,true,false,"INDEX,FOLLOW","https://freeaccuratecalculator.com/health/ideal-weight-calculator/",true,Yes,false,"Ideal Weight Calculator — Devine; Robinson &amp; Miller Medical Formulas | Free Accurate Calculator","Calculate healthy ideal body weight ranges for men and women using validated clinical formulas and WHO BMI standards.","Ideal Weight Calculator","en","","health","ideal-weight-calculator","SoftwareApplication+Breadcrumbs",512,"Low","Low","P1"
"https://freeaccuratecalculator.com/health/",200,true,false,"INDEX,FOLLOW","https://freeaccuratecalculator.com/health/",true,Yes,false,"Health Calculators — Fast; Accurate &amp; Free Online Tools | Free Accurate Calculator","Scientifically validated BMI; caloric intake; basal metabolic rate; pregnancy gestation; and body composition tools.","Health Calculators. Fast; Accurate &amp; Private.","en","","health","","WebPage+Breadcrumbs",737,"Low","Low","P1"
"https://freeaccuratecalculator.com/health/pace-calculator/",200,true,false,"INDEX,FOLLOW","https://freeaccuratecalculator.com/health/pace-calculator/",true,Yes,false,"Running Pace Calculator — Speed; Distance &amp; Time Splits | Free Accurate Calculator","Calculate running pace per kilometer or mile; project marathon and 5K finish times; or convert pace to speed (km/h &amp; mph).","Pace Calculator","en","","health","pace-calculator","SoftwareApplication+Breadcrumbs",496,"Low","Low","P1"
"https://freeaccuratecalculator.com/health/pregnancy-calculator/",200,true,false,"INDEX,FOLLOW","https://freeaccuratecalculator.com/health/pregnancy-calculator/",true,Yes,false,"Pregnancy Calculator — Gestational Age &amp; Trimester Milestones | Free Accurate Calculator","Track gestational age by week and day; calculate trimester milestones; and monitor fetal development timeline.","Pregnancy Calculator","en","","health","pregnancy-calculator","SoftwareApplication+Breadcrumbs",488,"Low","Low","P1"
"https://freeaccuratecalculator.com/health/pregnancy-conception-calculator/",200,true,false,"INDEX,FOLLOW","https://freeaccuratecalculator.com/health/pregnancy-conception-calculator/",true,Yes,false,"Pregnancy Conception Calculator — Estimate Ovulation &amp; Conception Date | Free Accurate Calculator","Estimate the probable date of conception based on your due date or last menstrual period with fertility window insights.","Pregnancy Conception Calculator","en","","health","pregnancy-conception-calculator","SoftwareApplication+Breadcrumbs",515,"Low","Low","P1"
"https://freeaccuratecalculator.com/hi/finance/emi-calculator/",200,true,false,"INDEX,FOLLOW","https://freeaccuratecalculator.com/hi/finance/emi-calculator/",true,Yes,false,"ऋण ईएमआई कैलकुलेटर — घटते शेष और लाख/करोड़ प्रारूप के साथ मासिक किस्त | Free Accurate Calculator","अपनी सटीक ऋण ईएमआई; कुल देय ब्याज और परिशोधन तालिका की गणना करें। भारतीय लाख/करोड़ एवं अंतरराष्ट्रीय प्रारूप के साथ गृह ऋण; पर्सनल लोन और कार लोन कैलकुलेटर।","ऋण ईएमआई कैलकुलेटर","hi","","finance","emi-calculator","SoftwareApplication+Breadcrumbs",1043,"Low","Low","P2"
"https://freeaccuratecalculator.com/hi/guides/how-compound-interest-works/",200,true,false,"INDEX,FOLLOW","https://freeaccuratecalculator.com/hi/guides/how-compound-interest-works/",true,Yes,false,"चक्रवृद्धि ब्याज कैसे काम करता है: सूत्र और व्यावहारिक उदाहरण | Free Accurate Calculator","चक्रवृद्धि ब्याज (Compound Interest) की कार्यप्रणाली को गणितीय सूत्रों; चरण-दर-चरण उदाहरणों; चक्रवृद्धि आवृत्तियों और नियमित निवेश (SIP) के साथ समझें।","चक्रवृद्धि ब्याज कैसे काम करता है: सूत्र; उदाहरण और चरण-दर-चरण गणना","hi","","guides","","WebPage+Breadcrumbs",639,"Low","Low","P2"
"https://freeaccuratecalculator.com/hi/guides/how-to-calculate-percentages-accurately/",200,true,false,"INDEX,FOLLOW","https://freeaccuratecalculator.com/hi/guides/how-to-calculate-percentages-accurately/",true,Yes,false,"प्रतिशत की सटीक गणना कैसे करें: व्यावहारिक सूत्र और सामान्य गलतियां | Free Accurate Calculator","प्रतिशत गणना; प्रतिशत परिवर्तन और विपरीत प्रतिशत के नियमों को स्पष्ट गणितीय प्रमाणों और उदाहरणों के साथ समझें।","प्रतिशत की सटीक गणना कैसे करें: व्यावहारिक सूत्र और सामान्य गलतियां","hi","","guides","","WebPage+Breadcrumbs",381,"Low","Low","P2"
"https://freeaccuratecalculator.com/hi/guides/",200,true,false,"INDEX,FOLLOW","https://freeaccuratecalculator.com/hi/guides/",true,Yes,false,"वित्तीय एवं गणितीय मार्गदर्शिकाएं | Free Accurate Calculator","गहन शैक्षणिक लेख; प्रमाणित गणितीय सूत्र; चरण-दर-चरण उदाहरण और मात्रात्मक गणना मार्गदर्शिकाएं हिन्दी में।","गणना मार्गदर्शिका एवं गणितीय प्रमाण","hi","","guides","","WebPage+Breadcrumbs",339,"Low","Low","P2"
"https://freeaccuratecalculator.com/hi/",200,true,false,"INDEX,FOLLOW","https://freeaccuratecalculator.com/hi/",true,Yes,false,"मुफ़्त सटीक कैलकुलेटर — तेज़ और सटीक ऑनलाइन टूल्स | Free Accurate Calculator","वित्त; स्वास्थ्य; गणित और दैनिक उपयोग के लिए गणितीय रूप से सत्यापित ऑनलाइन कैलकुलेटर। पूर्ण स्थानीय गोपनीयता और शून्य विलंब।","बिल्कुल सटीक गणना। तेज़; विश्वसनीय और स्पष्ट।","hi","","i18n-home","","WebPage+Breadcrumbs",778,"Low","Low","P2"
"https://freeaccuratecalculator.com/hi/math/percentage-calculator/",200,true,false,"INDEX,FOLLOW","https://freeaccuratecalculator.com/hi/math/percentage-calculator/",true,Yes,false,"मुफ़्त प्रतिशत कैलकुलेटर — तुरंत; सटीक और चरण-दर-चरण समाधान | Free Accurate Calculator","तुरंत प्रतिशत की गणना करें। किसी संख्या का प्रतिशत; X; Y का कितना प्रतिशत है; और प्रतिशत वृद्धि या कमी का चरण-दर-चरण गणितीय विवरण।","प्रतिशत कैलकुलेटर","hi","","math","percentage-calculator","SoftwareApplication+Breadcrumbs",734,"Low","Low","P2"
"https://freeaccuratecalculator.com/",200,true,false,"INDEX,FOLLOW","https://freeaccuratecalculator.com/",true,Yes,false,"Free Accurate Calculator — 100+ Precision Online Calculators","Instant; 100% free online calculators for Finance; Math; Health; Tax &amp; Everyday tasks. Verified formulas; instant results; zero sign-up required.","Calculations Done Right. Fast; Accurate &amp; Clean.","en","","main","","WebPage+Breadcrumbs",750,"Low","Low","P0"
"https://freeaccuratecalculator.com/insurance/annuity-payout-calculator/",200,true,false,"INDEX,FOLLOW","https://freeaccuratecalculator.com/insurance/annuity-payout-calculator/",true,Yes,false,"Free Annuity Payout Calculator — Fixed Immediate Annuity Stream | Free Accurate Calculator","Calculate guaranteed fixed monthly annuity income payouts based on lump sum principal; guaranteed interest rates; and payout tenure.","Annuity Payout Calculator","en","","insurance","annuity-payout-calculator","SoftwareApplication+Breadcrumbs",738,"Low","Low","P2"
"https://freeaccuratecalculator.com/insurance/auto-insurance-calculator/",200,true,false,"INDEX,FOLLOW","https://freeaccuratecalculator.com/insurance/auto-insurance-calculator/",true,Yes,false,"Free Auto Insurance Estimator — Vehicle Premium &amp; Deductible Comparison | Free Accurate Calculator","Estimate typical automobile insurance coverage costs based on vehicle value; driver safety tier; annual mileage; and deductible choice.","Auto Insurance Estimator","en","","insurance","auto-insurance-calculator","SoftwareApplication+Breadcrumbs",730,"Low","Low","P2"
"https://freeaccuratecalculator.com/insurance/disability-insurance-calculator/",200,true,false,"INDEX,FOLLOW","https://freeaccuratecalculator.com/insurance/disability-insurance-calculator/",true,Yes,false,"Free Disability Insurance Calculator — Income Replacement Protection | Free Accurate Calculator","Calculate your income gap and recommended monthly disability insurance benefit in the event of illness or injury.","Disability Insurance Calculator","en","","insurance","disability-insurance-calculator","SoftwareApplication+Breadcrumbs",738,"Low","Low","P2"
"https://freeaccuratecalculator.com/insurance/health-insurance-calculator/",200,true,false,"INDEX,FOLLOW","https://freeaccuratecalculator.com/insurance/health-insurance-calculator/",true,Yes,false,"Free Health Insurance Calculator — Out-of-Pocket &amp; Premium Estimator | Free Accurate Calculator","Compare health insurance plan total costs including annual premiums; deductibles; co-insurance; and maximum out-of-pocket limits.","Health Insurance Premium Calculator","en","","insurance","health-insurance-calculator","SoftwareApplication+Breadcrumbs",768,"Low","Low","P2"
"https://freeaccuratecalculator.com/insurance/homeowners-insurance-calculator/",200,true,false,"INDEX,FOLLOW","https://freeaccuratecalculator.com/insurance/homeowners-insurance-calculator/",true,Yes,false,"Free Homeowners Insurance Calculator — Coverage &amp; Premium Estimator | Free Accurate Calculator","Estimate dwelling replacement cost; personal property protection; and annual homeowners insurance premium.","Homeowners Insurance Calculator","en","","insurance","homeowners-insurance-calculator","SoftwareApplication+Breadcrumbs",736,"Low","Low","P2"
"https://freeaccuratecalculator.com/insurance/",200,true,false,"INDEX,FOLLOW","https://freeaccuratecalculator.com/insurance/",true,Yes,false,"Insurance Calculators — Fast; Accurate &amp; Free Actuarial Tools | Free Accurate Calculator","Make smart risk decisions with verified insurance calculators: Term Life; Whole Life; Health; Auto; Homeowners; Renters; Disability; Umbrella; and Annuity Payout.","Insurance Calculators. Fast; Accurate & Private.","en","","insurance","","WebPage+Breadcrumbs",721,"Low","Low","P2"
"https://freeaccuratecalculator.com/insurance/renters-insurance-calculator/",200,true,false,"INDEX,FOLLOW","https://freeaccuratecalculator.com/insurance/renters-insurance-calculator/",true,Yes,false,"Free Renters Insurance Calculator — Personal Property &amp; Liability | Free Accurate Calculator","Estimate total personal property value and recommended renters insurance policy coverage and monthly premium.","Renters Insurance Calculator","en","","insurance","renters-insurance-calculator","SoftwareApplication+Breadcrumbs",743,"Low","Low","P2"
"https://freeaccuratecalculator.com/insurance/term-life-insurance-calculator/",200,true,false,"INDEX,FOLLOW","https://freeaccuratecalculator.com/insurance/term-life-insurance-calculator/",true,Yes,false,"Free Term Life Insurance Calculator — Recommended Death Benefit | Free Accurate Calculator","Calculate adequate term life insurance coverage using income replacement duration; outstanding mortgages; and future dependent expenses.","Term Life Insurance Calculator","en","","insurance","term-life-insurance-calculator","SoftwareApplication+Breadcrumbs",773,"Low","Low","P2"
"https://freeaccuratecalculator.com/insurance/umbrella-insurance-calculator/",200,true,false,"INDEX,FOLLOW","https://freeaccuratecalculator.com/insurance/umbrella-insurance-calculator/",true,Yes,false,"Free Umbrella Insurance Calculator — Excess Liability Coverage | Free Accurate Calculator","Calculate recommended excess umbrella liability insurance protection based on net worth; properties; and legal liability exposure.","Umbrella Insurance Calculator","en","","insurance","umbrella-insurance-calculator","SoftwareApplication+Breadcrumbs",734,"Low","Low","P2"
"https://freeaccuratecalculator.com/insurance/whole-life-insurance-calculator/",200,true,false,"INDEX,FOLLOW","https://freeaccuratecalculator.com/insurance/whole-life-insurance-calculator/",true,Yes,false,"Free Whole Life Insurance Calculator — Cash Value &amp; Death Benefit | Free Accurate Calculator","Project guaranteed cash value growth; death benefits; and estimated dividend returns for permanent whole life policies.","Whole Life Insurance Calculator","en","","insurance","whole-life-insurance-calculator","SoftwareApplication+Breadcrumbs",764,"Low","Low","P2"
"https://freeaccuratecalculator.com/it/",200,true,false,"INDEX,FOLLOW","https://freeaccuratecalculator.com/it/",true,Yes,false,"Calcolatori Gratuiti e Precisi — Rapidi ed Esatti Online | Free Accurate Calculator","Calcolatori online verificati matematicamente per Finanza; Salute; Matematica e Vita Quotidiana con massima privacy locale ed esecuzione istantanea.","Calcoli Fatti a Regola d&#39;Arte. Rapidi; Precisi e Chiari.","it","","i18n-home","","WebPage+Breadcrumbs",773,"Low","Low","P2"
"https://freeaccuratecalculator.com/ja/",200,true,false,"INDEX,FOLLOW","https://freeaccuratecalculator.com/ja/",true,Yes,false,"無料の高精度計算機 — 高速・高精度のオンライン計算ツール | Free Accurate Calculator","金融、健康、数学、日常生活のための高精度オンライン計算機。登録不要、完全ローカル実行でプライバシーを保護。","正確な計算を、よりシンプルに。 高速・高精度・快適な操作性。","ja","","i18n-home","","WebPage+Breadcrumbs",544,"Low","Low","P2"
"https://freeaccuratecalculator.com/legal/alimony-calculator/",200,true,false,"INDEX,FOLLOW","https://freeaccuratecalculator.com/legal/alimony-calculator/",true,Yes,false,"Free Alimony Calculator — Spousal Support &amp; Duration Estimator | Free Accurate Calculator","Estimate potential spousal maintenance and duration based on income differential formulas used across family court jurisdictions.","Alimony Estimator","en","","legal","alimony-calculator","SoftwareApplication+Breadcrumbs",508,"Low","Low","P2"
"https://freeaccuratecalculator.com/legal/child-support-calculator/",200,true,false,"INDEX,FOLLOW","https://freeaccuratecalculator.com/legal/child-support-calculator/",true,Yes,false,"Free Child Support Calculator — Income Shares Model Guidelines | Free Accurate Calculator","Estimate statutory monthly child support obligations using standard Income Shares Model rules based on parental incomes and child count.","Child Support Calculator","en","","legal","child-support-calculator","SoftwareApplication+Breadcrumbs",527,"Low","Low","P2"
"https://freeaccuratecalculator.com/legal/",200,true,false,"INDEX,FOLLOW","https://freeaccuratecalculator.com/legal/",true,Yes,false,"Legal Calculators — Fast; Accurate &amp; Free Online Tools | Free Accurate Calculator","Child support guidelines; alimony estimations; personal injury settlement multipliers; and legal fee structures.","Legal Calculators. Fast; Accurate &amp; Private.","en","","legal","","WebPage+Breadcrumbs",840,"Low","Low","P2"
"https://freeaccuratecalculator.com/legal/legal-fee-calculator/",200,true,false,"INDEX,FOLLOW","https://freeaccuratecalculator.com/legal/legal-fee-calculator/",true,Yes,false,"Free Legal Fee Calculator — Hourly vs Contingency Fee Estimator | Free Accurate Calculator","Calculate expected attorney legal costs comparing hourly retainer billing rates with standard contingency percentage agreements.","Legal Fee Calculator","en","","legal","legal-fee-calculator","SoftwareApplication+Breadcrumbs",518,"Low","Low","P2"
"https://freeaccuratecalculator.com/legal/settlement-value-calculator/",200,true,false,"INDEX,FOLLOW","https://freeaccuratecalculator.com/legal/settlement-value-calculator/",true,Yes,false,"Free Personal Injury Settlement Calculator — Multiplier Method | Free Accurate Calculator","Calculate fair personal injury settlement claim values using medical bills; lost wages; and pain &amp; suffering multipliers.","Settlement Value Estimator","en","","legal","settlement-value-calculator","SoftwareApplication+Breadcrumbs",542,"Low","Low","P2"
"https://freeaccuratecalculator.com/love/ai-love-calculator/",200,true,false,"INDEX,FOLLOW","https://freeaccuratecalculator.com/love/ai-love-calculator/",true,Yes,false,"AI Love Predictor 2026 - Free &amp; Accurate Compatibility Test (2026) | Free Accurate Calculator","Calculate your love percentage instantly with our 99.9% accurate ai love predictor 2026. Free; private; and instant results. Try now!","AI Love Predictor 2026","en","","love","ai-love-calculator","SoftwareApplication+Breadcrumbs",701,"Low","Low","P2"
"https://freeaccuratecalculator.com/love/ai-love-predictor/",200,true,false,"INDEX,FOLLOW","https://freeaccuratecalculator.com/love/ai-love-predictor/",true,Yes,false,"AI Love Predictor 2026 - Free &amp; Accurate Compatibility Test (2026) | Free Accurate Calculator","Calculate your love percentage instantly with our 99.9% accurate ai love predictor 2026. Free; private; and instant results. Try now!","AI Love Predictor 2026","en","","love","","SoftwareApplication+Breadcrumbs",701,"Low","Low","P2"
"https://freeaccuratecalculator.com/love/birth-date-compatibility/",200,true,false,"INDEX,FOLLOW","https://freeaccuratecalculator.com/love/birth-date-compatibility/",true,Yes,false,"Birth Date Compatibility - Free &amp; Accurate Compatibility Test (2026) | Free Accurate Calculator","Calculate your love percentage instantly with our 99.9% accurate birth date compatibility. Free; private; and instant results. Try now!","Birth Date Compatibility","en","","love","","SoftwareApplication+Breadcrumbs",735,"Low","Low","P2"
"https://freeaccuratecalculator.com/love/birth-date-love-compatibility/",200,true,false,"INDEX,FOLLOW","https://freeaccuratecalculator.com/love/birth-date-love-compatibility/",true,Yes,false,"Birth Date Compatibility - Free &amp; Accurate Compatibility Test (2026) | Free Accurate Calculator","Calculate your love percentage instantly with our 99.9% accurate birth date compatibility. Free; private; and instant results. Try now!","Birth Date Compatibility","en","","love","","SoftwareApplication+Breadcrumbs",735,"Low","Low","P2"
"https://freeaccuratecalculator.com/love/blog/love-compatibility-tips/",200,true,false,"INDEX,FOLLOW","https://freeaccuratecalculator.com/love/blog/love-compatibility-tips/",true,Yes,false,"10 Love Compatibility Tips for Lasting Relationships (2026) | Free Accurate Calculator","Elevate your romantic relationship with 10 evidence-backed compatibility tips. Learn emotional attunement; conflict de-escalation; and shared rituals.","10 Proven Tips to Maximize Love Compatibility","en","","love","","WebPage+Breadcrumbs",367,"Low","Low","P2"
"https://freeaccuratecalculator.com/love/blog/zodiac-signs-in-love/",200,true,false,"INDEX,FOLLOW","https://freeaccuratecalculator.com/love/blog/zodiac-signs-in-love/",true,Yes,false,"How Each Zodiac Sign Behaves When in Love (2026 Guide) | Free Accurate Calculator","Discover how all 12 zodiac signs act when deeply in love. Uncover secret signs of devotion; vulnerability triggers; and romantic styles.","How Each Zodiac Sign Acts When Truly in Love","en","","love","","WebPage+Breadcrumbs",375,"Low","Low","P2"
"https://freeaccuratecalculator.com/love/breakup-compatibility-calculator/",200,true,false,"INDEX,FOLLOW","https://freeaccuratecalculator.com/love/breakup-compatibility-calculator/",true,Yes,false,"Ex Reconciliation Chance - Free &amp; Accurate Compatibility Test (2026) | Free Accurate Calculator","Calculate your love percentage instantly with our 99.9% accurate ex reconciliation chance. Free; private; and instant results. Try now!","Ex Reconciliation Chance","en","","love","breakup-compatibility-calculator","SoftwareApplication+Breadcrumbs",712,"Low","Low","P2"
"https://freeaccuratecalculator.com/love/celebrity-love-calculator/",200,true,false,"INDEX,FOLLOW","https://freeaccuratecalculator.com/love/celebrity-love-calculator/",true,Yes,false,"Celebrity Crush Match - Free &amp; Accurate Compatibility Test (2026) | Free Accurate Calculator","Calculate your love percentage instantly with our 99.9% accurate celebrity crush match. Free; private; and instant results. Try now!","Celebrity Crush Match","en","","love","celebrity-love-calculator","SoftwareApplication+Breadcrumbs",688,"Low","Low","P2"
"https://freeaccuratecalculator.com/love/chinese-zodiac-love-calculator/",200,true,false,"INDEX,FOLLOW","https://freeaccuratecalculator.com/love/chinese-zodiac-love-calculator/",true,Yes,false,"Chinese Zodiac Love - Free &amp; Accurate Compatibility Test (2026) | Free Accurate Calculator","Calculate your love percentage instantly with our 99.9% accurate chinese zodiac love. Free; private; and instant results. Try now!","Chinese Zodiac Love","en","","love","chinese-zodiac-love-calculator","SoftwareApplication+Breadcrumbs",736,"Low","Low","P2"
"https://freeaccuratecalculator.com/love/couple-nickname-generator-match/",200,true,false,"INDEX,FOLLOW","https://freeaccuratecalculator.com/love/couple-nickname-generator-match/",true,Yes,false,"Couple Nickname Generator - Free &amp; Accurate Compatibility Test (2026) | Free Accurate Calculator","Calculate your love percentage instantly with our 99.9% accurate couple nickname generator. Free; private; and instant results. Try now!","Couple Nickname Generator","en","","love","","SoftwareApplication+Breadcrumbs",706,"Low","Low","P2"
"https://freeaccuratecalculator.com/love/crush-love-test/",200,true,false,"INDEX,FOLLOW","https://freeaccuratecalculator.com/love/crush-love-test/",true,Yes,false,"Crush Love Test - Free &amp; Accurate Compatibility Test (2026) | Free Accurate Calculator","Calculate your love percentage instantly with our 99.9% accurate crush love test. Free; private; and instant results. Try now!","Crush Love Test","en","","love","","SoftwareApplication+Breadcrumbs",711,"Low","Low","P2"
"https://freeaccuratecalculator.com/love/crush-love-test-calculator/",200,true,false,"INDEX,FOLLOW","https://freeaccuratecalculator.com/love/crush-love-test-calculator/",true,Yes,false,"Crush Love Test - Free &amp; Accurate Compatibility Test (2026) | Free Accurate Calculator","Calculate your love percentage instantly with our 99.9% accurate crush love test. Free; private; and instant results. Try now!","Crush Love Test","en","","love","crush-love-test-calculator","SoftwareApplication+Breadcrumbs",711,"Low","Low","P2"
"https://freeaccuratecalculator.com/love/flames-calculator/",200,true,false,"INDEX,FOLLOW","https://freeaccuratecalculator.com/love/flames-calculator/",true,Yes,false,"FLAMES Love Game - Free &amp; Accurate Compatibility Test (2026) | Free Accurate Calculator","Calculate your love percentage instantly with our 99.9% accurate flames love game. Free; private; and instant results. Try now!","FLAMES Love Game","en","","love","flames-calculator","SoftwareApplication+Breadcrumbs",706,"Low","Low","P2"
"https://freeaccuratecalculator.com/love/friendship-to-love-calculator/",200,true,false,"INDEX,FOLLOW","https://freeaccuratecalculator.com/love/friendship-to-love-calculator/",true,Yes,false,"Friendship to Love - Free &amp; Accurate Compatibility Test (2026) | Free Accurate Calculator","Calculate your love percentage instantly with our 99.9% accurate friendship to love. Free; private; and instant results. Try now!","Friendship to Love","en","","love","friendship-to-love-calculator","SoftwareApplication+Breadcrumbs",719,"Low","Low","P2"
"https://freeaccuratecalculator.com/love/guides/flames-game-rules/",200,true,false,"INDEX,FOLLOW","https://freeaccuratecalculator.com/love/guides/flames-game-rules/",true,Yes,false,"FLAMES Game: History; Rules &amp; How to Play (2026) | Free Accurate Calculator","Master the classic FLAMES game online. Learn the exact step-by-step letter elimination algorithm; meaning of all 6 outcomes (F-L-A-M-E-S); and play now.","FLAMES Game: History; Rules &amp; How to Play","en","","love","","WebPage+Breadcrumbs",441,"Low","Low","P2"
"https://freeaccuratecalculator.com/love/guides/how-love-calculator-works/",200,true,false,"INDEX,FOLLOW","https://freeaccuratecalculator.com/love/guides/how-love-calculator-works/",true,Yes,false,"How Love Calculators Work: The Science Behind Compatibility (2026) | Free Accurate Calculator","How does a love calculator work? Explore the deterministic mathematics; acoustic phonetic frequencies; astrological ephemeris; and psychometric science behind love testing.","How Love Calculators Work: The Science Behind Compatibility","en","","love","how-love-calculator-works","WebPage+Breadcrumbs",730,"Low","Low","P2"
"https://freeaccuratecalculator.com/love/guides/",200,true,false,"INDEX,FOLLOW","https://freeaccuratecalculator.com/love/guides/",true,Yes,false,"Love &amp; Compatibility Guides — Free Accurate Calculator","Master the art of romantic compatibility with expert guides on love algorithms; zodiac sign synastry; Vedic Kundli matching; twin flame signs; FLAMES; and numerology.","Love &amp; Compatibility Guides","en","","love","","WebPage+Breadcrumbs",599,"Low","Low","P2"
"https://freeaccuratecalculator.com/love/guides/kundli-matching-explained/",200,true,false,"INDEX,FOLLOW","https://freeaccuratecalculator.com/love/guides/kundli-matching-explained/",true,Yes,false,"Kundli Matching Explained: Vedic Astrology for Marriage (2026) | Free Accurate Calculator","Master Kundli matching online with our in-depth Vedic marriage guide. Understand Ashtakoota 36 Guna Milan; Manglik Dosha; Nadi Dosha; and remedies.","Kundli Matching Explained: Vedic Astrology for Marriage","en","","love","","WebPage+Breadcrumbs",628,"Low","Low","P2"
"https://freeaccuratecalculator.com/love/guides/numerology-love-compatibility/",200,true,false,"INDEX,FOLLOW","https://freeaccuratecalculator.com/love/guides/numerology-love-compatibility/",true,Yes,false,"Numerology Love Numbers: Life Path Compatibility (2026) | Free Accurate Calculator","Master numerology compatibility with our comprehensive Life Path love guide. Calculate your number (1-9 &amp; Master numbers 11/22/33) and find your ideal match.","Numerology Love Numbers: Find Your Life Path Compatibility","en","","love","","WebPage+Breadcrumbs",584,"Low","Low","P2"
"https://freeaccuratecalculator.com/love/guides/numerology-love-meanings/",200,true,false,"INDEX,FOLLOW","https://freeaccuratecalculator.com/love/guides/numerology-love-meanings/",true,Yes,false,"Numerology Love Meanings: Life Path Compatibility (2026) | Free Accurate Calculator","Discover how Numerology Life Path numbers (1-9 and Master numbers) influence romantic attraction; relationship harmony; and soul contracts.","Numerology Love Meanings: Life Path Synergies","en","","love","","WebPage+Breadcrumbs",389,"Low","Low","P2"
"https://freeaccuratecalculator.com/love/guides/twin-flame-signs/",200,true,false,"INDEX,FOLLOW","https://freeaccuratecalculator.com/love/guides/twin-flame-signs/",true,Yes,false,"11 Twin Flame Signs &amp; Stages: Soulmate vs Twin Flame (2026) | Free Accurate Calculator","Learn the 11 unmistakable signs of a twin flame connection. Understand the difference between karmic partners; soulmates; and true mirror souls.","11 Twin Flame Signs: Mirror Souls &amp; Stages","en","","love","","WebPage+Breadcrumbs",398,"Low","Low","P2"
"https://freeaccuratecalculator.com/love/guides/twin-flame-vs-soulmate/",200,true,false,"INDEX,FOLLOW","https://freeaccuratecalculator.com/love/guides/twin-flame-vs-soulmate/",true,Yes,false,"Twin Flame vs Soulmate: What&#39;s the Difference? (2026) | Free Accurate Calculator","What is the difference between a twin flame and a soulmate? Explore the 8 stages of the twin flame journey; runner-chaser dynamics; and mirror soul signs.","Twin Flame vs Soulmate: What's the Difference?","en","","love","","WebPage+Breadcrumbs",526,"Low","Low","P2"
"https://freeaccuratecalculator.com/love/guides/zodiac-compatibility/",200,true,false,"INDEX,FOLLOW","https://freeaccuratecalculator.com/love/guides/zodiac-compatibility/",true,Yes,false,"Zodiac Compatibility Guide: All 12 Signs in Love (2026) | Free Accurate Calculator","Master zodiac sign compatibility with our complete 12-sign love guide. Explore elemental synergies (Fire; Earth; Air; Water); best matches; and synastry charts.","Zodiac Compatibility Guide: All 12 Signs in Love","en","","love","","WebPage+Breadcrumbs",898,"Low","Low","P2"
"https://freeaccuratecalculator.com/love/guides/zodiac-compatibility-guide/",200,true,false,"INDEX,FOLLOW","https://freeaccuratecalculator.com/love/guides/zodiac-compatibility-guide/",true,Yes,false,"Zodiac Compatibility Guide: Elements &amp; Synastry (2026) | Free Accurate Calculator","Master astrological love compatibility. Understand elemental harmonies (Fire; Earth; Air; Water); opposite signs; and planetary synastry aspects.","Zodiac Compatibility: Elements &amp; Synastry Matrix","en","","love","","WebPage+Breadcrumbs",435,"Low","Low","P2"
"https://freeaccuratecalculator.com/love/",200,true,false,"INDEX,FOLLOW","https://freeaccuratecalculator.com/love/",true,Yes,false,"Love Calculators Hub: 21 Free &amp; Accurate Romantic Compatibility Tests | Free Accurate Calculator","Discover your romantic destiny with 21 elite love calculators. Test name compatibility; Vedic marriage Kundli; zodiac synergy; FLAMES; tarot; and numerology instantly.","Discover Your Cosmic &amp; Romantic Synergy - 21 Free Love Calculators","en","","love","","WebPage+Breadcrumbs",1327,"Low","Low","P2"
"https://freeaccuratecalculator.com/love/kundli-matching/",200,true,false,"INDEX,FOLLOW","https://freeaccuratecalculator.com/love/kundli-matching/",true,Yes,false,"Marriage &amp; Kundli Compatibility - Free &amp; Accurate Compatibility Test (2026) | Free Accurate Calculator","Calculate your love percentage instantly with our 99.9% accurate marriage &amp; kundli compatibility. Free; private; and instant results. Try now!","Marriage &amp; Kundli Compatibility","en","","love","","SoftwareApplication+Breadcrumbs",762,"Low","Low","P2"
"https://freeaccuratecalculator.com/love/love-calculator/",200,true,false,"INDEX,FOLLOW","https://freeaccuratecalculator.com/love/love-calculator/",true,Yes,false,"Love Calculator by Name - Free &amp; Accurate Compatibility Test (2026) | Free Accurate Calculator","Calculate your love percentage instantly with our 99.9% accurate love calculator by name. Free; private; and instant results. Try now!","Love Calculator by Name","en","","love","love-calculator","SoftwareApplication+Breadcrumbs",747,"Low","Low","P2"
"https://freeaccuratecalculator.com/love/love-calculator-by-name/",200,true,false,"INDEX,FOLLOW","https://freeaccuratecalculator.com/love/love-calculator-by-name/",true,Yes,false,"Love Calculator by Name - Free &amp; Accurate Compatibility Test (2026) | Free Accurate Calculator","Calculate your love percentage instantly with our 99.9% accurate love calculator by name. Free; private; and instant results. Try now!","Love Calculator by Name","en","","love","love-calculator-by-name","SoftwareApplication+Breadcrumbs",747,"Low","Low","P2"
"https://freeaccuratecalculator.com/love/love-compatibility-calculator/",200,true,false,"INDEX,FOLLOW","https://freeaccuratecalculator.com/love/love-compatibility-calculator/",true,Yes,false,"Zodiac Love Compatibility - Free &amp; Accurate Compatibility Test (2026) | Free Accurate Calculator","Calculate your love percentage instantly with our 99.9% accurate zodiac love compatibility. Free; private; and instant results. Try now!","Zodiac Love Compatibility","en","","love","love-compatibility-calculator","SoftwareApplication+Breadcrumbs",784,"Low","Low","P2"
"https://freeaccuratecalculator.com/love/love-language-compatibility/",200,true,false,"INDEX,FOLLOW","https://freeaccuratecalculator.com/love/love-language-compatibility/",true,Yes,false,"Love Language Compatibility - Free &amp; Accurate Compatibility Test (2026) | Free Accurate Calculator","Calculate your love percentage instantly with our 99.9% accurate love language compatibility. Free; private; and instant results. Try now!","Love Language Compatibility","en","","love","","SoftwareApplication+Breadcrumbs",769,"Low","Low","P2"
"https://freeaccuratecalculator.com/love/marriage-compatibility-calculator/",200,true,false,"INDEX,FOLLOW","https://freeaccuratecalculator.com/love/marriage-compatibility-calculator/",true,Yes,false,"Marriage &amp; Kundli Compatibility - Free &amp; Accurate Compatibility Test (2026) | Free Accurate Calculator","Calculate your love percentage instantly with our 99.9% accurate marriage &amp; kundli compatibility. Free; private; and instant results. Try now!","Marriage &amp; Kundli Compatibility","en","","love","marriage-compatibility-calculator","SoftwareApplication+Breadcrumbs",762,"Low","Low","P2"
"https://freeaccuratecalculator.com/love/numerology-love-calculator/",200,true,false,"INDEX,FOLLOW","https://freeaccuratecalculator.com/love/numerology-love-calculator/",true,Yes,false,"Numerology Love Match - Free &amp; Accurate Compatibility Test (2026) | Free Accurate Calculator","Calculate your love percentage instantly with our 99.9% accurate numerology love match. Free; private; and instant results. Try now!","Numerology Love Match","en","","love","numerology-love-calculator","SoftwareApplication+Breadcrumbs",724,"Low","Low","P2"
"https://freeaccuratecalculator.com/love/prank-love-calculator/",200,true,false,"INDEX,FOLLOW","https://freeaccuratecalculator.com/love/prank-love-calculator/",true,Yes,false,"Prank Love Calculator - Free &amp; Accurate Compatibility Test (2026) | Free Accurate Calculator","Calculate your love percentage instantly with our 99.9% accurate prank love calculator. Free; private; and instant results. Try now!","Prank Love Calculator","en","","love","prank-love-calculator","SoftwareApplication+Breadcrumbs",706,"Low","Low","P2"
"https://freeaccuratecalculator.com/love/relationship-compatibility-test/",200,true,false,"INDEX,FOLLOW","https://freeaccuratecalculator.com/love/relationship-compatibility-test/",true,Yes,false,"Relationship Compatibility Test - Free &amp; Accurate Compatibility Test (2026) | Free Accurate Calculator","Calculate your love percentage instantly with our 99.9% accurate relationship compatibility test. Free; private; and instant results. Try now!","Relationship Compatibility Test","en","","love","","SoftwareApplication+Breadcrumbs",700,"Low","Low","P2"
"https://freeaccuratecalculator.com/love/relationship-counter/",200,true,false,"INDEX,FOLLOW","https://freeaccuratecalculator.com/love/relationship-counter/",true,Yes,false,"Relationship Compatibility Test - Free &amp; Accurate Compatibility Test (2026) | Free Accurate Calculator","Calculate your love percentage instantly with our 99.9% accurate relationship compatibility test. Free; private; and instant results. Try now!","Relationship Compatibility Test","en","","love","","SoftwareApplication+Breadcrumbs",700,"Low","Low","P2"
"https://freeaccuratecalculator.com/love/soulmate-name-calculator/",200,true,false,"INDEX,FOLLOW","https://freeaccuratecalculator.com/love/soulmate-name-calculator/",true,Yes,false,"Soulmate Name Matcher - Free &amp; Accurate Compatibility Test (2026) | Free Accurate Calculator","Calculate your love percentage instantly with our 99.9% accurate soulmate name matcher. Free; private; and instant results. Try now!","Soulmate Name Matcher","en","","love","soulmate-name-calculator","SoftwareApplication+Breadcrumbs",683,"Low","Low","P2"
"https://freeaccuratecalculator.com/love/tarot-love-calculator/",200,true,false,"INDEX,FOLLOW","https://freeaccuratecalculator.com/love/tarot-love-calculator/",true,Yes,false,"Tarot Love Reading Calc - Free &amp; Accurate Compatibility Test (2026) | Free Accurate Calculator","Calculate your love percentage instantly with our 99.9% accurate tarot love reading calc. Free; private; and instant results. Try now!","Tarot Love Reading Calc","en","","love","tarot-love-calculator","SoftwareApplication+Breadcrumbs",719,"Low","Low","P2"
"https://freeaccuratecalculator.com/love/true-love-calculator/",200,true,false,"INDEX,FOLLOW","https://freeaccuratecalculator.com/love/true-love-calculator/",true,Yes,false,"True Love Percentage - Free &amp; Accurate Compatibility Test (2026) | Free Accurate Calculator","Calculate your love percentage instantly with our 99.9% accurate true love percentage. Free; private; and instant results. Try now!","True Love Percentage","en","","love","true-love-calculator","SoftwareApplication+Breadcrumbs",691,"Low","Low","P2"
"https://freeaccuratecalculator.com/love/true-love-calculator-by-names/",200,true,false,"INDEX,FOLLOW","https://freeaccuratecalculator.com/love/true-love-calculator-by-names/",true,Yes,false,"True Love Percentage - Free &amp; Accurate Compatibility Test (2026) | Free Accurate Calculator","Calculate your love percentage instantly with our 99.9% accurate true love percentage. Free; private; and instant results. Try now!","True Love Percentage","en","","love","true-love-calculator-by-names","SoftwareApplication+Breadcrumbs",691,"Low","Low","P2"
"https://freeaccuratecalculator.com/love/twin-flame-calculator/",200,true,false,"INDEX,FOLLOW","https://freeaccuratecalculator.com/love/twin-flame-calculator/",true,Yes,false,"Twin Flame Calculator - Free &amp; Accurate Compatibility Test (2026) | Free Accurate Calculator","Calculate your love percentage instantly with our 99.9% accurate twin flame calculator. Free; private; and instant results. Try now!","Twin Flame Calculator","en","","love","twin-flame-calculator","SoftwareApplication+Breadcrumbs",721,"Low","Low","P2"
"https://freeaccuratecalculator.com/love/wedding-date-predictor-calculator/",200,true,false,"INDEX,FOLLOW","https://freeaccuratecalculator.com/love/wedding-date-predictor-calculator/",true,Yes,false,"Future Wedding Date - Free &amp; Accurate Compatibility Test (2026) | Free Accurate Calculator","Calculate your love percentage instantly with our 99.9% accurate future wedding date. Free; private; and instant results. Try now!","Future Wedding Date","en","","love","wedding-date-predictor-calculator","SoftwareApplication+Breadcrumbs",713,"Low","Low","P2"
"https://freeaccuratecalculator.com/love/zodiac-compatibility/",200,true,false,"INDEX,FOLLOW","https://freeaccuratecalculator.com/love/zodiac-compatibility/",true,Yes,false,"Zodiac Love Compatibility - Free &amp; Accurate Compatibility Test (2026) | Free Accurate Calculator","Calculate your love percentage instantly with our 99.9% accurate zodiac love compatibility. Free; private; and instant results. Try now!","Zodiac Love Compatibility","en","","love","","SoftwareApplication+Breadcrumbs",784,"Low","Low","P2"
"https://freeaccuratecalculator.com/love/zodiac-love-compatibility-calculator/",200,true,false,"INDEX,FOLLOW","https://freeaccuratecalculator.com/love/zodiac-love-compatibility-calculator/",true,Yes,false,"Zodiac Love Compatibility - Free &amp; Accurate Compatibility Test (2026) | Free Accurate Calculator","Calculate your love percentage instantly with our 99.9% accurate zodiac love compatibility. Free; private; and instant results. Try now!","Zodiac Love Compatibility","en","","love","zodiac-love-compatibility-calculator","SoftwareApplication+Breadcrumbs",784,"Low","Low","P2"
"https://freeaccuratecalculator.com/marketing/cac-calculator/",200,true,false,"INDEX,FOLLOW","https://freeaccuratecalculator.com/marketing/cac-calculator/",true,Yes,false,"Free CAC Calculator — Customer Acquisition Cost &amp; Blended Unit Economics | Free Accurate Calculator","Calculate customer acquisition cost (CAC) by combining paid media ad spend; marketing salaries; and agency software overhead.","Customer Acquisition Cost","en","","marketing","cac-calculator","SoftwareApplication+Breadcrumbs",512,"Low","Low","P2"
"https://freeaccuratecalculator.com/marketing/conversion-rate-calculator/",200,true,false,"INDEX,FOLLOW","https://freeaccuratecalculator.com/marketing/conversion-rate-calculator/",true,Yes,false,"Free Conversion Rate Calculator — Funnel &amp; Lead Optimization | Free Accurate Calculator","Calculate e-commerce and lead generation conversion rate percentages from visitor traffic and successful transaction counts.","Conversion Rate Calculator","en","","marketing","conversion-rate-calculator","SoftwareApplication+Breadcrumbs",506,"Low","Low","P2"
"https://freeaccuratecalculator.com/marketing/email-roi-calculator/",200,true,false,"INDEX,FOLLOW","https://freeaccuratecalculator.com/marketing/email-roi-calculator/",true,Yes,false,"Free Email Marketing ROI Calculator — Campaign Yield &amp; Net Returns | Free Accurate Calculator","Calculate Return on Investment (ROI) and net profit generated by email marketing newsletters and automation flows.","Email ROI Calculator","en","","marketing","email-roi-calculator","SoftwareApplication+Breadcrumbs",514,"Low","Low","P2"
"https://freeaccuratecalculator.com/marketing/",200,true,false,"INDEX,FOLLOW","https://freeaccuratecalculator.com/marketing/",true,Yes,false,"Marketing Calculators — Fast; Accurate &amp; Free Online Tools | Free Accurate Calculator","Customer acquisition cost (CAC); return on ad spend (ROAS); funnel conversion rates; and email marketing ROI.","Marketing Calculators. Fast; Accurate &amp; Clean.","en","","marketing","","WebPage+Breadcrumbs",785,"Low","Low","P2"
"https://freeaccuratecalculator.com/marketing/roas-calculator/",200,true,false,"INDEX,FOLLOW","https://freeaccuratecalculator.com/marketing/roas-calculator/",true,Yes,false,"Free ROAS Calculator — Return on Ad Spend &amp; Advertising Efficiency | Free Accurate Calculator","Calculate Return on Ad Spend (ROAS) as a percentage or multiple ratio to evaluate marketing campaign profitability.","ROAS Calculator","en","","marketing","roas-calculator","SoftwareApplication+Breadcrumbs",506,"Low","Low","P2"
"https://freeaccuratecalculator.com/math/fraction-calculator/",200,true,false,"INDEX,FOLLOW","https://freeaccuratecalculator.com/math/fraction-calculator/",true,Yes,false,"Fraction Calculator — Add; Subtract; Multiply &amp; Divide Fractions | Free Accurate Calculator","Solve fraction arithmetic with step-by-step Least Common Denominator (LCD) steps and reduced fraction output.","Fraction Calculator","en","","math","fraction-calculator","SoftwareApplication+Breadcrumbs",511,"Low","Low","P1"
"https://freeaccuratecalculator.com/math/",200,true,false,"INDEX,FOLLOW","https://freeaccuratecalculator.com/math/",true,Yes,false,"Math Calculators — Fast; Accurate &amp; Free Online Tools | Free Accurate Calculator","Percentages; scientific functions; fractions; standard deviation; and geometric calculations with step-by-step proofs.","Math Calculators. Fast; Accurate &amp; Free.","en","","math","","WebPage+Breadcrumbs",637,"Low","Low","P1"
"https://freeaccuratecalculator.com/math/percentage-calculator/",200,true,false,"INDEX,FOLLOW","https://freeaccuratecalculator.com/math/percentage-calculator/",true,Yes,false,"Percentage Calculator — Free; Accurate &amp; Instant | Free Accurate Calculator","Free online percentage calculator. Calculate percentages; percentage change; increase; decrease; and differences with step-by-step formulas and instant animated results.","Percentage Calculator","en","","math","percentage-calculator","SoftwareApplication+Breadcrumbs",781,"Low","Low","P0"
"https://freeaccuratecalculator.com/math/random-number-generator/",200,true,false,"INDEX,FOLLOW","https://freeaccuratecalculator.com/math/random-number-generator/",true,Yes,false,"Random Number Generator — Cryptographically Secure RNG | Free Accurate Calculator","Generate truly unbiased random integers or floating-point numbers using hardware-level cryptographic entropy (`crypto.getRandomValues`).","Random Number Generator","en","","math","","SoftwareApplication+Breadcrumbs",493,"Low","Low","P1"
"https://freeaccuratecalculator.com/math/scientific-calculator/",200,true,false,"INDEX,FOLLOW","https://freeaccuratecalculator.com/math/scientific-calculator/",true,Yes,false,"Scientific Calculator — Trigonometry; Powers; Logarithms &amp; Roots | Free Accurate Calculator","Perform advanced mathematical operations including sine; cosine; tangent; natural logs; square roots; and exponentiation.","Scientific Calculator","en","","math","scientific-calculator","SoftwareApplication+Breadcrumbs",504,"Low","Low","P1"
"https://freeaccuratecalculator.com/math/triangle-calculator/",200,true,false,"INDEX,FOLLOW","https://freeaccuratecalculator.com/math/triangle-calculator/",true,Yes,false,"Triangle Calculator — Area; Perimeter &amp; Pythagorean Theorem | Free Accurate Calculator","Calculate triangle area; hypotenuse; missing side lengths; and perimeter using Heron’s formula and trigonometry.","Triangle Calculator","en","","math","triangle-calculator","SoftwareApplication+Breadcrumbs",493,"Low","Low","P1"
"https://freeaccuratecalculator.com/nl/",200,true,false,"INDEX,FOLLOW","https://freeaccuratecalculator.com/nl/",true,Yes,false,"Gratis Nauwkeurige Rekenmachines — Snel en Exact Online | Free Accurate Calculator","Wiskundig geverifieerde online rekenmachines voor Financiën; Gezondheid; Wiskunde en Dagelijks gebruik met volledige lokale privacy en zonder vertraging.","Berekeningen Goed Gedaan. Snel; Nauwkeurig en Helder.","nl","","i18n-home","","WebPage+Breadcrumbs",730,"Low","Low","P2"
"https://freeaccuratecalculator.com/physics/",200,true,false,"INDEX,FOLLOW","https://freeaccuratecalculator.com/physics/",true,Yes,false,"Physics Calculators — Fast; Accurate &amp; Free Online Tools | Free Accurate Calculator","Kinematic velocity and acceleration; kinetic energy; Ohm’s law electrical circuits; and parabolic projectile trajectory.","Physics Calculators. Fast; Accurate &amp; Clean.","en","","physics","","WebPage+Breadcrumbs",814,"Low","Low","P2"
"https://freeaccuratecalculator.com/physics/kinetic-energy-calculator/",200,true,false,"INDEX,FOLLOW","https://freeaccuratecalculator.com/physics/kinetic-energy-calculator/",true,Yes,false,"Free Kinetic Energy Calculator — Mass &amp; Velocity KE = ½mv² | Free Accurate Calculator","Calculate kinetic mechanical energy in Joules (J) and kilojoules (kJ) based on object mass and moving velocity.","Kinetic Energy Calculator","en","","physics","kinetic-energy-calculator","SoftwareApplication+Breadcrumbs",508,"Low","Low","P2"
"https://freeaccuratecalculator.com/physics/ohms-law-calculator/",200,true,false,"INDEX,FOLLOW","https://freeaccuratecalculator.com/physics/ohms-law-calculator/",true,Yes,false,"Free Ohm’s Law Calculator — Voltage; Current; Resistance &amp; Power | Free Accurate Calculator","Calculate electrical circuit parameters: Voltage (V); Current (I); Resistance (R); and Power dissipation (W) across DC circuits.","Ohm’s Law Calculator","en","","physics","ohms-law-calculator","SoftwareApplication+Breadcrumbs",513,"Low","Low","P2"
"https://freeaccuratecalculator.com/physics/projectile-motion-calculator/",200,true,false,"INDEX,FOLLOW","https://freeaccuratecalculator.com/physics/projectile-motion-calculator/",true,Yes,false,"Free Projectile Motion Calculator — Maximum Height; Range &amp; Flight Time | Free Accurate Calculator","Calculate 2D parabolic ballistic projectile trajectory: horizontal range; peak apex altitude; and total flight hangtime.","Projectile Motion Tool","en","","physics","projectile-motion-calculator","SoftwareApplication+Breadcrumbs",516,"Low","Low","P2"
"https://freeaccuratecalculator.com/physics/velocity-acceleration-calculator/",200,true,false,"INDEX,FOLLOW","https://freeaccuratecalculator.com/physics/velocity-acceleration-calculator/",true,Yes,false,"Free Velocity &amp; Acceleration Calculator — Kinematic Equations of Motion | Free Accurate Calculator","Solve classical Newtonian kinematics: final velocity; constant acceleration; elapsed time; and total displacement.","Velocity &amp; Acceleration","en","","physics","velocity-acceleration-calculator","SoftwareApplication+Breadcrumbs",507,"Low","Low","P2"
"https://freeaccuratecalculator.com/privacy-policy/",200,true,false,"INDEX,FOLLOW","https://freeaccuratecalculator.com/privacy-policy/",true,Yes,false,"Privacy Policy | Free Accurate Calculator","Read the Free Accurate Calculator Privacy Policy. Learn about our commitment to user privacy; client-side calculation processing; cookies; and Google AdSense compliance.","Privacy Policy","en","","privacy-policy","","WebPage+Breadcrumbs",704,"Low","Low","P2"
"https://freeaccuratecalculator.com/pt/",200,true,false,"INDEX,FOLLOW","https://freeaccuratecalculator.com/pt/",true,Yes,false,"Calculadoras Gratuitas e Precisas — Rápidas e Exatas Online | Free Accurate Calculator","Calculadoras online matematicamente verificadas para Finanças; Saúde; Matemática e Cotidiano com máxima privacidade local e zero atraso.","Cálculos Feitos da Forma Certa. Rápidos; Precisos e Claros.","pt","","i18n-home","","WebPage+Breadcrumbs",779,"Low","Low","P2"
"https://freeaccuratecalculator.com/real-estate/cap-rate-calculator/",200,true,false,"INDEX,FOLLOW","https://freeaccuratecalculator.com/real-estate/cap-rate-calculator/",true,Yes,false,"Free Cap Rate Calculator — Capitalization Rate &amp; Commercial NOI | Free Accurate Calculator","Evaluate commercial and residential real estate investment profitability using Net Operating Income (NOI) and asset market valuation.","Cap Rate Calculator","en","","real-estate","cap-rate-calculator","SoftwareApplication+Breadcrumbs",518,"Low","Low","P2"
"https://freeaccuratecalculator.com/real-estate/",200,true,false,"INDEX,FOLLOW","https://freeaccuratecalculator.com/real-estate/",true,Yes,false,"Real Estate Calculators — Fast; Accurate &amp; Free Online Tools | Free Accurate Calculator","Rental yield percentages; capitalization rates (Cap Rate); property tax assessments; and mortgage cash flows.","Real Estate Calculators. Fast; Accurate &amp; Clean.","en","","real-estate","","WebPage+Breadcrumbs",799,"Low","Low","P2"
"https://freeaccuratecalculator.com/real-estate/property-tax-calculator/",200,true,false,"INDEX,FOLLOW","https://freeaccuratecalculator.com/real-estate/property-tax-calculator/",true,Yes,false,"Free Property Tax Calculator — Annual &amp; Monthly Escrow Estimator | Free Accurate Calculator","Estimate annual; semi-annual; and monthly property tax payments based on local county millage rates and assessed market values.","Property Tax Calculator","en","","real-estate","property-tax-calculator","SoftwareApplication+Breadcrumbs",517,"Low","Low","P2"
"https://freeaccuratecalculator.com/real-estate/rental-yield-calculator/",200,true,false,"INDEX,FOLLOW","https://freeaccuratecalculator.com/real-estate/rental-yield-calculator/",true,Yes,false,"Free Rental Yield Calculator — Gross &amp; Net Property Returns | Free Accurate Calculator","Calculate gross and net rental yield percentages on real estate investments with recurring expense deductions.","Rental Yield Calculator","en","","real-estate","rental-yield-calculator","SoftwareApplication+Breadcrumbs",554,"Low","Low","P2"
"https://freeaccuratecalculator.com/ru/",200,true,false,"INDEX,FOLLOW","https://freeaccuratecalculator.com/ru/",true,Yes,false,"Бесплатные точные калькуляторы — Быстрые онлайн-расчеты | Free Accurate Calculator","Математически выверенные онлайн-калькуляторы для финансов; здоровья; математики и бытовых задач с мгновенным локальным вычислением и конфиденциальностью.","Точные расчеты без ошибок. Быстро; надежно и удобно.","ru","","i18n-home","","WebPage+Breadcrumbs",741,"Low","Low","P2"
"https://freeaccuratecalculator.com/sports/golf-handicap-calculator/",200,true,false,"INDEX,FOLLOW","https://freeaccuratecalculator.com/sports/golf-handicap-calculator/",true,Yes,false,"Free Golf Handicap Calculator — USGA WHS Score Differential | Free Accurate Calculator","Calculate World Handicap System (WHS) score differentials based on 18-hole gross scores; course rating; and slope rating.","Golf Handicap Estimator","en","","sports","golf-handicap-calculator","SoftwareApplication+Breadcrumbs",511,"Low","Low","P2"
"https://freeaccuratecalculator.com/sports/heart-rate-zone-calculator/",200,true,false,"INDEX,FOLLOW","https://freeaccuratecalculator.com/sports/heart-rate-zone-calculator/",true,Yes,false,"Free Target Heart Rate Zone Calculator — Tanaka &amp; Karvonen Aerobic Bands | Free Accurate Calculator","Calculate athletic heart rate training zones (Zone 1 Recovery through Zone 5 VO2 Max) based on age and resting pulse.","Target Heart Rate Zone","en","","sports","heart-rate-zone-calculator","SoftwareApplication+Breadcrumbs",532,"Low","Low","P2"
"https://freeaccuratecalculator.com/sports/",200,true,false,"INDEX,FOLLOW","https://freeaccuratecalculator.com/sports/",true,Yes,false,"Sports Calculators — Fast; Accurate &amp; Free Online Tools | Free Accurate Calculator","Running pace pacing splits; target heart rate zones; Brzycki one-rep max (1RM); and golf course handicap differentials.","Sports Calculators. Fast; Accurate &amp; Clean.","en","","sports","","WebPage+Breadcrumbs",801,"Low","Low","P2"
"https://freeaccuratecalculator.com/sports/one-rep-max-calculator/",200,true,false,"INDEX,FOLLOW","https://freeaccuratecalculator.com/sports/one-rep-max-calculator/",true,Yes,false,"Free One-Rep Max Calculator — Brzycki &amp; Epley Strength Formula | Free Accurate Calculator","Calculate maximum single-repetition lift capacity (1RM) and percentage training loads (60% to 95%) from submaximal working sets.","One-Rep Max (1RM) Tool","en","","sports","one-rep-max-calculator","SoftwareApplication+Breadcrumbs",517,"Low","Low","P2"
"https://freeaccuratecalculator.com/statistics/confidence-interval-calculator/",200,true,false,"INDEX,FOLLOW","https://freeaccuratecalculator.com/statistics/confidence-interval-calculator/",true,Yes,false,"Free Confidence Interval Calculator — Mean &amp; Margin of Error Bounds | Free Accurate Calculator","Calculate normal distribution confidence intervals for sample means with standard error margins.","Confidence Interval","en","","statistics","confidence-interval-calculator","SoftwareApplication+Breadcrumbs",509,"Low","Low","P2"
"https://freeaccuratecalculator.com/statistics/",200,true,false,"INDEX,FOLLOW","https://freeaccuratecalculator.com/statistics/",true,Yes,false,"Statistics Calculators — Fast; Accurate &amp; Free Online Tools | Free Accurate Calculator","Sample standard deviation; confidence intervals; sample size requirements; and probability event distributions.","Statistics Calculators. Fast; Accurate &amp; Free.","en","","statistics","","WebPage+Breadcrumbs",809,"Low","Low","P2"
"https://freeaccuratecalculator.com/statistics/probability-calculator/",200,true,false,"INDEX,FOLLOW","https://freeaccuratecalculator.com/statistics/probability-calculator/",true,Yes,false,"Free Probability Calculator — Independent; Joint &amp; Conditional Odds | Free Accurate Calculator","Calculate single event odds; joint probabilities P(A and B); union odds P(A or B); and conditional likelihoods.","Probability Calculator","en","","statistics","probability-calculator","SoftwareApplication+Breadcrumbs",508,"Low","Low","P2"
"https://freeaccuratecalculator.com/statistics/sample-size-calculator/",200,true,false,"INDEX,FOLLOW","https://freeaccuratecalculator.com/statistics/sample-size-calculator/",true,Yes,false,"Free Sample Size Calculator — Cochran’s Survey Population Formula | Free Accurate Calculator","Calculate scientifically representative sample size targets for clinical trials; market research surveys; and A/B test experiments.","Sample Size Calculator","en","","statistics","sample-size-calculator","SoftwareApplication+Breadcrumbs",542,"Low","Low","P2"
"https://freeaccuratecalculator.com/statistics/standard-deviation-calculator/",200,true,false,"INDEX,FOLLOW","https://freeaccuratecalculator.com/statistics/standard-deviation-calculator/",true,Yes,false,"Standard Deviation Calculator — Sample vs Population Variance | Free Accurate Calculator","Calculate sample standard deviation (s); population standard deviation (σ); variance; mean; and standard error of dataset.","Standard Deviation Calculator","en","","statistics","standard-deviation-calculator","SoftwareApplication+Breadcrumbs",518,"Low","Low","P2"
"https://freeaccuratecalculator.com/technology/ai-token-cost-calculator/",200,true,false,"INDEX,FOLLOW","https://freeaccuratecalculator.com/technology/ai-token-cost-calculator/",true,Yes,false,"AI Prompt &amp; Token Cost Calculator — LLM API Price &amp; Caching Estimator | Free Accurate Calculator","Calculate LLM API costs for OpenAI GPT-4o; Claude 3.5 Sonnet; DeepSeek-V3; Gemini 1.5; and Llama. Compare prompt tokens; output pricing; and caching savings.","AI Prompt &amp; Token Cost Calculator","en","","technology","ai-token-cost-calculator","SoftwareApplication+Breadcrumbs",964,"Low","Low","P2"
"https://freeaccuratecalculator.com/technology/bandwidth-calculator/",200,true,false,"INDEX,FOLLOW","https://freeaccuratecalculator.com/technology/bandwidth-calculator/",true,Yes,false,"Free Bandwidth Calculator — Network Throughput &amp; Download Time | Free Accurate Calculator","Calculate file transfer durations and required network bandwidth speeds across gigabit fiber; broadband; and cloud infrastructure.","Bandwidth Calculator","en","","technology","bandwidth-calculator","SoftwareApplication+Breadcrumbs",498,"Low","Low","P2"
"https://freeaccuratecalculator.com/technology/data-transfer-calculator/",200,true,false,"INDEX,FOLLOW","https://freeaccuratecalculator.com/technology/data-transfer-calculator/",true,Yes,false,"Free Data Transfer Calculator — Backup &amp; Cloud Migration Duration | Free Accurate Calculator","Estimate total gigabytes moved and completion timelines for server migrations; local SSD backups; and WAN syncs.","Data Transfer Time","en","","technology","data-transfer-calculator","SoftwareApplication+Breadcrumbs",502,"Low","Low","P2"
"https://freeaccuratecalculator.com/technology/",200,true,false,"INDEX,FOLLOW","https://freeaccuratecalculator.com/technology/",true,Yes,false,"Technology Calculators — Fast; Accurate &amp; Free Online Tools | Free Accurate Calculator","IPv4 CIDR subnetting; data transfer times; bandwidth requirements; and cryptographic password entropy.","Technology Calculators. Fast; Accurate &amp; Free.","en","","technology","","WebPage+Breadcrumbs",802,"Low","Low","P2"
"https://freeaccuratecalculator.com/technology/password-generator/",200,true,false,"INDEX,FOLLOW","https://freeaccuratecalculator.com/technology/password-generator/",true,Yes,false,"Password Generator — Secure Cryptographic Random Passwords | Free Accurate Calculator","Generate high-entropy; cryptographically secure passwords locally inside your browser with customizable symbol sets.","Password Generator","en","","technology","","SoftwareApplication+Breadcrumbs",481,"Low","Low","P2"
"https://freeaccuratecalculator.com/technology/subnet-calculator/",200,true,false,"INDEX,FOLLOW","https://freeaccuratecalculator.com/technology/subnet-calculator/",true,Yes,false,"IPv4 Subnet Calculator — CIDR Prefix; Netmask &amp; Usable Hosts | Free Accurate Calculator","Calculate IPv4 subnet masks; network addresses; broadcast addresses; CIDR notation; and usable IP address ranges.","Subnet Calculator","en","","technology","subnet-calculator","SoftwareApplication+Breadcrumbs",486,"Low","Low","P2"
"https://freeaccuratecalculator.com/terms-of-use/",200,true,false,"INDEX,FOLLOW","https://freeaccuratecalculator.com/terms-of-use/",true,Yes,false,"Terms of Use | Free Accurate Calculator","Read the Free Accurate Calculator Terms of Use. Guidelines on permitted usage; accuracy limitations; and financial/medical disclaimers.","Terms of Use","en","","terms-of-use","","WebPage+Breadcrumbs",510,"Low","Low","P2"
"https://freeaccuratecalculator.com/zh/",200,true,false,"INDEX,FOLLOW","https://freeaccuratecalculator.com/zh/",true,Yes,false,"免费精准计算器 — 快速、精准的在线计算工具 | Free Accurate Calculator","为财务、健康、数学及日常生活打造的工业级在线计算器。无冷启动，完全在本地浏览器运行，保障数据隐私。","精准计算，化繁为简。 快速、准确、清爽。","zh","","i18n-home","","WebPage+Breadcrumbs",559,"Low","Low","P2"